State,grid_cost_usd_per_mwh,grid_annual_cost_usd,gas_cost_usd_per_mwh,gas_annual_cost_usd,solar_cost_usd_per_mwh,solar_annual_cost_usd,hybrid_cost_usd_per_mwh,hybrid_annual_cost_usd,gas_savings_vs_grid_usd_per_mwh,gas_savings_vs_grid_annual_usd
Texas,97.89999999999999,428801999.99999994,22.722936288820495,99526460.94503377,45.13114580014867,197674418.60465118,51.1678619956174,224115235.5408042,75.1770637111795,329275539.05496615
Virginia,106.19999999999999,465155999.99999994,35.07587746529108,153632343.2979749,50.08101340403594,219354838.70967743,59.078959028537994,258765840.5449964,71.1241225347089,311523656.70202506
Arizona,127.4,558012000.0,41.69111372372888,182607078.1099325,48.21464023369919,211180124.22360247,60.60522962971106,265450905.77813444,85.70888627627113,375404921.89006746
California,270.4,1184352000.0,83.2050963659661,364438322.0829315,41.290197221412605,180851063.8297872,73.056156879234,319985967.1310449,187.1949036340339,819913677.9170685
Nevada,114.7,502386000.0,77.87240591273563,341081137.8977821,38.61968695336104,169154228.85572135,69.32077453711088,303624992.4725456,36.82759408726437,161304862.1022179
Washington,101.30000000000001,443694000.00000006,87.59275306799118,383656258.43780136,54.28361592745154,237762237.76223776,82.60727078366739,361819846.03246313,13.707246932008829,60037741.5621987
