period,state,state_id,energy_source,energy_source_description,units,retrieved_at_utc,generating_capacity_mw
2024,Alabama,AL,BAT,Battery,megawatts,2026-06-21T19:10:01.199571+00:00,2.0
2024,Alabama,AL,COL,Coal,megawatts,2026-06-21T19:10:01.199571+00:00,9456.0
2024,Alabama,AL,HYC,Hydroelectric,megawatts,2026-06-21T19:10:01.199571+00:00,6581.2
2024,Alabama,AL,NG,Natural Gas,megawatts,2026-06-21T19:10:01.199571+00:00,32399.2
2024,Alabama,AL,NGCC,Natural Gas - CC,megawatts,2026-06-21T19:10:01.199571+00:00,22276.6
2024,Alabama,AL,NGGT,Natural Gas - GT,megawatts,2026-06-21T19:10:01.199571+00:00,6569.6
2024,Alabama,AL,NGOTH,Natural Gas - OTH,megawatts,2026-06-21T19:10:01.199571+00:00,50.0
2024,Alabama,AL,NGST,Natural Gas - ST,megawatts,2026-06-21T19:10:01.199571+00:00,3503.0
2024,Alabama,AL,NUC,Nuclear,megawatts,2026-06-21T19:10:01.199571+00:00,10905.4
2024,Alabama,AL,OBM,Other Biomass,megawatts,2026-06-21T19:10:01.199571+00:00,12.8
2024,Alabama,AL,OOG,Other Gas,megawatts,2026-06-21T19:10:01.199571+00:00,7.6
2024,Alabama,AL,PET,Petroleum,megawatts,2026-06-21T19:10:01.199571+00:00,85.2
2024,Alabama,AL,PETGT,Petroleum - GT,megawatts,2026-06-21T19:10:01.199571+00:00,32.0
2024,Alabama,AL,PETIC,Petroleum - IC,megawatts,2026-06-21T19:10:01.199571+00:00,53.2
2024,Alabama,AL,SOL,Solar,megawatts,2026-06-21T19:10:01.199571+00:00,1327.0
2024,Alabama,AL,SOLPV,Solar - PV,megawatts,2026-06-21T19:10:01.199571+00:00,1327.0
2024,Alabama,AL,WOO,Wood,megawatts,2026-06-21T19:10:01.199571+00:00,1215.0
2024,Alaska,AK,BAT,Battery,megawatts,2026-06-21T19:10:01.199571+00:00,263.4
2024,Alaska,AK,COL,Coal,megawatts,2026-06-21T19:10:01.199571+00:00,335.8
2024,Alaska,AK,HYC,Hydroelectric,megawatts,2026-06-21T19:10:01.199571+00:00,952.6
2024,Alaska,AK,NG,Natural Gas,megawatts,2026-06-21T19:10:01.199571+00:00,2515.0
2024,Alaska,AK,NGCC,Natural Gas - CC,megawatts,2026-06-21T19:10:01.199571+00:00,749.2
2024,Alaska,AK,NGGT,Natural Gas - GT,megawatts,2026-06-21T19:10:01.199571+00:00,1417.0
2024,Alaska,AK,NGIC,Natural Gas - IC,megawatts,2026-06-21T19:10:01.199571+00:00,348.8
2024,Alaska,AK,OT,Other,megawatts,2026-06-21T19:10:01.199571+00:00,6.2
2024,Alaska,AK,OBM,Other Biomass,megawatts,2026-06-21T19:10:01.199571+00:00,14.0
2024,Alaska,AK,PET,Petroleum,megawatts,2026-06-21T19:10:01.199571+00:00,1486.4
2024,Alaska,AK,PETGT,Petroleum - GT,megawatts,2026-06-21T19:10:01.199571+00:00,474.0
2024,Alaska,AK,PETIC,Petroleum - IC,megawatts,2026-06-21T19:10:01.199571+00:00,910.4
2024,Alaska,AK,PETOTH,Petroleum - OTH,megawatts,2026-06-21T19:10:01.199571+00:00,102.0
2024,Alaska,AK,SOL,Solar,megawatts,2026-06-21T19:10:01.199571+00:00,15.4
2024,Alaska,AK,SOLPV,Solar - PV,megawatts,2026-06-21T19:10:01.199571+00:00,15.4
2024,Alaska,AK,WND,Wind,megawatts,2026-06-21T19:10:01.199571+00:00,118.0
2024,Arizona,AZ,BAT,Battery,megawatts,2026-06-21T19:10:01.199571+00:00,4242.0
2024,Arizona,AZ,COL,Coal,megawatts,2026-06-21T19:10:01.199571+00:00,5872.0
2024,Arizona,AZ,HYC,Hydroelectric,megawatts,2026-06-21T19:10:01.199571+00:00,5441.2
2024,Arizona,AZ,NG,Natural Gas,megawatts,2026-06-21T19:10:01.199571+00:00,29092.4
2024,Arizona,AZ,NGCC,Natural Gas - CC,megawatts,2026-06-21T19:10:01.199571+00:00,20277.2
2024,Arizona,AZ,NGGT,Natural Gas - GT,megawatts,2026-06-21T19:10:01.199571+00:00,6258.0
2024,Arizona,AZ,NGIC,Natural Gas - IC,megawatts,2026-06-21T19:10:01.199571+00:00,367.2
2024,Arizona,AZ,NGST,Natural Gas - ST,megawatts,2026-06-21T19:10:01.199571+00:00,2190.0
2024,Arizona,AZ,NUC,Nuclear,megawatts,2026-06-21T19:10:01.199571+00:00,7874.0
2024,Arizona,AZ,OBM,Other Biomass,megawatts,2026-06-21T19:10:01.199571+00:00,6.4
2024,Arizona,AZ,PET,Petroleum,megawatts,2026-06-21T19:10:01.199571+00:00,172.4
2024,Arizona,AZ,PETGT,Petroleum - GT,megawatts,2026-06-21T19:10:01.199571+00:00,169.4
2024,Arizona,AZ,PETIC,Petroleum - IC,megawatts,2026-06-21T19:10:01.199571+00:00,3.0
2024,Arizona,AZ,HPS,Pumped Storage,megawatts,2026-06-21T19:10:01.199571+00:00,432.6
2024,Arizona,AZ,SOL,Solar,megawatts,2026-06-21T19:10:01.199571+00:00,10101.6
2024,Arizona,AZ,SOLPV,Solar - PV,megawatts,2026-06-21T19:10:01.199571+00:00,9510.400000000001
2024,Arizona,AZ,SOLTH,Solar - TH,megawatts,2026-06-21T19:10:01.199571+00:00,591.2
2024,Arizona,AZ,WND,Wind,megawatts,2026-06-21T19:10:01.199571+00:00,2469.0
2024,Arizona,AZ,WOO,Wood,megawatts,2026-06-21T19:10:01.199571+00:00,49.4
2024,Arkansas,AR,BAT,Battery,megawatts,2026-06-21T19:10:01.199571+00:00,56.4
2024,Arkansas,AR,COL,Coal,megawatts,2026-06-21T19:10:01.199571+00:00,9459.2
2024,Arkansas,AR,HYC,Hydroelectric,megawatts,2026-06-21T19:10:01.199571+00:00,2529.0
2024,Arkansas,AR,NG,Natural Gas,megawatts,2026-06-21T19:10:01.199571+00:00,12028.6
2024,Arkansas,AR,NGCC,Natural Gas - CC,megawatts,2026-06-21T19:10:01.199571+00:00,9216.4
2024,Arkansas,AR,NGGT,Natural Gas - GT,megawatts,2026-06-21T19:10:01.199571+00:00,1405.6
2024,Arkansas,AR,NGIC,Natural Gas - IC,megawatts,2026-06-21T19:10:01.199571+00:00,38.6
2024,Arkansas,AR,NGST,Natural Gas - ST,megawatts,2026-06-21T19:10:01.199571+00:00,1368.0
2024,Arkansas,AR,NUC,Nuclear,megawatts,2026-06-21T19:10:01.199571+00:00,3642.0
2024,Arkansas,AR,OBM,Other Biomass,megawatts,2026-06-21T19:10:01.199571+00:00,17.6
2024,Arkansas,AR,PET,Petroleum,megawatts,2026-06-21T19:10:01.199571+00:00,18.0
2024,Arkansas,AR,PETIC,Petroleum - IC,megawatts,2026-06-21T19:10:01.199571+00:00,18.0
2024,Arkansas,AR,HPS,Pumped Storage,megawatts,2026-06-21T19:10:01.199571+00:00,60.0
2024,Arkansas,AR,SOL,Solar,megawatts,2026-06-21T19:10:01.199571+00:00,3569.0
2024,Arkansas,AR,SOLPV,Solar - PV,megawatts,2026-06-21T19:10:01.199571+00:00,3569.0
2024,Arkansas,AR,WOO,Wood,megawatts,2026-06-21T19:10:01.199571+00:00,433.8
2024,California,CA,BAT,Battery,megawatts,2026-06-21T19:10:01.199571+00:00,23434.6
2024,California,CA,COL,Coal,megawatts,2026-06-21T19:10:01.199571+00:00,114.0
2024,California,CA,GEO,Geothermal,megawatts,2026-06-21T19:10:01.199571+00:00,3762.4
2024,California,CA,HYC,Hydroelectric,megawatts,2026-06-21T19:10:01.199571+00:00,20427.199999999997
2024,California,CA,NG,Natural Gas,megawatts,2026-06-21T19:10:01.199571+00:00,72658.2
2024,California,CA,NGCC,Natural Gas - CC,megawatts,2026-06-21T19:10:01.199571+00:00,40825.2
2024,California,CA,NGGT,Natural Gas - GT,megawatts,2026-06-21T19:10:01.199571+00:00,23012.6
2024,California,CA,NGIC,Natural Gas - IC,megawatts,2026-06-21T19:10:01.199571+00:00,1052.2
2024,California,CA,NGOTH,Natural Gas - OTH,megawatts,2026-06-21T19:10:01.199571+00:00,280.2
2024,California,CA,NGST,Natural Gas - ST,megawatts,2026-06-21T19:10:01.199571+00:00,7488.0
2024,California,CA,NUC,Nuclear,megawatts,2026-06-21T19:10:01.199571+00:00,4480.0
2024,California,CA,OT,Other,megawatts,2026-06-21T19:10:01.199571+00:00,182.4
2024,California,CA,OBM,Other Biomass,megawatts,2026-06-21T19:10:01.199571+00:00,875.0
2024,California,CA,OOG,Other Gas,megawatts,2026-06-21T19:10:01.199571+00:00,425.0
2024,California,CA,PET,Petroleum,megawatts,2026-06-21T19:10:01.199571+00:00,884.4
2024,California,CA,PETGT,Petroleum - GT,megawatts,2026-06-21T19:10:01.199571+00:00,373.8
2024,California,CA,PETIC,Petroleum - IC,megawatts,2026-06-21T19:10:01.199571+00:00,510.6
2024,California,CA,HPS,Pumped Storage,megawatts,2026-06-21T19:10:01.199571+00:00,7739.8
2024,California,CA,SOL,Solar,megawatts,2026-06-21T19:10:01.199571+00:00,44566.0
2024,California,CA,SOLPV,Solar - PV,megawatts,2026-06-21T19:10:01.199571+00:00,42730.4
2024,California,CA,SOLTH,Solar - TH,megawatts,2026-06-21T19:10:01.199571+00:00,1835.6
2024,California,CA,WND,Wind,megawatts,2026-06-21T19:10:01.199571+00:00,12913.6
2024,California,CA,WOO,Wood,megawatts,2026-06-21T19:10:01.199571+00:00,1083.8
2024,Colorado,CO,BAT,Battery,megawatts,2026-06-21T19:10:01.199571+00:00,692.5999999999999
2024,Colorado,CO,COL,Coal,megawatts,2026-06-21T19:10:01.199571+00:00,7572.0
2024,Colorado,CO,HYC,Hydroelectric,megawatts,2026-06-21T19:10:01.199571+00:00,1386.4
2024,Colorado,CO,NG,Natural Gas,megawatts,2026-06-21T19:10:01.199571+00:00,13047.8
2024,Colorado,CO,NGCC,Natural Gas - CC,megawatts,2026-06-21T19:10:01.199571+00:00,6501.0
2024,Colorado,CO,NGGT,Natural Gas - GT,megawatts,2026-06-21T19:10:01.199571+00:00,5274.4
2024,Colorado,CO,NGIC,Natural Gas - IC,megawatts,2026-06-21T19:10:01.199571+00:00,458.4
2024,Colorado,CO,NGST,Natural Gas - ST,megawatts,2026-06-21T19:10:01.199571+00:00,814.0
2024,Colorado,CO,OT,Other,megawatts,2026-06-21T19:10:01.199571+00:00,12.2
2024,Colorado,CO,OBM,Other Biomass,megawatts,2026-06-21T19:10:01.199571+00:00,32.2
2024,Colorado,CO,PET,Petroleum,megawatts,2026-06-21T19:10:01.199571+00:00,301.0
2024,Colorado,CO,PETGT,Petroleum - GT,megawatts,2026-06-21T19:10:01.199571+00:00,200.0
2024,Colorado,CO,PETIC,Petroleum - IC,megawatts,2026-06-21T19:10:01.199571+00:00,101.0
2024,Colorado,CO,HPS,Pumped Storage,megawatts,2026-06-21T19:10:01.199571+00:00,1157.0
2024,Colorado,CO,SOL,Solar,megawatts,2026-06-21T19:10:01.199571+00:00,4733.4
2024,Colorado,CO,SOLPV,Solar - PV,megawatts,2026-06-21T19:10:01.199571+00:00,4733.4
2024,Colorado,CO,WND,Wind,megawatts,2026-06-21T19:10:01.199571+00:00,10673.4
2024,Colorado,CO,WOO,Wood,megawatts,2026-06-21T19:10:01.199571+00:00,25.2
2024,Connecticut,CT,BAT,Battery,megawatts,2026-06-21T19:10:01.199571+00:00,3.2
2024,Connecticut,CT,HYC,Hydroelectric,megawatts,2026-06-21T19:10:01.199571+00:00,238.4
2024,Connecticut,CT,NG,Natural Gas,megawatts,2026-06-21T19:10:01.199571+00:00,10126.6
2024,Connecticut,CT,NGCC,Natural Gas - CC,megawatts,2026-06-21T19:10:01.199571+00:00,7802.0
2024,Connecticut,CT,NGGT,Natural Gas - GT,megawatts,2026-06-21T19:10:01.199571+00:00,1183.6
2024,Connecticut,CT,NGIC,Natural Gas - IC,megawatts,2026-06-21T19:10:01.199571+00:00,31.4
2024,Connecticut,CT,NGOTH,Natural Gas - OTH,megawatts,2026-06-21T19:10:01.199571+00:00,195.39999999999998
2024,Connecticut,CT,NGST,Natural Gas - ST,megawatts,2026-06-21T19:10:01.199571+00:00,914.2
2024,Connecticut,CT,NUC,Nuclear,megawatts,2026-06-21T19:10:01.199571+00:00,4208.4
2024,Connecticut,CT,OBM,Other Biomass,megawatts,2026-06-21T19:10:01.199571+00:00,204.2
2024,Connecticut,CT,PET,Petroleum,megawatts,2026-06-21T19:10:01.199571+00:00,4419.0
2024,Connecticut,CT,PETGT,Petroleum - GT,megawatts,2026-06-21T19:10:01.199571+00:00,1791.4
2024,Connecticut,CT,PETIC,Petroleum - IC,megawatts,2026-06-21T19:10:01.199571+00:00,142.4
2024,Connecticut,CT,PETST,Petroleum - ST,megawatts,2026-06-21T19:10:01.199571+00:00,2485.2
2024,Connecticut,CT,HPS,Pumped Storage,megawatts,2026-06-21T19:10:01.199571+00:00,58.8
2024,Connecticut,CT,SOL,Solar,megawatts,2026-06-21T19:10:01.199571+00:00,644.6
2024,Connecticut,CT,SOLPV,Solar - PV,megawatts,2026-06-21T19:10:01.199571+00:00,644.6
2024,Connecticut,CT,WND,Wind,megawatts,2026-06-21T19:10:01.199571+00:00,10.0
2024,Connecticut,CT,WOO,Wood,megawatts,2026-06-21T19:10:01.199571+00:00,75.0
2024,Delaware,DE,COL,Coal,megawatts,2026-06-21T19:10:01.199571+00:00,820.0
2024,Delaware,DE,NG,Natural Gas,megawatts,2026-06-21T19:10:01.199571+00:00,5067.6
2024,Delaware,DE,NGCC,Natural Gas - CC,megawatts,2026-06-21T19:10:01.199571+00:00,2992.0
2024,Delaware,DE,NGGT,Natural Gas - GT,megawatts,2026-06-21T19:10:01.199571+00:00,628.0
2024,Delaware,DE,NGOTH,Natural Gas - OTH,megawatts,2026-06-21T19:10:01.199571+00:00,57.6
2024,Delaware,DE,NGST,Natural Gas - ST,megawatts,2026-06-21T19:10:01.199571+00:00,1390.0
2024,Delaware,DE,OBM,Other Biomass,megawatts,2026-06-21T19:10:01.199571+00:00,28.4
2024,Delaware,DE,OOG,Other Gas,megawatts,2026-06-21T19:10:01.199571+00:00,270.0
2024,Delaware,DE,PET,Petroleum,megawatts,2026-06-21T19:10:01.199571+00:00,222.2
2024,Delaware,DE,PETGT,Petroleum - GT,megawatts,2026-06-21T19:10:01.199571+00:00,222.2
2024,Delaware,DE,SOL,Solar,megawatts,2026-06-21T19:10:01.199571+00:00,193.8
2024,Delaware,DE,SOLPV,Solar - PV,megawatts,2026-06-21T19:10:01.199571+00:00,193.8
2024,Delaware,DE,WND,Wind,megawatts,2026-06-21T19:10:01.199571+00:00,4.0
2024,District of Columbia,DC,NG,Natural Gas,megawatts,2026-06-21T19:10:01.199571+00:00,41.2
2024,District of Columbia,DC,NGGT,Natural Gas - GT,megawatts,2026-06-21T19:10:01.199571+00:00,41.2
2024,District of Columbia,DC,OBM,Other Biomass,megawatts,2026-06-21T19:10:01.199571+00:00,24.0
2024,District of Columbia,DC,SOL,Solar,megawatts,2026-06-21T19:10:01.199571+00:00,58.4
2024,District of Columbia,DC,SOLPV,Solar - PV,megawatts,2026-06-21T19:10:01.199571+00:00,58.4
2024,Florida,FL,BAT,Battery,megawatts,2026-06-21T19:10:01.199571+00:00,1151.4
2024,Florida,FL,COL,Coal,megawatts,2026-06-21T19:10:01.199571+00:00,7129.4
2024,Florida,FL,HYC,Hydroelectric,megawatts,2026-06-21T19:10:01.199571+00:00,87.0
2024,Florida,FL,NG,Natural Gas,megawatts,2026-06-21T19:10:01.199571+00:00,100618.8
2024,Florida,FL,NGCC,Natural Gas - CC,megawatts,2026-06-21T19:10:01.199571+00:00,71639.4
2024,Florida,FL,NGGT,Natural Gas - GT,megawatts,2026-06-21T19:10:01.199571+00:00,17582.8
2024,Florida,FL,NGIC,Natural Gas - IC,megawatts,2026-06-21T19:10:01.199571+00:00,486.8
2024,Florida,FL,NGST,Natural Gas - ST,megawatts,2026-06-21T19:10:01.199571+00:00,10909.8
2024,Florida,FL,NUC,Nuclear,megawatts,2026-06-21T19:10:01.199571+00:00,7332.0
2024,Florida,FL,OT,Other,megawatts,2026-06-21T19:10:01.199571+00:00,625.8
2024,Florida,FL,OBM,Other Biomass,megawatts,2026-06-21T19:10:01.199571+00:00,1243.6
2024,Florida,FL,PET,Petroleum,megawatts,2026-06-21T19:10:01.199571+00:00,3193.8
2024,Florida,FL,PETGT,Petroleum - GT,megawatts,2026-06-21T19:10:01.199571+00:00,2999.0
2024,Florida,FL,PETIC,Petroleum - IC,megawatts,2026-06-21T19:10:01.199571+00:00,194.8
2024,Florida,FL,SOL,Solar,megawatts,2026-06-21T19:10:01.199571+00:00,21901.6
2024,Florida,FL,SOLPV,Solar - PV,megawatts,2026-06-21T19:10:01.199571+00:00,21901.6
2024,Florida,FL,WOO,Wood,megawatts,2026-06-21T19:10:01.199571+00:00,740.4
2024,Georgia,GA,BAT,Battery,megawatts,2026-06-21T19:10:01.199571+00:00,292.4
2024,Georgia,GA,COL,Coal,megawatts,2026-06-21T19:10:01.199571+00:00,11560.0
2024,Georgia,GA,HYC,Hydroelectric,megawatts,2026-06-21T19:10:01.199571+00:00,3970.0
2024,Georgia,GA,NG,Natural Gas,megawatts,2026-06-21T19:10:01.199571+00:00,32774.0
2024,Georgia,GA,NGCC,Natural Gas - CC,megawatts,2026-06-21T19:10:01.199571+00:00,16181.6
2024,Georgia,GA,NGGT,Natural Gas - GT,megawatts,2026-06-21T19:10:01.199571+00:00,14892.2
2024,Georgia,GA,NGIC,Natural Gas - IC,megawatts,2026-06-21T19:10:01.199571+00:00,14.0
2024,Georgia,GA,NGOTH,Natural Gas - OTH,megawatts,2026-06-21T19:10:01.199571+00:00,0.4
2024,Georgia,GA,NGST,Natural Gas - ST,megawatts,2026-06-21T19:10:01.199571+00:00,1685.8
2024,Georgia,GA,NUC,Nuclear,megawatts,2026-06-21T19:10:01.199571+00:00,12578.0
2024,Georgia,GA,OBM,Other Biomass,megawatts,2026-06-21T19:10:01.199571+00:00,111.6
2024,Georgia,GA,PET,Petroleum,megawatts,2026-06-21T19:10:01.199571+00:00,2383.0
2024,Georgia,GA,PETGT,Petroleum - GT,megawatts,2026-06-21T19:10:01.199571+00:00,2014.0
2024,Georgia,GA,PETIC,Petroleum - IC,megawatts,2026-06-21T19:10:01.199571+00:00,201.39999999999998
2024,Georgia,GA,PETST,Petroleum - ST,megawatts,2026-06-21T19:10:01.199571+00:00,167.6
2024,Georgia,GA,HPS,Pumped Storage,megawatts,2026-06-21T19:10:01.199571+00:00,3794.8
2024,Georgia,GA,SOL,Solar,megawatts,2026-06-21T19:10:01.199571+00:00,10005.599999999999
2024,Georgia,GA,SOLPV,Solar - PV,megawatts,2026-06-21T19:10:01.199571+00:00,10005.599999999999
2024,Georgia,GA,WOO,Wood,megawatts,2026-06-21T19:10:01.199571+00:00,2022.6
2024,Hawaii,HI,BAT,Battery,megawatts,2026-06-21T19:10:01.199571+00:00,865.8
2024,Hawaii,HI,GEO,Geothermal,megawatts,2026-06-21T19:10:01.199571+00:00,86.0
2024,Hawaii,HI,HYC,Hydroelectric,megawatts,2026-06-21T19:10:01.199571+00:00,64.80000000000001
2024,Hawaii,HI,OBM,Other Biomass,megawatts,2026-06-21T19:10:01.199571+00:00,307.8
2024,Hawaii,HI,PET,Petroleum,megawatts,2026-06-21T19:10:01.199571+00:00,4016.8
2024,Hawaii,HI,PETGT,Petroleum - GT,megawatts,2026-06-21T19:10:01.199571+00:00,729.2
2024,Hawaii,HI,PETIC,Petroleum - IC,megawatts,2026-06-21T19:10:01.199571+00:00,372.0
2024,Hawaii,HI,PETOTH,Petroleum - OTH,megawatts,2026-06-21T19:10:01.199571+00:00,879.2
2024,Hawaii,HI,PETST,Petroleum - ST,megawatts,2026-06-21T19:10:01.199571+00:00,2036.4
2024,Hawaii,HI,SOL,Solar,megawatts,2026-06-21T19:10:01.199571+00:00,931.0
2024,Hawaii,HI,SOLPV,Solar - PV,megawatts,2026-06-21T19:10:01.199571+00:00,931.0
2024,Hawaii,HI,WND,Wind,megawatts,2026-06-21T19:10:01.199571+00:00,466.4
2024,Idaho,ID,BAT,Battery,megawatts,2026-06-21T19:10:01.199571+00:00,80.0
2024,Idaho,ID,GEO,Geothermal,megawatts,2026-06-21T19:10:01.199571+00:00,20.0
2024,Idaho,ID,HYC,Hydroelectric,megawatts,2026-06-21T19:10:01.199571+00:00,5307.6
2024,Idaho,ID,NG,Natural Gas,megawatts,2026-06-21T19:10:01.199571+00:00,2211.8
2024,Idaho,ID,NGCC,Natural Gas - CC,megawatts,2026-06-21T19:10:01.199571+00:00,1031.0
2024,Idaho,ID,NGGT,Natural Gas - GT,megawatts,2026-06-21T19:10:01.199571+00:00,1147.4
2024,Idaho,ID,NGST,Natural Gas - ST,megawatts,2026-06-21T19:10:01.199571+00:00,33.4
2024,Idaho,ID,OT,Other,megawatts,2026-06-21T19:10:01.199571+00:00,29.6
2024,Idaho,ID,OBM,Other Biomass,megawatts,2026-06-21T19:10:01.199571+00:00,43.0
2024,Idaho,ID,PET,Petroleum,megawatts,2026-06-21T19:10:01.199571+00:00,11.2
2024,Idaho,ID,PETIC,Petroleum - IC,megawatts,2026-06-21T19:10:01.199571+00:00,11.2
2024,Idaho,ID,SOL,Solar,megawatts,2026-06-21T19:10:01.199571+00:00,1003.2
2024,Idaho,ID,SOLPV,Solar - PV,megawatts,2026-06-21T19:10:01.199571+00:00,1003.2
2024,Idaho,ID,WND,Wind,megawatts,2026-06-21T19:10:01.199571+00:00,2256.6
2024,Idaho,ID,WOO,Wood,megawatts,2026-06-21T19:10:01.199571+00:00,132.2
2024,Illinois,IL,BAT,Battery,megawatts,2026-06-21T19:10:01.199571+00:00,200.6
2024,Illinois,IL,COL,Coal,megawatts,2026-06-21T19:10:01.199571+00:00,13389.0
2024,Illinois,IL,HYC,Hydroelectric,megawatts,2026-06-21T19:10:01.199571+00:00,65.8
2024,Illinois,IL,NG,Natural Gas,megawatts,2026-06-21T19:10:01.199571+00:00,32385.800000000003
2024,Illinois,IL,NGCC,Natural Gas - CC,megawatts,2026-06-21T19:10:01.199571+00:00,10905.8
2024,Illinois,IL,NGGT,Natural Gas - GT,megawatts,2026-06-21T19:10:01.199571+00:00,20734.0
2024,Illinois,IL,NGIC,Natural Gas - IC,megawatts,2026-06-21T19:10:01.199571+00:00,369.0
2024,Illinois,IL,NGST,Natural Gas - ST,megawatts,2026-06-21T19:10:01.199571+00:00,377.0
2024,Illinois,IL,NUC,Nuclear,megawatts,2026-06-21T19:10:01.199571+00:00,23183.2
2024,Illinois,IL,OT,Other,megawatts,2026-06-21T19:10:01.199571+00:00,156.0
2024,Illinois,IL,OBM,Other Biomass,megawatts,2026-06-21T19:10:01.199571+00:00,110.4
2024,Illinois,IL,OOG,Other Gas,megawatts,2026-06-21T19:10:01.199571+00:00,73.0
2024,Illinois,IL,PET,Petroleum,megawatts,2026-06-21T19:10:01.199571+00:00,1329.8
2024,Illinois,IL,PETGT,Petroleum - GT,megawatts,2026-06-21T19:10:01.199571+00:00,722.4
2024,Illinois,IL,PETIC,Petroleum - IC,megawatts,2026-06-21T19:10:01.199571+00:00,607.4
2024,Illinois,IL,SOL,Solar,megawatts,2026-06-21T19:10:01.199571+00:00,5917.4
2024,Illinois,IL,SOLPV,Solar - PV,megawatts,2026-06-21T19:10:01.199571+00:00,5917.4
2024,Illinois,IL,WND,Wind,megawatts,2026-06-21T19:10:01.199571+00:00,15747.4
2024,Indiana,IN,BAT,Battery,megawatts,2026-06-21T19:10:01.199571+00:00,162.0
2024,Indiana,IN,COL,Coal,megawatts,2026-06-21T19:10:01.199571+00:00,25442.8
2024,Indiana,IN,HYC,Hydroelectric,megawatts,2026-06-21T19:10:01.199571+00:00,143.2
2024,Indiana,IN,NG,Natural Gas,megawatts,2026-06-21T19:10:01.199571+00:00,16455.0
2024,Indiana,IN,NGCC,Natural Gas - CC,megawatts,2026-06-21T19:10:01.199571+00:00,7784.6
2024,Indiana,IN,NGGT,Natural Gas - GT,megawatts,2026-06-21T19:10:01.199571+00:00,6686.0
2024,Indiana,IN,NGIC,Natural Gas - IC,megawatts,2026-06-21T19:10:01.199571+00:00,76.4
2024,Indiana,IN,NGST,Natural Gas - ST,megawatts,2026-06-21T19:10:01.199571+00:00,1908.0
2024,Indiana,IN,OT,Other,megawatts,2026-06-21T19:10:01.199571+00:00,176.0
2024,Indiana,IN,OBM,Other Biomass,megawatts,2026-06-21T19:10:01.199571+00:00,97.2
2024,Indiana,IN,OOG,Other Gas,megawatts,2026-06-21T19:10:01.199571+00:00,768.2
2024,Indiana,IN,PET,Petroleum,megawatts,2026-06-21T19:10:01.199571+00:00,170.6
2024,Indiana,IN,PETGT,Petroleum - GT,megawatts,2026-06-21T19:10:01.199571+00:00,74.0
2024,Indiana,IN,PETIC,Petroleum - IC,megawatts,2026-06-21T19:10:01.199571+00:00,96.6
2024,Indiana,IN,SOL,Solar,megawatts,2026-06-21T19:10:01.199571+00:00,4980.0
2024,Indiana,IN,SOLPV,Solar - PV,megawatts,2026-06-21T19:10:01.199571+00:00,4980.0
2024,Indiana,IN,WND,Wind,megawatts,2026-06-21T19:10:01.199571+00:00,7278.2
2024,Iowa,IA,BAT,Battery,megawatts,2026-06-21T19:10:01.199571+00:00,20.6
2024,Iowa,IA,COL,Coal,megawatts,2026-06-21T19:10:01.199571+00:00,9665.8
2024,Iowa,IA,HYC,Hydroelectric,megawatts,2026-06-21T19:10:01.199571+00:00,418.79999999999995
2024,Iowa,IA,NG,Natural Gas,megawatts,2026-06-21T19:10:01.199571+00:00,7558.6
2024,Iowa,IA,NGCC,Natural Gas - CC,megawatts,2026-06-21T19:10:01.199571+00:00,3497.4
2024,Iowa,IA,NGGT,Natural Gas - GT,megawatts,2026-06-21T19:10:01.199571+00:00,2497.8
2024,Iowa,IA,NGIC,Natural Gas - IC,megawatts,2026-06-21T19:10:01.199571+00:00,341.0
2024,Iowa,IA,NGST,Natural Gas - ST,megawatts,2026-06-21T19:10:01.199571+00:00,1222.4
2024,Iowa,IA,OBM,Other Biomass,megawatts,2026-06-21T19:10:01.199571+00:00,41.2
2024,Iowa,IA,PET,Petroleum,megawatts,2026-06-21T19:10:01.199571+00:00,1664.4
2024,Iowa,IA,PETGT,Petroleum - GT,megawatts,2026-06-21T19:10:01.199571+00:00,406.8
2024,Iowa,IA,PETIC,Petroleum - IC,megawatts,2026-06-21T19:10:01.199571+00:00,1193.6
2024,Iowa,IA,PETST,Petroleum - ST,megawatts,2026-06-21T19:10:01.199571+00:00,64.0
2024,Iowa,IA,SOL,Solar,megawatts,2026-06-21T19:10:01.199571+00:00,1352.1999999999998
2024,Iowa,IA,SOLPV,Solar - PV,megawatts,2026-06-21T19:10:01.199571+00:00,1352.1999999999998
2024,Iowa,IA,WND,Wind,megawatts,2026-06-21T19:10:01.199571+00:00,25731.0
2024,Kansas,KS,COL,Coal,megawatts,2026-06-21T19:10:01.199571+00:00,9390.0
2024,Kansas,KS,HYC,Hydroelectric,megawatts,2026-06-21T19:10:01.199571+00:00,14.0
2024,Kansas,KS,NG,Natural Gas,megawatts,2026-06-21T19:10:01.199571+00:00,7637.6
2024,Kansas,KS,NGCC,Natural Gas - CC,megawatts,2026-06-21T19:10:01.199571+00:00,494.0
2024,Kansas,KS,NGGT,Natural Gas - GT,megawatts,2026-06-21T19:10:01.199571+00:00,4347.2
2024,Kansas,KS,NGIC,Natural Gas - IC,megawatts,2026-06-21T19:10:01.199571+00:00,1184.8
2024,Kansas,KS,NGST,Natural Gas - ST,megawatts,2026-06-21T19:10:01.199571+00:00,1611.6
2024,Kansas,KS,NUC,Nuclear,megawatts,2026-06-21T19:10:01.199571+00:00,2353.4
2024,Kansas,KS,OT,Other,megawatts,2026-06-21T19:10:01.199571+00:00,1.6
2024,Kansas,KS,OBM,Other Biomass,megawatts,2026-06-21T19:10:01.199571+00:00,18.0
2024,Kansas,KS,PET,Petroleum,megawatts,2026-06-21T19:10:01.199571+00:00,1080.2
2024,Kansas,KS,PETGT,Petroleum - GT,megawatts,2026-06-21T19:10:01.199571+00:00,431.0
2024,Kansas,KS,PETIC,Petroleum - IC,megawatts,2026-06-21T19:10:01.199571+00:00,649.2
2024,Kansas,KS,SOL,Solar,megawatts,2026-06-21T19:10:01.199571+00:00,131.6
2024,Kansas,KS,SOLPV,Solar - PV,megawatts,2026-06-21T19:10:01.199571+00:00,131.6
2024,Kansas,KS,WND,Wind,megawatts,2026-06-21T19:10:01.199571+00:00,18085.4
2024,Kentucky,KY,COL,Coal,megawatts,2026-06-21T19:10:01.199571+00:00,17262.0
2024,Kentucky,KY,HYC,Hydroelectric,megawatts,2026-06-21T19:10:01.199571+00:00,2274.8
2024,Kentucky,KY,NG,Natural Gas,megawatts,2026-06-21T19:10:01.199571+00:00,16209.2
2024,Kentucky,KY,NGCC,Natural Gas - CC,megawatts,2026-06-21T19:10:01.199571+00:00,3582.0
2024,Kentucky,KY,NGGT,Natural Gas - GT,megawatts,2026-06-21T19:10:01.199571+00:00,11199.2
2024,Kentucky,KY,NGST,Natural Gas - ST,megawatts,2026-06-21T19:10:01.199571+00:00,1428.0
2024,Kentucky,KY,OBM,Other Biomass,megawatts,2026-06-21T19:10:01.199571+00:00,36.4
2024,Kentucky,KY,PET,Petroleum,megawatts,2026-06-21T19:10:01.199571+00:00,21.6
2024,Kentucky,KY,PETIC,Petroleum - IC,megawatts,2026-06-21T19:10:01.199571+00:00,21.6
2024,Kentucky,KY,SOL,Solar,megawatts,2026-06-21T19:10:01.199571+00:00,852.2
2024,Kentucky,KY,SOLPV,Solar - PV,megawatts,2026-06-21T19:10:01.199571+00:00,852.2
2024,Kentucky,KY,WOO,Wood,megawatts,2026-06-21T19:10:01.199571+00:00,104.6
2024,Louisiana,LA,COL,Coal,megawatts,2026-06-21T19:10:01.199571+00:00,4243.2
2024,Louisiana,LA,HYC,Hydroelectric,megawatts,2026-06-21T19:10:01.199571+00:00,384.0
2024,Louisiana,LA,NG,Natural Gas,megawatts,2026-06-21T19:10:01.199571+00:00,35003.8
2024,Louisiana,LA,NGCC,Natural Gas - CC,megawatts,2026-06-21T19:10:01.199571+00:00,18808.4
2024,Louisiana,LA,NGGT,Natural Gas - GT,megawatts,2026-06-21T19:10:01.199571+00:00,5690.0
2024,Louisiana,LA,NGIC,Natural Gas - IC,megawatts,2026-06-21T19:10:01.199571+00:00,433.0
2024,Louisiana,LA,NGST,Natural Gas - ST,megawatts,2026-06-21T19:10:01.199571+00:00,10072.4
2024,Louisiana,LA,NUC,Nuclear,megawatts,2026-06-21T19:10:01.199571+00:00,4103.0
2024,Louisiana,LA,OT,Other,megawatts,2026-06-21T19:10:01.199571+00:00,713.6
2024,Louisiana,LA,OBM,Other Biomass,megawatts,2026-06-21T19:10:01.199571+00:00,24.2
2024,Louisiana,LA,OOG,Other Gas,megawatts,2026-06-21T19:10:01.199571+00:00,335.2
2024,Louisiana,LA,PET,Petroleum,megawatts,2026-06-21T19:10:01.199571+00:00,1685.2
2024,Louisiana,LA,PETGT,Petroleum - GT,megawatts,2026-06-21T19:10:01.199571+00:00,64.2
2024,Louisiana,LA,PETIC,Petroleum - IC,megawatts,2026-06-21T19:10:01.199571+00:00,35.2
2024,Louisiana,LA,PETST,Petroleum - ST,megawatts,2026-06-21T19:10:01.199571+00:00,1585.8
2024,Louisiana,LA,SOL,Solar,megawatts,2026-06-21T19:10:01.199571+00:00,2105.2
2024,Louisiana,LA,SOLPV,Solar - PV,megawatts,2026-06-21T19:10:01.199571+00:00,2105.2
2024,Louisiana,LA,WOO,Wood,megawatts,2026-06-21T19:10:01.199571+00:00,816.0
2024,Maine,ME,BAT,Battery,megawatts,2026-06-21T19:10:01.199571+00:00,124.6
2024,Maine,ME,HYC,Hydroelectric,megawatts,2026-06-21T19:10:01.199571+00:00,1451.6
2024,Maine,ME,NG,Natural Gas,megawatts,2026-06-21T19:10:01.199571+00:00,3168.4
2024,Maine,ME,NGCC,Natural Gas - CC,megawatts,2026-06-21T19:10:01.199571+00:00,2544.4
2024,Maine,ME,NGGT,Natural Gas - GT,megawatts,2026-06-21T19:10:01.199571+00:00,624.0
2024,Maine,ME,OT,Other,megawatts,2026-06-21T19:10:01.199571+00:00,44.0
2024,Maine,ME,OBM,Other Biomass,megawatts,2026-06-21T19:10:01.199571+00:00,77.2
2024,Maine,ME,PET,Petroleum,megawatts,2026-06-21T19:10:01.199571+00:00,1689.4
2024,Maine,ME,PETGT,Petroleum - GT,megawatts,2026-06-21T19:10:01.199571+00:00,64.0
2024,Maine,ME,PETIC,Petroleum - IC,megawatts,2026-06-21T19:10:01.199571+00:00,3.6
2024,Maine,ME,PETST,Petroleum - ST,megawatts,2026-06-21T19:10:01.199571+00:00,1621.8
2024,Maine,ME,SOL,Solar,megawatts,2026-06-21T19:10:01.199571+00:00,1658.4
2024,Maine,ME,SOLPV,Solar - PV,megawatts,2026-06-21T19:10:01.199571+00:00,1658.4
2024,Maine,ME,WND,Wind,megawatts,2026-06-21T19:10:01.199571+00:00,2059.0
2024,Maine,ME,WOO,Wood,megawatts,2026-06-21T19:10:01.199571+00:00,900.0
2024,Maryland,MD,BAT,Battery,megawatts,2026-06-21T19:10:01.199571+00:00,18.799999999999997
2024,Maryland,MD,COL,Coal,megawatts,2026-06-21T19:10:01.199571+00:00,2546.0
2024,Maryland,MD,HYC,Hydroelectric,megawatts,2026-06-21T19:10:01.199571+00:00,1029.8
2024,Maryland,MD,NG,Natural Gas,megawatts,2026-06-21T19:10:01.199571+00:00,11258.2
2024,Maryland,MD,NGCC,Natural Gas - CC,megawatts,2026-06-21T19:10:01.199571+00:00,5482.2
2024,Maryland,MD,NGGT,Natural Gas - GT,megawatts,2026-06-21T19:10:01.199571+00:00,3350.8
2024,Maryland,MD,NGIC,Natural Gas - IC,megawatts,2026-06-21T19:10:01.199571+00:00,23.0
2024,Maryland,MD,NGST,Natural Gas - ST,megawatts,2026-06-21T19:10:01.199571+00:00,2402.2
2024,Maryland,MD,NUC,Nuclear,megawatts,2026-06-21T19:10:01.199571+00:00,3490.4
2024,Maryland,MD,OBM,Other Biomass,megawatts,2026-06-21T19:10:01.199571+00:00,274.6
2024,Maryland,MD,PET,Petroleum,megawatts,2026-06-21T19:10:01.199571+00:00,3092.6000000000004
2024,Maryland,MD,PETGT,Petroleum - GT,megawatts,2026-06-21T19:10:01.199571+00:00,966.2
2024,Maryland,MD,PETIC,Petroleum - IC,megawatts,2026-06-21T19:10:01.199571+00:00,164.4
2024,Maryland,MD,PETST,Petroleum - ST,megawatts,2026-06-21T19:10:01.199571+00:00,1962.0
2024,Maryland,MD,SOL,Solar,megawatts,2026-06-21T19:10:01.199571+00:00,1342.8
2024,Maryland,MD,SOLPV,Solar - PV,megawatts,2026-06-21T19:10:01.199571+00:00,1342.8
2024,Maryland,MD,WND,Wind,megawatts,2026-06-21T19:10:01.199571+00:00,380.0
2024,Maryland,MD,WOO,Wood,megawatts,2026-06-21T19:10:01.199571+00:00,2.6
2024,Massachusetts,MA,BAT,Battery,megawatts,2026-06-21T19:10:01.199571+00:00,611.8
2024,Massachusetts,MA,HYC,Hydroelectric,megawatts,2026-06-21T19:10:01.199571+00:00,534.4
2024,Massachusetts,MA,NG,Natural Gas,megawatts,2026-06-21T19:10:01.199571+00:00,10034.0
2024,Massachusetts,MA,NGCC,Natural Gas - CC,megawatts,2026-06-21T19:10:01.199571+00:00,8774.6
2024,Massachusetts,MA,NGGT,Natural Gas - GT,megawatts,2026-06-21T19:10:01.199571+00:00,1072.6
2024,Massachusetts,MA,NGIC,Natural Gas - IC,megawatts,2026-06-21T19:10:01.199571+00:00,80.0
2024,Massachusetts,MA,NGOTH,Natural Gas - OTH,megawatts,2026-06-21T19:10:01.199571+00:00,15.0
2024,Massachusetts,MA,NGST,Natural Gas - ST,megawatts,2026-06-21T19:10:01.199571+00:00,91.8
2024,Massachusetts,MA,OBM,Other Biomass,megawatts,2026-06-21T19:10:01.199571+00:00,516.4
2024,Massachusetts,MA,PET,Petroleum,megawatts,2026-06-21T19:10:01.199571+00:00,4551.8
2024,Massachusetts,MA,PETGT,Petroleum - GT,megawatts,2026-06-21T19:10:01.199571+00:00,1477.8
2024,Massachusetts,MA,PETIC,Petroleum - IC,megawatts,2026-06-21T19:10:01.199571+00:00,226.2
2024,Massachusetts,MA,PETOTH,Petroleum - OTH,megawatts,2026-06-21T19:10:01.199571+00:00,610.2
2024,Massachusetts,MA,PETST,Petroleum - ST,megawatts,2026-06-21T19:10:01.199571+00:00,2237.6
2024,Massachusetts,MA,HPS,Pumped Storage,megawatts,2026-06-21T19:10:01.199571+00:00,3668.0
2024,Massachusetts,MA,SOL,Solar,megawatts,2026-06-21T19:10:01.199571+00:00,2861.0
2024,Massachusetts,MA,SOLPV,Solar - PV,megawatts,2026-06-21T19:10:01.199571+00:00,2861.0
2024,Massachusetts,MA,WND,Wind,megawatts,2026-06-21T19:10:01.199571+00:00,203.6
2024,Massachusetts,MA,WOO,Wood,megawatts,2026-06-21T19:10:01.199571+00:00,29.8
2024,Michigan,MI,BAT,Battery,megawatts,2026-06-21T19:10:01.199571+00:00,2.6
2024,Michigan,MI,COL,Coal,megawatts,2026-06-21T19:10:01.199571+00:00,11464.6
2024,Michigan,MI,HYC,Hydroelectric,megawatts,2026-06-21T19:10:01.199571+00:00,527.0
2024,Michigan,MI,NG,Natural Gas,megawatts,2026-06-21T19:10:01.199571+00:00,27560.8
2024,Michigan,MI,NGCC,Natural Gas - CC,megawatts,2026-06-21T19:10:01.199571+00:00,15377.8
2024,Michigan,MI,NGGT,Natural Gas - GT,megawatts,2026-06-21T19:10:01.199571+00:00,7110.0
2024,Michigan,MI,NGIC,Natural Gas - IC,megawatts,2026-06-21T19:10:01.199571+00:00,773.6
2024,Michigan,MI,NGST,Natural Gas - ST,megawatts,2026-06-21T19:10:01.199571+00:00,4299.4
2024,Michigan,MI,NUC,Nuclear,megawatts,2026-06-21T19:10:01.199571+00:00,8173.0
2024,Michigan,MI,OBM,Other Biomass,megawatts,2026-06-21T19:10:01.199571+00:00,311.4
2024,Michigan,MI,OOG,Other Gas,megawatts,2026-06-21T19:10:01.199571+00:00,500.0
2024,Michigan,MI,PET,Petroleum,megawatts,2026-06-21T19:10:01.199571+00:00,870.0
2024,Michigan,MI,PETGT,Petroleum - GT,megawatts,2026-06-21T19:10:01.199571+00:00,396.6
2024,Michigan,MI,PETIC,Petroleum - IC,megawatts,2026-06-21T19:10:01.199571+00:00,379.0
2024,Michigan,MI,PETST,Petroleum - ST,megawatts,2026-06-21T19:10:01.199571+00:00,94.4
2024,Michigan,MI,HPS,Pumped Storage,megawatts,2026-06-21T19:10:01.199571+00:00,4359.6
2024,Michigan,MI,SOL,Solar,megawatts,2026-06-21T19:10:01.199571+00:00,2316.0
2024,Michigan,MI,SOLPV,Solar - PV,megawatts,2026-06-21T19:10:01.199571+00:00,2316.0
2024,Michigan,MI,WND,Wind,megawatts,2026-06-21T19:10:01.199571+00:00,7548.6
2024,Michigan,MI,WOO,Wood,megawatts,2026-06-21T19:10:01.199571+00:00,645.2
2024,Minnesota,MN,BAT,Battery,megawatts,2026-06-21T19:10:01.199571+00:00,42.0
2024,Minnesota,MN,COL,Coal,megawatts,2026-06-21T19:10:01.199571+00:00,6271.0
2024,Minnesota,MN,HYC,Hydroelectric,megawatts,2026-06-21T19:10:01.199571+00:00,424.0
2024,Minnesota,MN,NG,Natural Gas,megawatts,2026-06-21T19:10:01.199571+00:00,11062.8
2024,Minnesota,MN,NGCC,Natural Gas - CC,megawatts,2026-06-21T19:10:01.199571+00:00,5065.8
2024,Minnesota,MN,NGGT,Natural Gas - GT,megawatts,2026-06-21T19:10:01.199571+00:00,5140.8
2024,Minnesota,MN,NGIC,Natural Gas - IC,megawatts,2026-06-21T19:10:01.199571+00:00,461.6
2024,Minnesota,MN,NGST,Natural Gas - ST,megawatts,2026-06-21T19:10:01.199571+00:00,394.6
2024,Minnesota,MN,NUC,Nuclear,megawatts,2026-06-21T19:10:01.199571+00:00,3314.0
2024,Minnesota,MN,OT,Other,megawatts,2026-06-21T19:10:01.199571+00:00,12.2
2024,Minnesota,MN,OBM,Other Biomass,megawatts,2026-06-21T19:10:01.199571+00:00,221.2
2024,Minnesota,MN,PET,Petroleum,megawatts,2026-06-21T19:10:01.199571+00:00,1579.8
2024,Minnesota,MN,PETGT,Petroleum - GT,megawatts,2026-06-21T19:10:01.199571+00:00,740.6
2024,Minnesota,MN,PETIC,Petroleum - IC,megawatts,2026-06-21T19:10:01.199571+00:00,839.2
2024,Minnesota,MN,SOL,Solar,megawatts,2026-06-21T19:10:01.199571+00:00,3283.4
2024,Minnesota,MN,SOLPV,Solar - PV,megawatts,2026-06-21T19:10:01.199571+00:00,3283.4
2024,Minnesota,MN,WND,Wind,megawatts,2026-06-21T19:10:01.199571+00:00,9802.8
2024,Minnesota,MN,WOO,Wood,megawatts,2026-06-21T19:10:01.199571+00:00,412.0
2024,Mississippi,MS,BAT,Battery,megawatts,2026-06-21T19:10:01.199571+00:00,103.0
2024,Mississippi,MS,COL,Coal,megawatts,2026-06-21T19:10:01.199571+00:00,2888.0
2024,Mississippi,MS,NG,Natural Gas,megawatts,2026-06-21T19:10:01.199571+00:00,22716.6
2024,Mississippi,MS,NGCC,Natural Gas - CC,megawatts,2026-06-21T19:10:01.199571+00:00,16901.4
2024,Mississippi,MS,NGGT,Natural Gas - GT,megawatts,2026-06-21T19:10:01.199571+00:00,2790.6
2024,Mississippi,MS,NGIC,Natural Gas - IC,megawatts,2026-06-21T19:10:01.199571+00:00,51.6
2024,Mississippi,MS,NGST,Natural Gas - ST,megawatts,2026-06-21T19:10:01.199571+00:00,2973.0
2024,Mississippi,MS,NUC,Nuclear,megawatts,2026-06-21T19:10:01.199571+00:00,2780.6
2024,Mississippi,MS,OT,Other,megawatts,2026-06-21T19:10:01.199571+00:00,2.8
2024,Mississippi,MS,OBM,Other Biomass,megawatts,2026-06-21T19:10:01.199571+00:00,3.2
2024,Mississippi,MS,PET,Petroleum,megawatts,2026-06-21T19:10:01.199571+00:00,18.0
2024,Mississippi,MS,PETIC,Petroleum - IC,megawatts,2026-06-21T19:10:01.199571+00:00,18.0
2024,Mississippi,MS,SOL,Solar,megawatts,2026-06-21T19:10:01.199571+00:00,2439.4
2024,Mississippi,MS,SOLPV,Solar - PV,megawatts,2026-06-21T19:10:01.199571+00:00,2439.4
2024,Mississippi,MS,WND,Wind,megawatts,2026-06-21T19:10:01.199571+00:00,369.0
2024,Mississippi,MS,WOO,Wood,megawatts,2026-06-21T19:10:01.199571+00:00,601.6
2024,Missouri,MO,BAT,Battery,megawatts,2026-06-21T19:10:01.199571+00:00,2.0
2024,Missouri,MO,COL,Coal,megawatts,2026-06-21T19:10:01.199571+00:00,17078.4
2024,Missouri,MO,HYC,Hydroelectric,megawatts,2026-06-21T19:10:01.199571+00:00,1097.0
2024,Missouri,MO,NG,Natural Gas,megawatts,2026-06-21T19:10:01.199571+00:00,11092.4
2024,Missouri,MO,NGCC,Natural Gas - CC,megawatts,2026-06-21T19:10:01.199571+00:00,3778.4
2024,Missouri,MO,NGGT,Natural Gas - GT,megawatts,2026-06-21T19:10:01.199571+00:00,6647.8
2024,Missouri,MO,NGIC,Natural Gas - IC,megawatts,2026-06-21T19:10:01.199571+00:00,152.0
2024,Missouri,MO,NGST,Natural Gas - ST,megawatts,2026-06-21T19:10:01.199571+00:00,514.2
2024,Missouri,MO,NUC,Nuclear,megawatts,2026-06-21T19:10:01.199571+00:00,2380.0
2024,Missouri,MO,OBM,Other Biomass,megawatts,2026-06-21T19:10:01.199571+00:00,28.0
2024,Missouri,MO,PET,Petroleum,megawatts,2026-06-21T19:10:01.199571+00:00,2120.8
2024,Missouri,MO,PETGT,Petroleum - GT,megawatts,2026-06-21T19:10:01.199571+00:00,1552.4
2024,Missouri,MO,PETIC,Petroleum - IC,megawatts,2026-06-21T19:10:01.199571+00:00,568.4
2024,Missouri,MO,HPS,Pumped Storage,megawatts,2026-06-21T19:10:01.199571+00:00,1314.0
2024,Missouri,MO,SOL,Solar,megawatts,2026-06-21T19:10:01.199571+00:00,939.6
2024,Missouri,MO,SOLPV,Solar - PV,megawatts,2026-06-21T19:10:01.199571+00:00,939.6
2024,Missouri,MO,WND,Wind,megawatts,2026-06-21T19:10:01.199571+00:00,4785.799999999999
2024,Montana,MT,COL,Coal,megawatts,2026-06-21T19:10:01.199571+00:00,3253.0
2024,Montana,MT,HYC,Hydroelectric,megawatts,2026-06-21T19:10:01.199571+00:00,5668.2
2024,Montana,MT,NG,Natural Gas,megawatts,2026-06-21T19:10:01.199571+00:00,1107.2
2024,Montana,MT,NGGT,Natural Gas - GT,megawatts,2026-06-21T19:10:01.199571+00:00,631.6
2024,Montana,MT,NGIC,Natural Gas - IC,megawatts,2026-06-21T19:10:01.199571+00:00,475.6
2024,Montana,MT,OT,Other,megawatts,2026-06-21T19:10:01.199571+00:00,80.0
2024,Montana,MT,OBM,Other Biomass,megawatts,2026-06-21T19:10:01.199571+00:00,6.4
2024,Montana,MT,OOG,Other Gas,megawatts,2026-06-21T19:10:01.199571+00:00,3.0
2024,Montana,MT,PET,Petroleum,megawatts,2026-06-21T19:10:01.199571+00:00,104.0
2024,Montana,MT,PETST,Petroleum - ST,megawatts,2026-06-21T19:10:01.199571+00:00,104.0
2024,Montana,MT,SOL,Solar,megawatts,2026-06-21T19:10:01.199571+00:00,358.0
2024,Montana,MT,SOLPV,Solar - PV,megawatts,2026-06-21T19:10:01.199571+00:00,358.0
2024,Montana,MT,WND,Wind,megawatts,2026-06-21T19:10:01.199571+00:00,3779.2
2024,Montana,MT,WOO,Wood,megawatts,2026-06-21T19:10:01.199571+00:00,6.0
2024,Nebraska,NE,BAT,Battery,megawatts,2026-06-21T19:10:01.199571+00:00,9.8
2024,Nebraska,NE,COL,Coal,megawatts,2026-06-21T19:10:01.199571+00:00,7635.8
2024,Nebraska,NE,HYC,Hydroelectric,megawatts,2026-06-21T19:10:01.199571+00:00,557.6
2024,Nebraska,NE,NG,Natural Gas,megawatts,2026-06-21T19:10:01.199571+00:00,3914.0
2024,Nebraska,NE,NGCC,Natural Gas - CC,megawatts,2026-06-21T19:10:01.199571+00:00,677.8
2024,Nebraska,NE,NGGT,Natural Gas - GT,megawatts,2026-06-21T19:10:01.199571+00:00,2209.6
2024,Nebraska,NE,NGIC,Natural Gas - IC,megawatts,2026-06-21T19:10:01.199571+00:00,243.0
2024,Nebraska,NE,NGST,Natural Gas - ST,megawatts,2026-06-21T19:10:01.199571+00:00,783.6
2024,Nebraska,NE,NUC,Nuclear,megawatts,2026-06-21T19:10:01.199571+00:00,1537.0
2024,Nebraska,NE,OBM,Other Biomass,megawatts,2026-06-21T19:10:01.199571+00:00,28.0
2024,Nebraska,NE,PET,Petroleum,megawatts,2026-06-21T19:10:01.199571+00:00,747.4
2024,Nebraska,NE,PETGT,Petroleum - GT,megawatts,2026-06-21T19:10:01.199571+00:00,498.6
2024,Nebraska,NE,PETIC,Petroleum - IC,megawatts,2026-06-21T19:10:01.199571+00:00,248.8
2024,Nebraska,NE,SOL,Solar,megawatts,2026-06-21T19:10:01.199571+00:00,273.0
2024,Nebraska,NE,SOLPV,Solar - PV,megawatts,2026-06-21T19:10:01.199571+00:00,273.0
2024,Nebraska,NE,WND,Wind,megawatts,2026-06-21T19:10:01.199571+00:00,7033.8
2024,Nevada,NV,BAT,Battery,megawatts,2026-06-21T19:10:01.199571+00:00,2217.6
2024,Nevada,NV,COL,Coal,megawatts,2026-06-21T19:10:01.199571+00:00,1480.8
2024,Nevada,NV,GEO,Geothermal,megawatts,2026-06-21T19:10:01.199571+00:00,1325.0
2024,Nevada,NV,HYC,Hydroelectric,megawatts,2026-06-21T19:10:01.199571+00:00,2103.4
2024,Nevada,NV,NG,Natural Gas,megawatts,2026-06-21T19:10:01.199571+00:00,15565.2
2024,Nevada,NV,NGCC,Natural Gas - CC,megawatts,2026-06-21T19:10:01.199571+00:00,11406.0
2024,Nevada,NV,NGGT,Natural Gas - GT,megawatts,2026-06-21T19:10:01.199571+00:00,3259.2
2024,Nevada,NV,NGIC,Natural Gas - IC,megawatts,2026-06-21T19:10:01.199571+00:00,232.0
2024,Nevada,NV,NGST,Natural Gas - ST,megawatts,2026-06-21T19:10:01.199571+00:00,668.0
2024,Nevada,NV,OT,Other,megawatts,2026-06-21T19:10:01.199571+00:00,13.0
2024,Nevada,NV,OBM,Other Biomass,megawatts,2026-06-21T19:10:01.199571+00:00,19.6
2024,Nevada,NV,PET,Petroleum,megawatts,2026-06-21T19:10:01.199571+00:00,12.0
2024,Nevada,NV,PETIC,Petroleum - IC,megawatts,2026-06-21T19:10:01.199571+00:00,12.0
2024,Nevada,NV,SOL,Solar,megawatts,2026-06-21T19:10:01.199571+00:00,10413.8
2024,Nevada,NV,SOLPV,Solar - PV,megawatts,2026-06-21T19:10:01.199571+00:00,10056.8
2024,Nevada,NV,SOLTH,Solar - TH,megawatts,2026-06-21T19:10:01.199571+00:00,357.0
2024,Nevada,NV,WND,Wind,megawatts,2026-06-21T19:10:01.199571+00:00,300.0
2024,New Hampshire,NH,BAT,Battery,megawatts,2026-06-21T19:10:01.199571+00:00,28.0
2024,New Hampshire,NH,COL,Coal,megawatts,2026-06-21T19:10:01.199571+00:00,1067.8
2024,New Hampshire,NH,HYC,Hydroelectric,megawatts,2026-06-21T19:10:01.199571+00:00,1011.6
2024,New Hampshire,NH,NG,Natural Gas,megawatts,2026-06-21T19:10:01.199571+00:00,3265.0
2024,New Hampshire,NH,NGCC,Natural Gas - CC,megawatts,2026-06-21T19:10:01.199571+00:00,2457.0
2024,New Hampshire,NH,NGGT,Natural Gas - GT,megawatts,2026-06-21T19:10:01.199571+00:00,7.6
2024,New Hampshire,NH,NGST,Natural Gas - ST,megawatts,2026-06-21T19:10:01.199571+00:00,800.4
2024,New Hampshire,NH,NUC,Nuclear,megawatts,2026-06-21T19:10:01.199571+00:00,2500.0
2024,New Hampshire,NH,OBM,Other Biomass,megawatts,2026-06-21T19:10:01.199571+00:00,62.2
2024,New Hampshire,NH,PET,Petroleum,megawatts,2026-06-21T19:10:01.199571+00:00,188.0
2024,New Hampshire,NH,PETGT,Petroleum - GT,megawatts,2026-06-21T19:10:01.199571+00:00,164.2
2024,New Hampshire,NH,PETIC,Petroleum - IC,megawatts,2026-06-21T19:10:01.199571+00:00,9.8
2024,New Hampshire,NH,PETST,Petroleum - ST,megawatts,2026-06-21T19:10:01.199571+00:00,14.0
2024,New Hampshire,NH,SOL,Solar,megawatts,2026-06-21T19:10:01.199571+00:00,4.8
2024,New Hampshire,NH,SOLPV,Solar - PV,megawatts,2026-06-21T19:10:01.199571+00:00,4.8
2024,New Hampshire,NH,WND,Wind,megawatts,2026-06-21T19:10:01.199571+00:00,423.8
2024,New Hampshire,NH,WOO,Wood,megawatts,2026-06-21T19:10:01.199571+00:00,389.4
2024,New Jersey,NJ,BAT,Battery,megawatts,2026-06-21T19:10:01.199571+00:00,219.39999999999998
2024,New Jersey,NJ,HYC,Hydroelectric,megawatts,2026-06-21T19:10:01.199571+00:00,24.6
2024,New Jersey,NJ,NG,Natural Gas,megawatts,2026-06-21T19:10:01.199571+00:00,21786.2
2024,New Jersey,NJ,NGCC,Natural Gas - CC,megawatts,2026-06-21T19:10:01.199571+00:00,16444.0
2024,New Jersey,NJ,NGGT,Natural Gas - GT,megawatts,2026-06-21T19:10:01.199571+00:00,5208.4
2024,New Jersey,NJ,NGIC,Natural Gas - IC,megawatts,2026-06-21T19:10:01.199571+00:00,65.6
2024,New Jersey,NJ,NGOTH,Natural Gas - OTH,megawatts,2026-06-21T19:10:01.199571+00:00,25.2
2024,New Jersey,NJ,NGST,Natural Gas - ST,megawatts,2026-06-21T19:10:01.199571+00:00,43.0
2024,New Jersey,NJ,NUC,Nuclear,megawatts,2026-06-21T19:10:01.199571+00:00,6913.4
2024,New Jersey,NJ,OT,Other,megawatts,2026-06-21T19:10:01.199571+00:00,22.4
2024,New Jersey,NJ,OBM,Other Biomass,megawatts,2026-06-21T19:10:01.199571+00:00,377.4
2024,New Jersey,NJ,OOG,Other Gas,megawatts,2026-06-21T19:10:01.199571+00:00,58.0
2024,New Jersey,NJ,PET,Petroleum,megawatts,2026-06-21T19:10:01.199571+00:00,603.4
2024,New Jersey,NJ,PETGT,Petroleum - GT,megawatts,2026-06-21T19:10:01.199571+00:00,510.6
2024,New Jersey,NJ,PETIC,Petroleum - IC,megawatts,2026-06-21T19:10:01.199571+00:00,69.6
2024,New Jersey,NJ,PETOTH,Petroleum - OTH,megawatts,2026-06-21T19:10:01.199571+00:00,23.2
2024,New Jersey,NJ,HPS,Pumped Storage,megawatts,2026-06-21T19:10:01.199571+00:00,832.2
2024,New Jersey,NJ,SOL,Solar,megawatts,2026-06-21T19:10:01.199571+00:00,2359.4
2024,New Jersey,NJ,SOLPV,Solar - PV,megawatts,2026-06-21T19:10:01.199571+00:00,2359.4
2024,New Jersey,NJ,WND,Wind,megawatts,2026-06-21T19:10:01.199571+00:00,15.2
2024,New Mexico,NM,BAT,Battery,megawatts,2026-06-21T19:10:01.199571+00:00,1378.0
2024,New Mexico,NM,COL,Coal,megawatts,2026-06-21T19:10:01.199571+00:00,3080.0
2024,New Mexico,NM,GEO,Geothermal,megawatts,2026-06-21T19:10:01.199571+00:00,17.2
2024,New Mexico,NM,HYC,Hydroelectric,megawatts,2026-06-21T19:10:01.199571+00:00,165.4
2024,New Mexico,NM,NG,Natural Gas,megawatts,2026-06-21T19:10:01.199571+00:00,6390.2
2024,New Mexico,NM,NGCC,Natural Gas - CC,megawatts,2026-06-21T19:10:01.199571+00:00,2968.2
2024,New Mexico,NM,NGGT,Natural Gas - GT,megawatts,2026-06-21T19:10:01.199571+00:00,1886.6
2024,New Mexico,NM,NGIC,Natural Gas - IC,megawatts,2026-06-21T19:10:01.199571+00:00,93.4
2024,New Mexico,NM,NGST,Natural Gas - ST,megawatts,2026-06-21T19:10:01.199571+00:00,1442.0
2024,New Mexico,NM,OT,Other,megawatts,2026-06-21T19:10:01.199571+00:00,1.4
2024,New Mexico,NM,OBM,Other Biomass,megawatts,2026-06-21T19:10:01.199571+00:00,12.8
2024,New Mexico,NM,PET,Petroleum,megawatts,2026-06-21T19:10:01.199571+00:00,92.0
2024,New Mexico,NM,PETGT,Petroleum - GT,megawatts,2026-06-21T19:10:01.199571+00:00,34.0
2024,New Mexico,NM,PETIC,Petroleum - IC,megawatts,2026-06-21T19:10:01.199571+00:00,58.0
2024,New Mexico,NM,SOL,Solar,megawatts,2026-06-21T19:10:01.199571+00:00,4643.8
2024,New Mexico,NM,SOLPV,Solar - PV,megawatts,2026-06-21T19:10:01.199571+00:00,4643.8
2024,New Mexico,NM,WND,Wind,megawatts,2026-06-21T19:10:01.199571+00:00,7994.0
2024,New York,NY,BAT,Battery,megawatts,2026-06-21T19:10:01.199571+00:00,436.2
2024,New York,NY,HYC,Hydroelectric,megawatts,2026-06-21T19:10:01.199571+00:00,9126.8
2024,New York,NY,NG,Natural Gas,megawatts,2026-06-21T19:10:01.199571+00:00,44560.2
2024,New York,NY,NGCC,Natural Gas - CC,megawatts,2026-06-21T19:10:01.199571+00:00,19854.2
2024,New York,NY,NGGT,Natural Gas - GT,megawatts,2026-06-21T19:10:01.199571+00:00,4796.2
2024,New York,NY,NGIC,Natural Gas - IC,megawatts,2026-06-21T19:10:01.199571+00:00,157.2
2024,New York,NY,NGOTH,Natural Gas - OTH,megawatts,2026-06-21T19:10:01.199571+00:00,115.4
2024,New York,NY,NGST,Natural Gas - ST,megawatts,2026-06-21T19:10:01.199571+00:00,19637.199999999997
2024,New York,NY,NUC,Nuclear,megawatts,2026-06-21T19:10:01.199571+00:00,6660.8
2024,New York,NY,OT,Other,megawatts,2026-06-21T19:10:01.199571+00:00,40.0
2024,New York,NY,OBM,Other Biomass,megawatts,2026-06-21T19:10:01.199571+00:00,754.6
2024,New York,NY,PET,Petroleum,megawatts,2026-06-21T19:10:01.199571+00:00,7050.6
2024,New York,NY,PETGT,Petroleum - GT,megawatts,2026-06-21T19:10:01.199571+00:00,3200.2
2024,New York,NY,PETIC,Petroleum - IC,megawatts,2026-06-21T19:10:01.199571+00:00,629.2
2024,New York,NY,PETST,Petroleum - ST,megawatts,2026-06-21T19:10:01.199571+00:00,3221.2
2024,New York,NY,HPS,Pumped Storage,megawatts,2026-06-21T19:10:01.199571+00:00,2819.6
2024,New York,NY,SOL,Solar,megawatts,2026-06-21T19:10:01.199571+00:00,5341.2
2024,New York,NY,SOLPV,Solar - PV,megawatts,2026-06-21T19:10:01.199571+00:00,5341.2
2024,New York,NY,WND,Wind,megawatts,2026-06-21T19:10:01.199571+00:00,5739.4
2024,New York,NY,WOO,Wood,megawatts,2026-06-21T19:10:01.199571+00:00,46.0
2024,North Carolina,NC,BAT,Battery,megawatts,2026-06-21T19:10:01.199571+00:00,279.6
2024,North Carolina,NC,COL,Coal,megawatts,2026-06-21T19:10:01.199571+00:00,11122.0
2024,North Carolina,NC,HYC,Hydroelectric,megawatts,2026-06-21T19:10:01.199571+00:00,4018.8
2024,North Carolina,NC,NG,Natural Gas,megawatts,2026-06-21T19:10:01.199571+00:00,30504.4
2024,North Carolina,NC,NGCC,Natural Gas - CC,megawatts,2026-06-21T19:10:01.199571+00:00,11158.0
2024,North Carolina,NC,NGGT,Natural Gas - GT,megawatts,2026-06-21T19:10:01.199571+00:00,12791.0
2024,North Carolina,NC,NGST,Natural Gas - ST,megawatts,2026-06-21T19:10:01.199571+00:00,6555.4
2024,North Carolina,NC,NUC,Nuclear,megawatts,2026-06-21T19:10:01.199571+00:00,10299.2
2024,North Carolina,NC,OT,Other,megawatts,2026-06-21T19:10:01.199571+00:00,108.0
2024,North Carolina,NC,OBM,Other Biomass,megawatts,2026-06-21T19:10:01.199571+00:00,125.8
2024,North Carolina,NC,PET,Petroleum,megawatts,2026-06-21T19:10:01.199571+00:00,982.0
2024,North Carolina,NC,PETGT,Petroleum - GT,megawatts,2026-06-21T19:10:01.199571+00:00,352.0
2024,North Carolina,NC,PETIC,Petroleum - IC,megawatts,2026-06-21T19:10:01.199571+00:00,320.8
2024,North Carolina,NC,PETOTH,Petroleum - OTH,megawatts,2026-06-21T19:10:01.199571+00:00,309.2
2024,North Carolina,NC,HPS,Pumped Storage,megawatts,2026-06-21T19:10:01.199571+00:00,172.0
2024,North Carolina,NC,SOL,Solar,megawatts,2026-06-21T19:10:01.199571+00:00,13573.4
2024,North Carolina,NC,SOLPV,Solar - PV,megawatts,2026-06-21T19:10:01.199571+00:00,13573.4
2024,North Carolina,NC,WND,Wind,megawatts,2026-06-21T19:10:01.199571+00:00,794.0
2024,North Carolina,NC,WOO,Wood,megawatts,2026-06-21T19:10:01.199571+00:00,694.0
2024,North Dakota,ND,COL,Coal,megawatts,2026-06-21T19:10:01.199571+00:00,7663.8
2024,North Dakota,ND,HYC,Hydroelectric,megawatts,2026-06-21T19:10:01.199571+00:00,1020.0
2024,North Dakota,ND,NG,Natural Gas,megawatts,2026-06-21T19:10:01.199571+00:00,1492.2
2024,North Dakota,ND,NGGT,Natural Gas - GT,megawatts,2026-06-21T19:10:01.199571+00:00,1084.8
2024,North Dakota,ND,NGIC,Natural Gas - IC,megawatts,2026-06-21T19:10:01.199571+00:00,213.6
2024,North Dakota,ND,NGST,Natural Gas - ST,megawatts,2026-06-21T19:10:01.199571+00:00,193.8
2024,North Dakota,ND,OT,Other,megawatts,2026-06-21T19:10:01.199571+00:00,10.6
2024,North Dakota,ND,OBM,Other Biomass,megawatts,2026-06-21T19:10:01.199571+00:00,19.6
2024,North Dakota,ND,OOG,Other Gas,megawatts,2026-06-21T19:10:01.199571+00:00,16.8
2024,North Dakota,ND,PET,Petroleum,megawatts,2026-06-21T19:10:01.199571+00:00,116.2
2024,North Dakota,ND,PETGT,Petroleum - GT,megawatts,2026-06-21T19:10:01.199571+00:00,81.2
2024,North Dakota,ND,PETIC,Petroleum - IC,megawatts,2026-06-21T19:10:01.199571+00:00,35.0
2024,North Dakota,ND,WND,Wind,megawatts,2026-06-21T19:10:01.199571+00:00,9028.0
2024,Ohio,OH,BAT,Battery,megawatts,2026-06-21T19:10:01.199571+00:00,69.6
2024,Ohio,OH,COL,Coal,megawatts,2026-06-21T19:10:01.199571+00:00,13241.0
2024,Ohio,OH,HYC,Hydroelectric,megawatts,2026-06-21T19:10:01.199571+00:00,203.8
2024,Ohio,OH,NG,Natural Gas,megawatts,2026-06-21T19:10:01.199571+00:00,32730.0
2024,Ohio,OH,NGCC,Natural Gas - CC,megawatts,2026-06-21T19:10:01.199571+00:00,21105.2
2024,Ohio,OH,NGGT,Natural Gas - GT,megawatts,2026-06-21T19:10:01.199571+00:00,11442.0
2024,Ohio,OH,NGIC,Natural Gas - IC,megawatts,2026-06-21T19:10:01.199571+00:00,74.8
2024,Ohio,OH,NGST,Natural Gas - ST,megawatts,2026-06-21T19:10:01.199571+00:00,108.0
2024,Ohio,OH,NUC,Nuclear,megawatts,2026-06-21T19:10:01.199571+00:00,4268.0
2024,Ohio,OH,OBM,Other Biomass,megawatts,2026-06-21T19:10:01.199571+00:00,74.6
2024,Ohio,OH,OOG,Other Gas,megawatts,2026-06-21T19:10:01.199571+00:00,366.8
2024,Ohio,OH,PET,Petroleum,megawatts,2026-06-21T19:10:01.199571+00:00,1297.0
2024,Ohio,OH,PETGT,Petroleum - GT,megawatts,2026-06-21T19:10:01.199571+00:00,579.4
2024,Ohio,OH,PETIC,Petroleum - IC,megawatts,2026-06-21T19:10:01.199571+00:00,426.6
2024,Ohio,OH,PETOTH,Petroleum - OTH,megawatts,2026-06-21T19:10:01.199571+00:00,12.0
2024,Ohio,OH,PETST,Petroleum - ST,megawatts,2026-06-21T19:10:01.199571+00:00,279.0
2024,Ohio,OH,SOL,Solar,megawatts,2026-06-21T19:10:01.199571+00:00,6473.0
2024,Ohio,OH,SOLPV,Solar - PV,megawatts,2026-06-21T19:10:01.199571+00:00,6473.0
2024,Ohio,OH,WND,Wind,megawatts,2026-06-21T19:10:01.199571+00:00,2203.6
2024,Ohio,OH,WOO,Wood,megawatts,2026-06-21T19:10:01.199571+00:00,54.0
2024,Oklahoma,OK,BAT,Battery,megawatts,2026-06-21T19:10:01.199571+00:00,20.0
2024,Oklahoma,OK,COL,Coal,megawatts,2026-06-21T19:10:01.199571+00:00,6517.8
2024,Oklahoma,OK,HYC,Hydroelectric,megawatts,2026-06-21T19:10:01.199571+00:00,1664.8
2024,Oklahoma,OK,NG,Natural Gas,megawatts,2026-06-21T19:10:01.199571+00:00,29041.4
2024,Oklahoma,OK,NGCC,Natural Gas - CC,megawatts,2026-06-21T19:10:01.199571+00:00,14599.4
2024,Oklahoma,OK,NGGT,Natural Gas - GT,megawatts,2026-06-21T19:10:01.199571+00:00,3306.4
2024,Oklahoma,OK,NGIC,Natural Gas - IC,megawatts,2026-06-21T19:10:01.199571+00:00,326.0
2024,Oklahoma,OK,NGST,Natural Gas - ST,megawatts,2026-06-21T19:10:01.199571+00:00,10809.6
2024,Oklahoma,OK,OBM,Other Biomass,megawatts,2026-06-21T19:10:01.199571+00:00,36.8
2024,Oklahoma,OK,PET,Petroleum,megawatts,2026-06-21T19:10:01.199571+00:00,90.4
2024,Oklahoma,OK,PETIC,Petroleum - IC,megawatts,2026-06-21T19:10:01.199571+00:00,90.4
2024,Oklahoma,OK,HPS,Pumped Storage,megawatts,2026-06-21T19:10:01.199571+00:00,483.0
2024,Oklahoma,OK,SOL,Solar,megawatts,2026-06-21T19:10:01.199571+00:00,347.0
2024,Oklahoma,OK,SOLPV,Solar - PV,megawatts,2026-06-21T19:10:01.199571+00:00,347.0
2024,Oklahoma,OK,WND,Wind,megawatts,2026-06-21T19:10:01.199571+00:00,25496.4
2024,Oklahoma,OK,WOO,Wood,megawatts,2026-06-21T19:10:01.199571+00:00,115.6
2024,Oregon,OR,BAT,Battery,megawatts,2026-06-21T19:10:01.199571+00:00,644.0
2024,Oregon,OR,GEO,Geothermal,megawatts,2026-06-21T19:10:01.199571+00:00,39.0
2024,Oregon,OR,HYC,Hydroelectric,megawatts,2026-06-21T19:10:01.199571+00:00,16528.4
2024,Oregon,OR,NG,Natural Gas,megawatts,2026-06-21T19:10:01.199571+00:00,7524.8
2024,Oregon,OR,NGCC,Natural Gas - CC,megawatts,2026-06-21T19:10:01.199571+00:00,6818.4
2024,Oregon,OR,NGGT,Natural Gas - GT,megawatts,2026-06-21T19:10:01.199571+00:00,248.0
2024,Oregon,OR,NGIC,Natural Gas - IC,megawatts,2026-06-21T19:10:01.199571+00:00,458.4
2024,Oregon,OR,OBM,Other Biomass,megawatts,2026-06-21T19:10:01.199571+00:00,105.19999999999999
2024,Oregon,OR,PET,Petroleum,megawatts,2026-06-21T19:10:01.199571+00:00,13.2
2024,Oregon,OR,PETIC,Petroleum - IC,megawatts,2026-06-21T19:10:01.199571+00:00,13.2
2024,Oregon,OR,SOL,Solar,megawatts,2026-06-21T19:10:01.199571+00:00,2103.4
2024,Oregon,OR,SOLPV,Solar - PV,megawatts,2026-06-21T19:10:01.199571+00:00,2103.4
2024,Oregon,OR,WND,Wind,megawatts,2026-06-21T19:10:01.199571+00:00,7940.799999999999
2024,Oregon,OR,WOO,Wood,megawatts,2026-06-21T19:10:01.199571+00:00,484.6
2024,Pennsylvania,PA,BAT,Battery,megawatts,2026-06-21T19:10:01.199571+00:00,69.2
2024,Pennsylvania,PA,COL,Coal,megawatts,2026-06-21T19:10:01.199571+00:00,10765.2
2024,Pennsylvania,PA,HYC,Hydroelectric,megawatts,2026-06-21T19:10:01.199571+00:00,1859.0
2024,Pennsylvania,PA,NG,Natural Gas,megawatts,2026-06-21T19:10:01.199571+00:00,53646.4
2024,Pennsylvania,PA,NGCC,Natural Gas - CC,megawatts,2026-06-21T19:10:01.199571+00:00,38002.0
2024,Pennsylvania,PA,NGGT,Natural Gas - GT,megawatts,2026-06-21T19:10:01.199571+00:00,3825.0
2024,Pennsylvania,PA,NGIC,Natural Gas - IC,megawatts,2026-06-21T19:10:01.199571+00:00,525.2
2024,Pennsylvania,PA,NGST,Natural Gas - ST,megawatts,2026-06-21T19:10:01.199571+00:00,11294.2
2024,Pennsylvania,PA,NUC,Nuclear,megawatts,2026-06-21T19:10:01.199571+00:00,19792.0
2024,Pennsylvania,PA,OT,Other,megawatts,2026-06-21T19:10:01.199571+00:00,40.0
2024,Pennsylvania,PA,OBM,Other Biomass,megawatts,2026-06-21T19:10:01.199571+00:00,703.2
2024,Pennsylvania,PA,OOG,Other Gas,megawatts,2026-06-21T19:10:01.199571+00:00,171.8
2024,Pennsylvania,PA,PET,Petroleum,megawatts,2026-06-21T19:10:01.199571+00:00,2668.2
2024,Pennsylvania,PA,PETGT,Petroleum - GT,megawatts,2026-06-21T19:10:01.199571+00:00,2466.4
2024,Pennsylvania,PA,PETIC,Petroleum - IC,megawatts,2026-06-21T19:10:01.199571+00:00,201.8
2024,Pennsylvania,PA,HPS,Pumped Storage,megawatts,2026-06-21T19:10:01.199571+00:00,2983.0
2024,Pennsylvania,PA,SOL,Solar,megawatts,2026-06-21T19:10:01.199571+00:00,1747.8
2024,Pennsylvania,PA,SOLPV,Solar - PV,megawatts,2026-06-21T19:10:01.199571+00:00,1747.8
2024,Pennsylvania,PA,WND,Wind,megawatts,2026-06-21T19:10:01.199571+00:00,3105.2
2024,Pennsylvania,PA,WOO,Wood,megawatts,2026-06-21T19:10:01.199571+00:00,160.4
2024,Rhode Island,RI,BAT,Battery,megawatts,2026-06-21T19:10:01.199571+00:00,6.0
2024,Rhode Island,RI,HYC,Hydroelectric,megawatts,2026-06-21T19:10:01.199571+00:00,5.4
2024,Rhode Island,RI,NG,Natural Gas,megawatts,2026-06-21T19:10:01.199571+00:00,3546.0
2024,Rhode Island,RI,NGCC,Natural Gas - CC,megawatts,2026-06-21T19:10:01.199571+00:00,3470.4
2024,Rhode Island,RI,NGGT,Natural Gas - GT,megawatts,2026-06-21T19:10:01.199571+00:00,24.8
2024,Rhode Island,RI,NGIC,Natural Gas - IC,megawatts,2026-06-21T19:10:01.199571+00:00,29.0
2024,Rhode Island,RI,NGST,Natural Gas - ST,megawatts,2026-06-21T19:10:01.199571+00:00,21.8
2024,Rhode Island,RI,OBM,Other Biomass,megawatts,2026-06-21T19:10:01.199571+00:00,80.2
2024,Rhode Island,RI,PET,Petroleum,megawatts,2026-06-21T19:10:01.199571+00:00,14.2
2024,Rhode Island,RI,PETIC,Petroleum - IC,megawatts,2026-06-21T19:10:01.199571+00:00,14.2
2024,Rhode Island,RI,SOL,Solar,megawatts,2026-06-21T19:10:01.199571+00:00,837.0
2024,Rhode Island,RI,SOLPV,Solar - PV,megawatts,2026-06-21T19:10:01.199571+00:00,837.0
2024,Rhode Island,RI,WND,Wind,megawatts,2026-06-21T19:10:01.199571+00:00,154.6
2024,South Carolina,SC,BAT,Battery,megawatts,2026-06-21T19:10:01.199571+00:00,176.0
2024,South Carolina,SC,COL,Coal,megawatts,2026-06-21T19:10:01.199571+00:00,9508.0
2024,South Carolina,SC,HYC,Hydroelectric,megawatts,2026-06-21T19:10:01.199571+00:00,2588.0
2024,South Carolina,SC,NG,Natural Gas,megawatts,2026-06-21T19:10:01.199571+00:00,13161.2
2024,South Carolina,SC,NGCC,Natural Gas - CC,megawatts,2026-06-21T19:10:01.199571+00:00,6504.0
2024,South Carolina,SC,NGGT,Natural Gas - GT,megawatts,2026-06-21T19:10:01.199571+00:00,5097.2
2024,South Carolina,SC,NGST,Natural Gas - ST,megawatts,2026-06-21T19:10:01.199571+00:00,1560.0
2024,South Carolina,SC,NUC,Nuclear,megawatts,2026-06-21T19:10:01.199571+00:00,13200.6
2024,South Carolina,SC,OBM,Other Biomass,megawatts,2026-06-21T19:10:01.199571+00:00,80.2
2024,South Carolina,SC,PET,Petroleum,megawatts,2026-06-21T19:10:01.199571+00:00,487.0
2024,South Carolina,SC,PETGT,Petroleum - GT,megawatts,2026-06-21T19:10:01.199571+00:00,366.0
2024,South Carolina,SC,PETIC,Petroleum - IC,megawatts,2026-06-21T19:10:01.199571+00:00,121.0
2024,South Carolina,SC,HPS,Pumped Storage,megawatts,2026-06-21T19:10:01.199571+00:00,6072.0
2024,South Carolina,SC,SOL,Solar,megawatts,2026-06-21T19:10:01.199571+00:00,3293.4
2024,South Carolina,SC,SOLPV,Solar - PV,megawatts,2026-06-21T19:10:01.199571+00:00,3293.4
2024,South Carolina,SC,WOO,Wood,megawatts,2026-06-21T19:10:01.199571+00:00,844.8
2024,South Dakota,SD,BAT,Battery,megawatts,2026-06-21T19:10:01.199571+00:00,1.6
2024,South Dakota,SD,COL,Coal,megawatts,2026-06-21T19:10:01.199571+00:00,954.6
2024,South Dakota,SD,HYC,Hydroelectric,megawatts,2026-06-21T19:10:01.199571+00:00,3196.0
2024,South Dakota,SD,NG,Natural Gas,megawatts,2026-06-21T19:10:01.199571+00:00,2552.2
2024,South Dakota,SD,NGCC,Natural Gas - CC,megawatts,2026-06-21T19:10:01.199571+00:00,590.0
2024,South Dakota,SD,NGGT,Natural Gas - GT,megawatts,2026-06-21T19:10:01.199571+00:00,1819.4
2024,South Dakota,SD,NGIC,Natural Gas - IC,megawatts,2026-06-21T19:10:01.199571+00:00,127.8
2024,South Dakota,SD,NGST,Natural Gas - ST,megawatts,2026-06-21T19:10:01.199571+00:00,15.0
2024,South Dakota,SD,PET,Petroleum,megawatts,2026-06-21T19:10:01.199571+00:00,418.2
2024,South Dakota,SD,PETGT,Petroleum - GT,megawatts,2026-06-21T19:10:01.199571+00:00,358.8
2024,South Dakota,SD,PETIC,Petroleum - IC,megawatts,2026-06-21T19:10:01.199571+00:00,59.4
2024,South Dakota,SD,SOL,Solar,megawatts,2026-06-21T19:10:01.199571+00:00,418.0
2024,South Dakota,SD,SOLPV,Solar - PV,megawatts,2026-06-21T19:10:01.199571+00:00,418.0
2024,South Dakota,SD,WND,Wind,megawatts,2026-06-21T19:10:01.199571+00:00,6900.6
2024,South Dakota,SD,WOO,Wood,megawatts,2026-06-21T19:10:01.199571+00:00,10.8
2024,Tennessee,TN,COL,Coal,megawatts,2026-06-21T19:10:01.199571+00:00,9407.0
2024,Tennessee,TN,HYC,Hydroelectric,megawatts,2026-06-21T19:10:01.199571+00:00,5217.2
2024,Tennessee,TN,NG,Natural Gas,megawatts,2026-06-21T19:10:01.199571+00:00,11987.8
2024,Tennessee,TN,NGCC,Natural Gas - CC,megawatts,2026-06-21T19:10:01.199571+00:00,4910.2
2024,Tennessee,TN,NGGT,Natural Gas - GT,megawatts,2026-06-21T19:10:01.199571+00:00,6810.6
2024,Tennessee,TN,NGIC,Natural Gas - IC,megawatts,2026-06-21T19:10:01.199571+00:00,6.4
2024,Tennessee,TN,NGST,Natural Gas - ST,megawatts,2026-06-21T19:10:01.199571+00:00,260.6
2024,Tennessee,TN,NUC,Nuclear,megawatts,2026-06-21T19:10:01.199571+00:00,9045.4
2024,Tennessee,TN,OBM,Other Biomass,megawatts,2026-06-21T19:10:01.199571+00:00,28.4
2024,Tennessee,TN,PET,Petroleum,megawatts,2026-06-21T19:10:01.199571+00:00,940.8
2024,Tennessee,TN,PETGT,Petroleum - GT,megawatts,2026-06-21T19:10:01.199571+00:00,854.4
2024,Tennessee,TN,PETIC,Petroleum - IC,megawatts,2026-06-21T19:10:01.199571+00:00,86.4
2024,Tennessee,TN,HPS,Pumped Storage,megawatts,2026-06-21T19:10:01.199571+00:00,3232.6
2024,Tennessee,TN,SOL,Solar,megawatts,2026-06-21T19:10:01.199571+00:00,1202.0
2024,Tennessee,TN,SOLPV,Solar - PV,megawatts,2026-06-21T19:10:01.199571+00:00,1202.0
2024,Tennessee,TN,WND,Wind,megawatts,2026-06-21T19:10:01.199571+00:00,4.2
2024,Tennessee,TN,WOO,Wood,megawatts,2026-06-21T19:10:01.199571+00:00,145.0
2024,Texas,TX,BAT,Battery,megawatts,2026-06-21T19:10:01.199571+00:00,15810.0
2024,Texas,TX,COL,Coal,megawatts,2026-06-21T19:10:01.199571+00:00,32567.2
2024,Texas,TX,HYC,Hydroelectric,megawatts,2026-06-21T19:10:01.199571+00:00,1426.8
2024,Texas,TX,NG,Natural Gas,megawatts,2026-06-21T19:10:01.199571+00:00,145285.4
2024,Texas,TX,NGCC,Natural Gas - CC,megawatts,2026-06-21T19:10:01.199571+00:00,86263.6
2024,Texas,TX,NGGT,Natural Gas - GT,megawatts,2026-06-21T19:10:01.199571+00:00,24492.8
2024,Texas,TX,NGIC,Natural Gas - IC,megawatts,2026-06-21T19:10:01.199571+00:00,2254.6
2024,Texas,TX,NGST,Natural Gas - ST,megawatts,2026-06-21T19:10:01.199571+00:00,32274.4
2024,Texas,TX,NUC,Nuclear,megawatts,2026-06-21T19:10:01.199571+00:00,9960.0
2024,Texas,TX,OT,Other,megawatts,2026-06-21T19:10:01.199571+00:00,448.0
2024,Texas,TX,OBM,Other Biomass,megawatts,2026-06-21T19:10:01.199571+00:00,52.8
2024,Texas,TX,OOG,Other Gas,megawatts,2026-06-21T19:10:01.199571+00:00,354.2
2024,Texas,TX,PET,Petroleum,megawatts,2026-06-21T19:10:01.199571+00:00,1408.0
2024,Texas,TX,PETGT,Petroleum - GT,megawatts,2026-06-21T19:10:01.199571+00:00,794.0
2024,Texas,TX,PETIC,Petroleum - IC,megawatts,2026-06-21T19:10:01.199571+00:00,358.4
2024,Texas,TX,PETST,Petroleum - ST,megawatts,2026-06-21T19:10:01.199571+00:00,255.6
2024,Texas,TX,SOL,Solar,megawatts,2026-06-21T19:10:01.199571+00:00,44746.4
2024,Texas,TX,SOLPV,Solar - PV,megawatts,2026-06-21T19:10:01.199571+00:00,44746.4
2024,Texas,TX,WND,Wind,megawatts,2026-06-21T19:10:01.199571+00:00,83955.8
2024,Texas,TX,WOO,Wood,megawatts,2026-06-21T19:10:01.199571+00:00,618.4
2024,United States,US,BAT,Battery,megawatts,2026-06-21T19:10:01.199571+00:00,54040.0
2024,United States,US,COL,Coal,megawatts,2026-06-21T19:10:01.199571+00:00,348355.2
2024,United States,US,GEO,Geothermal,megawatts,2026-06-21T19:10:01.199571+00:00,5391.0
2024,United States,US,HYC,Hydroelectric,megawatts,2026-06-21T19:10:01.199571+00:00,159793.8
2024,United States,US,NG,Natural Gas,megawatts,2026-06-21T19:10:01.199571+00:00,1012742.4
2024,United States,US,NGCC,Natural Gas - CC,megawatts,2026-06-21T19:10:01.199571+00:00,583615.6
2024,United States,US,NGGT,Natural Gas - GT,megawatts,2026-06-21T19:10:01.199571+00:00,266213.6
2024,United States,US,NGIC,Natural Gas - IC,megawatts,2026-06-21T19:10:01.199571+00:00,12600.6
2024,United States,US,NGOTH,Natural Gas - OTH,megawatts,2026-06-21T19:10:01.199571+00:00,739.2
2024,United States,US,NGST,Natural Gas - ST,megawatts,2026-06-21T19:10:01.199571+00:00,149573.4
2024,United States,US,NUC,Nuclear,megawatts,2026-06-21T19:10:01.199571+00:00,196782.4
2024,United States,US,OT,Other,megawatts,2026-06-21T19:10:01.199571+00:00,2832.8
2024,United States,US,OBM,Other Biomass,megawatts,2026-06-21T19:10:01.199571+00:00,7994.0
2024,United States,US,OOG,Other Gas,megawatts,2026-06-21T19:10:01.199571+00:00,3356.2
2024,United States,US,PET,Petroleum,megawatts,2026-06-21T19:10:01.199571+00:00,57299.2
2024,United States,US,PETGT,Petroleum - GT,megawatts,2026-06-21T19:10:01.199571+00:00,28244.6
2024,United States,US,PETIC,Petroleum - IC,megawatts,2026-06-21T19:10:01.199571+00:00,10873.4
2024,United States,US,PETOTH,Petroleum - OTH,megawatts,2026-06-21T19:10:01.199571+00:00,1935.8
2024,United States,US,PETST,Petroleum - ST,megawatts,2026-06-21T19:10:01.199571+00:00,16245.4
2024,United States,US,HPS,Pumped Storage,megawatts,2026-06-21T19:10:01.199571+00:00,46313.2
2024,United States,US,SOL,Solar,megawatts,2026-06-21T19:10:01.199571+00:00,246908.2
2024,United States,US,SOLPV,Solar - PV,megawatts,2026-06-21T19:10:01.199571+00:00,244124.2
2024,United States,US,SOLTH,Solar - TH,megawatts,2026-06-21T19:10:01.199571+00:00,2784.0
2024,United States,US,WND,Wind,megawatts,2026-06-21T19:10:01.199571+00:00,304194.6
2024,United States,US,WOO,Wood,megawatts,2026-06-21T19:10:01.199571+00:00,14829.6
2024,Utah,UT,BAT,Battery,megawatts,2026-06-21T19:10:01.199571+00:00,2.0
2024,Utah,UT,COL,Coal,megawatts,2026-06-21T19:10:01.199571+00:00,9162.0
2024,Utah,UT,GEO,Geothermal,megawatts,2026-06-21T19:10:01.199571+00:00,141.4
2024,Utah,UT,HYC,Hydroelectric,megawatts,2026-06-21T19:10:01.199571+00:00,519.4
2024,Utah,UT,NG,Natural Gas,megawatts,2026-06-21T19:10:01.199571+00:00,5394.2
2024,Utah,UT,NGCC,Natural Gas - CC,megawatts,2026-06-21T19:10:01.199571+00:00,3660.0
2024,Utah,UT,NGGT,Natural Gas - GT,megawatts,2026-06-21T19:10:01.199571+00:00,1069.2
2024,Utah,UT,NGIC,Natural Gas - IC,megawatts,2026-06-21T19:10:01.199571+00:00,190.0
2024,Utah,UT,NGST,Natural Gas - ST,megawatts,2026-06-21T19:10:01.199571+00:00,475.0
2024,Utah,UT,OT,Other,megawatts,2026-06-21T19:10:01.199571+00:00,80.4
2024,Utah,UT,OBM,Other Biomass,megawatts,2026-06-21T19:10:01.199571+00:00,25.6
2024,Utah,UT,PET,Petroleum,megawatts,2026-06-21T19:10:01.199571+00:00,55.6
2024,Utah,UT,PETIC,Petroleum - IC,megawatts,2026-06-21T19:10:01.199571+00:00,55.6
2024,Utah,UT,SOL,Solar,megawatts,2026-06-21T19:10:01.199571+00:00,4394.4
2024,Utah,UT,SOLPV,Solar - PV,megawatts,2026-06-21T19:10:01.199571+00:00,4394.2
2024,Utah,UT,SOLTH,Solar - TH,megawatts,2026-06-21T19:10:01.199571+00:00,0.2
2024,Utah,UT,WND,Wind,megawatts,2026-06-21T19:10:01.199571+00:00,779.4
2024,Vermont,VT,BAT,Battery,megawatts,2026-06-21T19:10:01.199571+00:00,41.8
2024,Vermont,VT,HYC,Hydroelectric,megawatts,2026-06-21T19:10:01.199571+00:00,662.0
2024,Vermont,VT,OBM,Other Biomass,megawatts,2026-06-21T19:10:01.199571+00:00,15.0
2024,Vermont,VT,PET,Petroleum,megawatts,2026-06-21T19:10:01.199571+00:00,252.0
2024,Vermont,VT,PETGT,Petroleum - GT,megawatts,2026-06-21T19:10:01.199571+00:00,220.8
2024,Vermont,VT,PETIC,Petroleum - IC,megawatts,2026-06-21T19:10:01.199571+00:00,31.2
2024,Vermont,VT,SOL,Solar,megawatts,2026-06-21T19:10:01.199571+00:00,310.4
2024,Vermont,VT,SOLPV,Solar - PV,megawatts,2026-06-21T19:10:01.199571+00:00,310.4
2024,Vermont,VT,WND,Wind,megawatts,2026-06-21T19:10:01.199571+00:00,300.4
2024,Vermont,VT,WOO,Wood,megawatts,2026-06-21T19:10:01.199571+00:00,145.4
2024,Virginia,VA,BAT,Battery,megawatts,2026-06-21T19:10:01.199571+00:00,141.0
2024,Virginia,VA,COL,Coal,megawatts,2026-06-21T19:10:01.199571+00:00,3060.2
2024,Virginia,VA,HYC,Hydroelectric,megawatts,2026-06-21T19:10:01.199571+00:00,1733.2
2024,Virginia,VA,NG,Natural Gas,megawatts,2026-06-21T19:10:01.199571+00:00,27425.8
2024,Virginia,VA,NGCC,Natural Gas - CC,megawatts,2026-06-21T19:10:01.199571+00:00,17820.2
2024,Virginia,VA,NGGT,Natural Gas - GT,megawatts,2026-06-21T19:10:01.199571+00:00,8424.0
2024,Virginia,VA,NGIC,Natural Gas - IC,megawatts,2026-06-21T19:10:01.199571+00:00,6.0
2024,Virginia,VA,NGST,Natural Gas - ST,megawatts,2026-06-21T19:10:01.199571+00:00,1175.6
2024,Virginia,VA,NUC,Nuclear,megawatts,2026-06-21T19:10:01.199571+00:00,7136.0
2024,Virginia,VA,OBM,Other Biomass,megawatts,2026-06-21T19:10:01.199571+00:00,447.2
2024,Virginia,VA,PET,Petroleum,megawatts,2026-06-21T19:10:01.199571+00:00,1483.2
2024,Virginia,VA,PETGT,Petroleum - GT,megawatts,2026-06-21T19:10:01.199571+00:00,1214.8
2024,Virginia,VA,PETIC,Petroleum - IC,megawatts,2026-06-21T19:10:01.199571+00:00,268.4
2024,Virginia,VA,HPS,Pumped Storage,megawatts,2026-06-21T19:10:01.199571+00:00,6506.2
2024,Virginia,VA,SOL,Solar,megawatts,2026-06-21T19:10:01.199571+00:00,9356.8
2024,Virginia,VA,SOLPV,Solar - PV,megawatts,2026-06-21T19:10:01.199571+00:00,9356.8
2024,Virginia,VA,WND,Wind,megawatts,2026-06-21T19:10:01.199571+00:00,24.0
2024,Virginia,VA,WOO,Wood,megawatts,2026-06-21T19:10:01.199571+00:00,979.4
2024,Washington,WA,BAT,Battery,megawatts,2026-06-21T19:10:01.199571+00:00,12.0
2024,Washington,WA,COL,Coal,megawatts,2026-06-21T19:10:01.199571+00:00,1340.0
2024,Washington,WA,HYC,Hydroelectric,megawatts,2026-06-21T19:10:01.199571+00:00,43026.6
2024,Washington,WA,NG,Natural Gas,megawatts,2026-06-21T19:10:01.199571+00:00,6770.8
2024,Washington,WA,NGCC,Natural Gas - CC,megawatts,2026-06-21T19:10:01.199571+00:00,5273.2
2024,Washington,WA,NGGT,Natural Gas - GT,megawatts,2026-06-21T19:10:01.199571+00:00,1438.4
2024,Washington,WA,NGIC,Natural Gas - IC,megawatts,2026-06-21T19:10:01.199571+00:00,53.2
2024,Washington,WA,NGST,Natural Gas - ST,megawatts,2026-06-21T19:10:01.199571+00:00,6.0
2024,Washington,WA,NUC,Nuclear,megawatts,2026-06-21T19:10:01.199571+00:00,2302.0
2024,Washington,WA,OBM,Other Biomass,megawatts,2026-06-21T19:10:01.199571+00:00,63.6
2024,Washington,WA,PET,Petroleum,megawatts,2026-06-21T19:10:01.199571+00:00,45.2
2024,Washington,WA,PETIC,Petroleum - IC,megawatts,2026-06-21T19:10:01.199571+00:00,45.2
2024,Washington,WA,HPS,Pumped Storage,megawatts,2026-06-21T19:10:01.199571+00:00,628.0
2024,Washington,WA,SOL,Solar,megawatts,2026-06-21T19:10:01.199571+00:00,536.6
2024,Washington,WA,SOLPV,Solar - PV,megawatts,2026-06-21T19:10:01.199571+00:00,536.6
2024,Washington,WA,WND,Wind,megawatts,2026-06-21T19:10:01.199571+00:00,6749.8
2024,Washington,WA,WOO,Wood,megawatts,2026-06-21T19:10:01.199571+00:00,476.0
2024,West Virginia,WV,BAT,Battery,megawatts,2026-06-21T19:10:01.199571+00:00,95.0
2024,West Virginia,WV,COL,Coal,megawatts,2026-06-21T19:10:01.199571+00:00,25085.0
2024,West Virginia,WV,HYC,Hydroelectric,megawatts,2026-06-21T19:10:01.199571+00:00,681.6
2024,West Virginia,WV,NG,Natural Gas,megawatts,2026-06-21T19:10:01.199571+00:00,2407.6
2024,West Virginia,WV,NGGT,Natural Gas - GT,megawatts,2026-06-21T19:10:01.199571+00:00,2176.6
2024,West Virginia,WV,NGST,Natural Gas - ST,megawatts,2026-06-21T19:10:01.199571+00:00,231.0
2024,West Virginia,WV,OBM,Other Biomass,megawatts,2026-06-21T19:10:01.199571+00:00,6.4
2024,West Virginia,WV,PET,Petroleum,megawatts,2026-06-21T19:10:01.199571+00:00,22.0
2024,West Virginia,WV,PETGT,Petroleum - GT,megawatts,2026-06-21T19:10:01.199571+00:00,22.0
2024,West Virginia,WV,SOL,Solar,megawatts,2026-06-21T19:10:01.199571+00:00,248.8
2024,West Virginia,WV,SOLPV,Solar - PV,megawatts,2026-06-21T19:10:01.199571+00:00,248.8
2024,West Virginia,WV,WND,Wind,megawatts,2026-06-21T19:10:01.199571+00:00,1710.4
2024,Wisconsin,WI,BAT,Battery,megawatts,2026-06-21T19:10:01.199571+00:00,11.4
2024,Wisconsin,WI,COL,Coal,megawatts,2026-06-21T19:10:01.199571+00:00,9486.8
2024,Wisconsin,WI,HYC,Hydroelectric,megawatts,2026-06-21T19:10:01.199571+00:00,821.2
2024,Wisconsin,WI,NG,Natural Gas,megawatts,2026-06-21T19:10:01.199571+00:00,14617.599999999999
2024,Wisconsin,WI,NGCC,Natural Gas - CC,megawatts,2026-06-21T19:10:01.199571+00:00,6957.4
2024,Wisconsin,WI,NGGT,Natural Gas - GT,megawatts,2026-06-21T19:10:01.199571+00:00,6359.2
2024,Wisconsin,WI,NGIC,Natural Gas - IC,megawatts,2026-06-21T19:10:01.199571+00:00,307.0
2024,Wisconsin,WI,NGST,Natural Gas - ST,megawatts,2026-06-21T19:10:01.199571+00:00,994.0
2024,Wisconsin,WI,NUC,Nuclear,megawatts,2026-06-21T19:10:01.199571+00:00,2370.6
2024,Wisconsin,WI,OBM,Other Biomass,megawatts,2026-06-21T19:10:01.199571+00:00,188.4
2024,Wisconsin,WI,PET,Petroleum,megawatts,2026-06-21T19:10:01.199571+00:00,1129.4
2024,Wisconsin,WI,PETGT,Petroleum - GT,megawatts,2026-06-21T19:10:01.199571+00:00,626.2
2024,Wisconsin,WI,PETIC,Petroleum - IC,megawatts,2026-06-21T19:10:01.199571+00:00,386.4
2024,Wisconsin,WI,PETST,Petroleum - ST,megawatts,2026-06-21T19:10:01.199571+00:00,116.8
2024,Wisconsin,WI,SOL,Solar,megawatts,2026-06-21T19:10:01.199571+00:00,4212.0
2024,Wisconsin,WI,SOLPV,Solar - PV,megawatts,2026-06-21T19:10:01.199571+00:00,4212.0
2024,Wisconsin,WI,WND,Wind,megawatts,2026-06-21T19:10:01.199571+00:00,1652.4
2024,Wisconsin,WI,WOO,Wood,megawatts,2026-06-21T19:10:01.199571+00:00,370.6
2024,Wyoming,WY,COL,Coal,megawatts,2026-06-21T19:10:01.199571+00:00,9998.0
2024,Wyoming,WY,HYC,Hydroelectric,megawatts,2026-06-21T19:10:01.199571+00:00,614.2
2024,Wyoming,WY,NG,Natural Gas,megawatts,2026-06-21T19:10:01.199571+00:00,3342.2
2024,Wyoming,WY,NGCC,Natural Gas - CC,megawatts,2026-06-21T19:10:01.199571+00:00,188.0
2024,Wyoming,WY,NGGT,Natural Gas - GT,megawatts,2026-06-21T19:10:01.199571+00:00,501.8
2024,Wyoming,WY,NGIC,Natural Gas - IC,megawatts,2026-06-21T19:10:01.199571+00:00,18.4
2024,Wyoming,WY,NGST,Natural Gas - ST,megawatts,2026-06-21T19:10:01.199571+00:00,2634.0
2024,Wyoming,WY,OT,Other,megawatts,2026-06-21T19:10:01.199571+00:00,26.6
2024,Wyoming,WY,OOG,Other Gas,megawatts,2026-06-21T19:10:01.199571+00:00,6.6
2024,Wyoming,WY,PET,Petroleum,megawatts,2026-06-21T19:10:01.199571+00:00,11.6
2024,Wyoming,WY,PETIC,Petroleum - IC,megawatts,2026-06-21T19:10:01.199571+00:00,11.6
2024,Wyoming,WY,SOL,Solar,megawatts,2026-06-21T19:10:01.199571+00:00,484.0
2024,Wyoming,WY,SOLPV,Solar - PV,megawatts,2026-06-21T19:10:01.199571+00:00,484.0
2024,Wyoming,WY,WND,Wind,megawatts,2026-06-21T19:10:01.199571+00:00,7207.8
2023,Alabama,AL,BAT,Battery,megawatts,2026-06-21T19:10:01.199571+00:00,2.0
2023,Alabama,AL,COL,Coal,megawatts,2026-06-21T19:10:01.199571+00:00,9456.0
2023,Alabama,AL,HYC,Hydroelectric,megawatts,2026-06-21T19:10:01.199571+00:00,6583.6
2023,Alabama,AL,NG,Natural Gas,megawatts,2026-06-21T19:10:01.199571+00:00,32726.8
2023,Alabama,AL,NGCC,Natural Gas - CC,megawatts,2026-06-21T19:10:01.199571+00:00,22344.4
2023,Alabama,AL,NGGT,Natural Gas - GT,megawatts,2026-06-21T19:10:01.199571+00:00,6615.6
2023,Alabama,AL,NGOTH,Natural Gas - OTH,megawatts,2026-06-21T19:10:01.199571+00:00,220.0
2023,Alabama,AL,NGST,Natural Gas - ST,megawatts,2026-06-21T19:10:01.199571+00:00,3546.8
2023,Alabama,AL,NUC,Nuclear,megawatts,2026-06-21T19:10:01.199571+00:00,10905.4
2023,Alabama,AL,OBM,Other Biomass,megawatts,2026-06-21T19:10:01.199571+00:00,12.8
2023,Alabama,AL,PET,Petroleum,megawatts,2026-06-21T19:10:01.199571+00:00,85.2
2023,Alabama,AL,PETGT,Petroleum - GT,megawatts,2026-06-21T19:10:01.199571+00:00,32.0
2023,Alabama,AL,PETIC,Petroleum - IC,megawatts,2026-06-21T19:10:01.199571+00:00,53.2
2023,Alabama,AL,SOL,Solar,megawatts,2026-06-21T19:10:01.199571+00:00,1202.2
2023,Alabama,AL,SOLPV,Solar - PV,megawatts,2026-06-21T19:10:01.199571+00:00,1202.2
2023,Alabama,AL,WOO,Wood,megawatts,2026-06-21T19:10:01.199571+00:00,1220.6
2023,Alaska,AK,BAT,Battery,megawatts,2026-06-21T19:10:01.199571+00:00,183.4
2023,Alaska,AK,COL,Coal,megawatts,2026-06-21T19:10:01.199571+00:00,335.8
2023,Alaska,AK,HYC,Hydroelectric,megawatts,2026-06-21T19:10:01.199571+00:00,952.4
2023,Alaska,AK,NG,Natural Gas,megawatts,2026-06-21T19:10:01.199571+00:00,2515.0
2023,Alaska,AK,NGCC,Natural Gas - CC,megawatts,2026-06-21T19:10:01.199571+00:00,749.2
2023,Alaska,AK,NGGT,Natural Gas - GT,megawatts,2026-06-21T19:10:01.199571+00:00,1417.0
2023,Alaska,AK,NGIC,Natural Gas - IC,megawatts,2026-06-21T19:10:01.199571+00:00,348.8
2023,Alaska,AK,OT,Other,megawatts,2026-06-21T19:10:01.199571+00:00,5.8
2023,Alaska,AK,OBM,Other Biomass,megawatts,2026-06-21T19:10:01.199571+00:00,14.0
2023,Alaska,AK,PET,Petroleum,megawatts,2026-06-21T19:10:01.199571+00:00,1502.2
2023,Alaska,AK,PETGT,Petroleum - GT,megawatts,2026-06-21T19:10:01.199571+00:00,474.0
2023,Alaska,AK,PETIC,Petroleum - IC,megawatts,2026-06-21T19:10:01.199571+00:00,926.2
2023,Alaska,AK,PETOTH,Petroleum - OTH,megawatts,2026-06-21T19:10:01.199571+00:00,102.0
2023,Alaska,AK,SOL,Solar,megawatts,2026-06-21T19:10:01.199571+00:00,15.4
2023,Alaska,AK,SOLPV,Solar - PV,megawatts,2026-06-21T19:10:01.199571+00:00,15.4
2023,Alaska,AK,WND,Wind,megawatts,2026-06-21T19:10:01.199571+00:00,118.0
2023,Arizona,AZ,BAT,Battery,megawatts,2026-06-21T19:10:01.199571+00:00,1862.0
2023,Arizona,AZ,COL,Coal,megawatts,2026-06-21T19:10:01.199571+00:00,5878.0
2023,Arizona,AZ,HYC,Hydroelectric,megawatts,2026-06-21T19:10:01.199571+00:00,5443.8
2023,Arizona,AZ,NG,Natural Gas,megawatts,2026-06-21T19:10:01.199571+00:00,28682.0
2023,Arizona,AZ,NGCC,Natural Gas - CC,megawatts,2026-06-21T19:10:01.199571+00:00,20363.2
2023,Arizona,AZ,NGGT,Natural Gas - GT,megawatts,2026-06-21T19:10:01.199571+00:00,6123.6
2023,Arizona,AZ,NGIC,Natural Gas - IC,megawatts,2026-06-21T19:10:01.199571+00:00,367.2
2023,Arizona,AZ,NGST,Natural Gas - ST,megawatts,2026-06-21T19:10:01.199571+00:00,1828.0
2023,Arizona,AZ,NUC,Nuclear,megawatts,2026-06-21T19:10:01.199571+00:00,7874.0
2023,Arizona,AZ,OBM,Other Biomass,megawatts,2026-06-21T19:10:01.199571+00:00,6.4
2023,Arizona,AZ,PET,Petroleum,megawatts,2026-06-21T19:10:01.199571+00:00,537.0
2023,Arizona,AZ,PETGT,Petroleum - GT,megawatts,2026-06-21T19:10:01.199571+00:00,172.0
2023,Arizona,AZ,PETIC,Petroleum - IC,megawatts,2026-06-21T19:10:01.199571+00:00,3.0
2023,Arizona,AZ,PETST,Petroleum - ST,megawatts,2026-06-21T19:10:01.199571+00:00,362.0
2023,Arizona,AZ,HPS,Pumped Storage,megawatts,2026-06-21T19:10:01.199571+00:00,432.6
2023,Arizona,AZ,SOL,Solar,megawatts,2026-06-21T19:10:01.199571+00:00,7293.0
2023,Arizona,AZ,SOLPV,Solar - PV,megawatts,2026-06-21T19:10:01.199571+00:00,6701.799999999999
2023,Arizona,AZ,SOLTH,Solar - TH,megawatts,2026-06-21T19:10:01.199571+00:00,591.2
2023,Arizona,AZ,WND,Wind,megawatts,2026-06-21T19:10:01.199571+00:00,1711.0
2023,Arizona,AZ,WOO,Wood,megawatts,2026-06-21T19:10:01.199571+00:00,49.4
2023,Arkansas,AR,BAT,Battery,megawatts,2026-06-21T19:10:01.199571+00:00,44.0
2023,Arkansas,AR,COL,Coal,megawatts,2026-06-21T19:10:01.199571+00:00,9468.0
2023,Arkansas,AR,HYC,Hydroelectric,megawatts,2026-06-21T19:10:01.199571+00:00,2530.4
2023,Arkansas,AR,NG,Natural Gas,megawatts,2026-06-21T19:10:01.199571+00:00,12264.0
2023,Arkansas,AR,NGCC,Natural Gas - CC,megawatts,2026-06-21T19:10:01.199571+00:00,9210.4
2023,Arkansas,AR,NGGT,Natural Gas - GT,megawatts,2026-06-21T19:10:01.199571+00:00,1405.6
2023,Arkansas,AR,NGIC,Natural Gas - IC,megawatts,2026-06-21T19:10:01.199571+00:00,36.0
2023,Arkansas,AR,NGST,Natural Gas - ST,megawatts,2026-06-21T19:10:01.199571+00:00,1612.0
2023,Arkansas,AR,NUC,Nuclear,megawatts,2026-06-21T19:10:01.199571+00:00,3650.0
2023,Arkansas,AR,OBM,Other Biomass,megawatts,2026-06-21T19:10:01.199571+00:00,13.8
2023,Arkansas,AR,PET,Petroleum,megawatts,2026-06-21T19:10:01.199571+00:00,18.0
2023,Arkansas,AR,PETIC,Petroleum - IC,megawatts,2026-06-21T19:10:01.199571+00:00,18.0
2023,Arkansas,AR,HPS,Pumped Storage,megawatts,2026-06-21T19:10:01.199571+00:00,60.0
2023,Arkansas,AR,SOL,Solar,megawatts,2026-06-21T19:10:01.199571+00:00,1641.8
2023,Arkansas,AR,SOLPV,Solar - PV,megawatts,2026-06-21T19:10:01.199571+00:00,1641.8
2023,Arkansas,AR,WOO,Wood,megawatts,2026-06-21T19:10:01.199571+00:00,433.8
2023,California,CA,BAT,Battery,megawatts,2026-06-21T19:10:01.199571+00:00,15969.2
2023,California,CA,COL,Coal,megawatts,2026-06-21T19:10:01.199571+00:00,114.0
2023,California,CA,GEO,Geothermal,megawatts,2026-06-21T19:10:01.199571+00:00,3770.0
2023,California,CA,HYC,Hydroelectric,megawatts,2026-06-21T19:10:01.199571+00:00,20451.8
2023,California,CA,NG,Natural Gas,megawatts,2026-06-21T19:10:01.199571+00:00,72339.6
2023,California,CA,NGCC,Natural Gas - CC,megawatts,2026-06-21T19:10:01.199571+00:00,40782.2
2023,California,CA,NGGT,Natural Gas - GT,megawatts,2026-06-21T19:10:01.199571+00:00,22938.8
2023,California,CA,NGIC,Natural Gas - IC,megawatts,2026-06-21T19:10:01.199571+00:00,801.0
2023,California,CA,NGOTH,Natural Gas - OTH,megawatts,2026-06-21T19:10:01.199571+00:00,309.6
2023,California,CA,NGST,Natural Gas - ST,megawatts,2026-06-21T19:10:01.199571+00:00,7508.0
2023,California,CA,NUC,Nuclear,megawatts,2026-06-21T19:10:01.199571+00:00,4480.0
2023,California,CA,OT,Other,megawatts,2026-06-21T19:10:01.199571+00:00,188.8
2023,California,CA,OBM,Other Biomass,megawatts,2026-06-21T19:10:01.199571+00:00,952.0
2023,California,CA,OOG,Other Gas,megawatts,2026-06-21T19:10:01.199571+00:00,426.0
2023,California,CA,PET,Petroleum,megawatts,2026-06-21T19:10:01.199571+00:00,830.4
2023,California,CA,PETGT,Petroleum - GT,megawatts,2026-06-21T19:10:01.199571+00:00,373.8
2023,California,CA,PETIC,Petroleum - IC,megawatts,2026-06-21T19:10:01.199571+00:00,456.6
2023,California,CA,HPS,Pumped Storage,megawatts,2026-06-21T19:10:01.199571+00:00,7823.8
2023,California,CA,SOL,Solar,megawatts,2026-06-21T19:10:01.199571+00:00,39550.2
2023,California,CA,SOLPV,Solar - PV,megawatts,2026-06-21T19:10:01.199571+00:00,37538.600000000006
2023,California,CA,SOLTH,Solar - TH,megawatts,2026-06-21T19:10:01.199571+00:00,2011.6
2023,California,CA,WND,Wind,megawatts,2026-06-21T19:10:01.199571+00:00,12568.4
2023,California,CA,WOO,Wood,megawatts,2026-06-21T19:10:01.199571+00:00,1285.6
2023,Colorado,CO,BAT,Battery,megawatts,2026-06-21T19:10:01.199571+00:00,482.0
2023,Colorado,CO,COL,Coal,megawatts,2026-06-21T19:10:01.199571+00:00,7608.0
2023,Colorado,CO,HYC,Hydroelectric,megawatts,2026-06-21T19:10:01.199571+00:00,1379.4
2023,Colorado,CO,NG,Natural Gas,megawatts,2026-06-21T19:10:01.199571+00:00,12975.8
2023,Colorado,CO,NGCC,Natural Gas - CC,megawatts,2026-06-21T19:10:01.199571+00:00,6387.0
2023,Colorado,CO,NGGT,Natural Gas - GT,megawatts,2026-06-21T19:10:01.199571+00:00,5322.0
2023,Colorado,CO,NGIC,Natural Gas - IC,megawatts,2026-06-21T19:10:01.199571+00:00,450.8
2023,Colorado,CO,NGST,Natural Gas - ST,megawatts,2026-06-21T19:10:01.199571+00:00,816.0
2023,Colorado,CO,OT,Other,megawatts,2026-06-21T19:10:01.199571+00:00,18.2
2023,Colorado,CO,OBM,Other Biomass,megawatts,2026-06-21T19:10:01.199571+00:00,32.2
2023,Colorado,CO,OOG,Other Gas,megawatts,2026-06-21T19:10:01.199571+00:00,6.0
2023,Colorado,CO,PET,Petroleum,megawatts,2026-06-21T19:10:01.199571+00:00,355.0
2023,Colorado,CO,PETGT,Petroleum - GT,megawatts,2026-06-21T19:10:01.199571+00:00,254.0
2023,Colorado,CO,PETIC,Petroleum - IC,megawatts,2026-06-21T19:10:01.199571+00:00,101.0
2023,Colorado,CO,HPS,Pumped Storage,megawatts,2026-06-21T19:10:01.199571+00:00,1180.8
2023,Colorado,CO,SOL,Solar,megawatts,2026-06-21T19:10:01.199571+00:00,4346.8
2023,Colorado,CO,SOLPV,Solar - PV,megawatts,2026-06-21T19:10:01.199571+00:00,4346.8
2023,Colorado,CO,WND,Wind,megawatts,2026-06-21T19:10:01.199571+00:00,10673.4
2023,Colorado,CO,WOO,Wood,megawatts,2026-06-21T19:10:01.199571+00:00,25.2
2023,Connecticut,CT,BAT,Battery,megawatts,2026-06-21T19:10:01.199571+00:00,3.2
2023,Connecticut,CT,HYC,Hydroelectric,megawatts,2026-06-21T19:10:01.199571+00:00,238.4
2023,Connecticut,CT,NG,Natural Gas,megawatts,2026-06-21T19:10:01.199571+00:00,10127.6
2023,Connecticut,CT,NGCC,Natural Gas - CC,megawatts,2026-06-21T19:10:01.199571+00:00,7846.0
2023,Connecticut,CT,NGGT,Natural Gas - GT,megawatts,2026-06-21T19:10:01.199571+00:00,1168.0
2023,Connecticut,CT,NGIC,Natural Gas - IC,megawatts,2026-06-21T19:10:01.199571+00:00,31.4
2023,Connecticut,CT,NGOTH,Natural Gas - OTH,megawatts,2026-06-21T19:10:01.199571+00:00,168.0
2023,Connecticut,CT,NGST,Natural Gas - ST,megawatts,2026-06-21T19:10:01.199571+00:00,914.2
2023,Connecticut,CT,NUC,Nuclear,megawatts,2026-06-21T19:10:01.199571+00:00,4162.4
2023,Connecticut,CT,OBM,Other Biomass,megawatts,2026-06-21T19:10:01.199571+00:00,204.2
2023,Connecticut,CT,PET,Petroleum,megawatts,2026-06-21T19:10:01.199571+00:00,4417.4
2023,Connecticut,CT,PETGT,Petroleum - GT,megawatts,2026-06-21T19:10:01.199571+00:00,1791.4
2023,Connecticut,CT,PETIC,Petroleum - IC,megawatts,2026-06-21T19:10:01.199571+00:00,140.8
2023,Connecticut,CT,PETST,Petroleum - ST,megawatts,2026-06-21T19:10:01.199571+00:00,2485.2
2023,Connecticut,CT,HPS,Pumped Storage,megawatts,2026-06-21T19:10:01.199571+00:00,58.8
2023,Connecticut,CT,SOL,Solar,megawatts,2026-06-21T19:10:01.199571+00:00,574.8
2023,Connecticut,CT,SOLPV,Solar - PV,megawatts,2026-06-21T19:10:01.199571+00:00,574.8
2023,Connecticut,CT,WND,Wind,megawatts,2026-06-21T19:10:01.199571+00:00,10.0
2023,Connecticut,CT,WOO,Wood,megawatts,2026-06-21T19:10:01.199571+00:00,75.0
2023,Delaware,DE,COL,Coal,megawatts,2026-06-21T19:10:01.199571+00:00,820.0
2023,Delaware,DE,NG,Natural Gas,megawatts,2026-06-21T19:10:01.199571+00:00,5067.6
2023,Delaware,DE,NGCC,Natural Gas - CC,megawatts,2026-06-21T19:10:01.199571+00:00,2992.0
2023,Delaware,DE,NGGT,Natural Gas - GT,megawatts,2026-06-21T19:10:01.199571+00:00,628.0
2023,Delaware,DE,NGOTH,Natural Gas - OTH,megawatts,2026-06-21T19:10:01.199571+00:00,57.6
2023,Delaware,DE,NGST,Natural Gas - ST,megawatts,2026-06-21T19:10:01.199571+00:00,1390.0
2023,Delaware,DE,OBM,Other Biomass,megawatts,2026-06-21T19:10:01.199571+00:00,28.4
2023,Delaware,DE,OOG,Other Gas,megawatts,2026-06-21T19:10:01.199571+00:00,270.0
2023,Delaware,DE,PET,Petroleum,megawatts,2026-06-21T19:10:01.199571+00:00,222.2
2023,Delaware,DE,PETGT,Petroleum - GT,megawatts,2026-06-21T19:10:01.199571+00:00,222.2
2023,Delaware,DE,SOL,Solar,megawatts,2026-06-21T19:10:01.199571+00:00,178.8
2023,Delaware,DE,SOLPV,Solar - PV,megawatts,2026-06-21T19:10:01.199571+00:00,178.8
2023,Delaware,DE,WND,Wind,megawatts,2026-06-21T19:10:01.199571+00:00,4.0
2023,District of Columbia,DC,NG,Natural Gas,megawatts,2026-06-21T19:10:01.199571+00:00,41.2
2023,District of Columbia,DC,NGGT,Natural Gas - GT,megawatts,2026-06-21T19:10:01.199571+00:00,41.2
2023,District of Columbia,DC,OBM,Other Biomass,megawatts,2026-06-21T19:10:01.199571+00:00,24.0
2023,District of Columbia,DC,SOL,Solar,megawatts,2026-06-21T19:10:01.199571+00:00,39.2
2023,District of Columbia,DC,SOLPV,Solar - PV,megawatts,2026-06-21T19:10:01.199571+00:00,39.2
2023,Florida,FL,BAT,Battery,megawatts,2026-06-21T19:10:01.199571+00:00,1121.4
2023,Florida,FL,COL,Coal,megawatts,2026-06-21T19:10:01.199571+00:00,7979.4
2023,Florida,FL,HYC,Hydroelectric,megawatts,2026-06-21T19:10:01.199571+00:00,87.0
2023,Florida,FL,NG,Natural Gas,megawatts,2026-06-21T19:10:01.199571+00:00,99470.6
2023,Florida,FL,NGCC,Natural Gas - CC,megawatts,2026-06-21T19:10:01.199571+00:00,71486.0
2023,Florida,FL,NGGT,Natural Gas - GT,megawatts,2026-06-21T19:10:01.199571+00:00,17582.0
2023,Florida,FL,NGIC,Natural Gas - IC,megawatts,2026-06-21T19:10:01.199571+00:00,350.8
2023,Florida,FL,NGST,Natural Gas - ST,megawatts,2026-06-21T19:10:01.199571+00:00,10051.8
2023,Florida,FL,NUC,Nuclear,megawatts,2026-06-21T19:10:01.199571+00:00,7332.0
2023,Florida,FL,OT,Other,megawatts,2026-06-21T19:10:01.199571+00:00,625.8
2023,Florida,FL,OBM,Other Biomass,megawatts,2026-06-21T19:10:01.199571+00:00,1262.8
2023,Florida,FL,PET,Petroleum,megawatts,2026-06-21T19:10:01.199571+00:00,3221.8
2023,Florida,FL,PETGT,Petroleum - GT,megawatts,2026-06-21T19:10:01.199571+00:00,3027.0
2023,Florida,FL,PETIC,Petroleum - IC,megawatts,2026-06-21T19:10:01.199571+00:00,194.8
2023,Florida,FL,SOL,Solar,megawatts,2026-06-21T19:10:01.199571+00:00,15604.599999999999
2023,Florida,FL,SOLPV,Solar - PV,megawatts,2026-06-21T19:10:01.199571+00:00,15604.599999999999
2023,Florida,FL,WOO,Wood,megawatts,2026-06-21T19:10:01.199571+00:00,740.4
2023,Georgia,GA,BAT,Battery,megawatts,2026-06-21T19:10:01.199571+00:00,162.4
2023,Georgia,GA,COL,Coal,megawatts,2026-06-21T19:10:01.199571+00:00,11560.0
2023,Georgia,GA,HYC,Hydroelectric,megawatts,2026-06-21T19:10:01.199571+00:00,3970.0
2023,Georgia,GA,NG,Natural Gas,megawatts,2026-06-21T19:10:01.199571+00:00,32972.4
2023,Georgia,GA,NGCC,Natural Gas - CC,megawatts,2026-06-21T19:10:01.199571+00:00,16134.0
2023,Georgia,GA,NGGT,Natural Gas - GT,megawatts,2026-06-21T19:10:01.199571+00:00,15138.2
2023,Georgia,GA,NGIC,Natural Gas - IC,megawatts,2026-06-21T19:10:01.199571+00:00,14.0
2023,Georgia,GA,NGOTH,Natural Gas - OTH,megawatts,2026-06-21T19:10:01.199571+00:00,0.4
2023,Georgia,GA,NGST,Natural Gas - ST,megawatts,2026-06-21T19:10:01.199571+00:00,1685.8
2023,Georgia,GA,NUC,Nuclear,megawatts,2026-06-21T19:10:01.199571+00:00,10350.0
2023,Georgia,GA,OBM,Other Biomass,megawatts,2026-06-21T19:10:01.199571+00:00,111.6
2023,Georgia,GA,PET,Petroleum,megawatts,2026-06-21T19:10:01.199571+00:00,2381.6
2023,Georgia,GA,PETGT,Petroleum - GT,megawatts,2026-06-21T19:10:01.199571+00:00,2014.0
2023,Georgia,GA,PETIC,Petroleum - IC,megawatts,2026-06-21T19:10:01.199571+00:00,200.0
2023,Georgia,GA,PETST,Petroleum - ST,megawatts,2026-06-21T19:10:01.199571+00:00,167.6
2023,Georgia,GA,HPS,Pumped Storage,megawatts,2026-06-21T19:10:01.199571+00:00,3794.8
2023,Georgia,GA,SOL,Solar,megawatts,2026-06-21T19:10:01.199571+00:00,8246.0
2023,Georgia,GA,SOLPV,Solar - PV,megawatts,2026-06-21T19:10:01.199571+00:00,8246.0
2023,Georgia,GA,WOO,Wood,megawatts,2026-06-21T19:10:01.199571+00:00,2022.6
2023,Hawaii,HI,BAT,Battery,megawatts,2026-06-21T19:10:01.199571+00:00,719.8
2023,Hawaii,HI,GEO,Geothermal,megawatts,2026-06-21T19:10:01.199571+00:00,86.0
2023,Hawaii,HI,HYC,Hydroelectric,megawatts,2026-06-21T19:10:01.199571+00:00,64.80000000000001
2023,Hawaii,HI,OT,Other,megawatts,2026-06-21T19:10:01.199571+00:00,55.0
2023,Hawaii,HI,OBM,Other Biomass,megawatts,2026-06-21T19:10:01.199571+00:00,292.8
2023,Hawaii,HI,PET,Petroleum,megawatts,2026-06-21T19:10:01.199571+00:00,3959.8
2023,Hawaii,HI,PETGT,Petroleum - GT,megawatts,2026-06-21T19:10:01.199571+00:00,674.2
2023,Hawaii,HI,PETIC,Petroleum - IC,megawatts,2026-06-21T19:10:01.199571+00:00,370.0
2023,Hawaii,HI,PETOTH,Petroleum - OTH,megawatts,2026-06-21T19:10:01.199571+00:00,879.2
2023,Hawaii,HI,PETST,Petroleum - ST,megawatts,2026-06-21T19:10:01.199571+00:00,2036.4
2023,Hawaii,HI,SOL,Solar,megawatts,2026-06-21T19:10:01.199571+00:00,784.4
2023,Hawaii,HI,SOLPV,Solar - PV,megawatts,2026-06-21T19:10:01.199571+00:00,784.4
2023,Hawaii,HI,WND,Wind,megawatts,2026-06-21T19:10:01.199571+00:00,466.4
2023,Hawaii,HI,WOO,Wood,megawatts,2026-06-21T19:10:01.199571+00:00,15.0
2023,Idaho,ID,GEO,Geothermal,megawatts,2026-06-21T19:10:01.199571+00:00,20.0
2023,Idaho,ID,HYC,Hydroelectric,megawatts,2026-06-21T19:10:01.199571+00:00,5261.6
2023,Idaho,ID,NG,Natural Gas,megawatts,2026-06-21T19:10:01.199571+00:00,2473.8
2023,Idaho,ID,NGCC,Natural Gas - CC,megawatts,2026-06-21T19:10:01.199571+00:00,1202.0
2023,Idaho,ID,NGGT,Natural Gas - GT,megawatts,2026-06-21T19:10:01.199571+00:00,1238.4
2023,Idaho,ID,NGST,Natural Gas - ST,megawatts,2026-06-21T19:10:01.199571+00:00,33.4
2023,Idaho,ID,OT,Other,megawatts,2026-06-21T19:10:01.199571+00:00,29.6
2023,Idaho,ID,OBM,Other Biomass,megawatts,2026-06-21T19:10:01.199571+00:00,36.599999999999994
2023,Idaho,ID,PET,Petroleum,megawatts,2026-06-21T19:10:01.199571+00:00,10.8
2023,Idaho,ID,PETIC,Petroleum - IC,megawatts,2026-06-21T19:10:01.199571+00:00,10.8
2023,Idaho,ID,SOL,Solar,megawatts,2026-06-21T19:10:01.199571+00:00,804.0
2023,Idaho,ID,SOLPV,Solar - PV,megawatts,2026-06-21T19:10:01.199571+00:00,804.0
2023,Idaho,ID,WND,Wind,megawatts,2026-06-21T19:10:01.199571+00:00,1936.6
2023,Idaho,ID,WOO,Wood,megawatts,2026-06-21T19:10:01.199571+00:00,132.2
2023,Illinois,IL,BAT,Battery,megawatts,2026-06-21T19:10:01.199571+00:00,192.2
2023,Illinois,IL,COL,Coal,megawatts,2026-06-21T19:10:01.199571+00:00,13707.0
2023,Illinois,IL,HYC,Hydroelectric,megawatts,2026-06-21T19:10:01.199571+00:00,65.8
2023,Illinois,IL,NG,Natural Gas,megawatts,2026-06-21T19:10:01.199571+00:00,33834.2
2023,Illinois,IL,NGCC,Natural Gas - CC,megawatts,2026-06-21T19:10:01.199571+00:00,11646.2
2023,Illinois,IL,NGGT,Natural Gas - GT,megawatts,2026-06-21T19:10:01.199571+00:00,21442.0
2023,Illinois,IL,NGIC,Natural Gas - IC,megawatts,2026-06-21T19:10:01.199571+00:00,369.0
2023,Illinois,IL,NGST,Natural Gas - ST,megawatts,2026-06-21T19:10:01.199571+00:00,377.0
2023,Illinois,IL,NUC,Nuclear,megawatts,2026-06-21T19:10:01.199571+00:00,23135.2
2023,Illinois,IL,OT,Other,megawatts,2026-06-21T19:10:01.199571+00:00,156.0
2023,Illinois,IL,OBM,Other Biomass,megawatts,2026-06-21T19:10:01.199571+00:00,110.4
2023,Illinois,IL,OOG,Other Gas,megawatts,2026-06-21T19:10:01.199571+00:00,73.0
2023,Illinois,IL,PET,Petroleum,megawatts,2026-06-21T19:10:01.199571+00:00,1319.8
2023,Illinois,IL,PETGT,Petroleum - GT,megawatts,2026-06-21T19:10:01.199571+00:00,725.2
2023,Illinois,IL,PETIC,Petroleum - IC,megawatts,2026-06-21T19:10:01.199571+00:00,594.6
2023,Illinois,IL,SOL,Solar,megawatts,2026-06-21T19:10:01.199571+00:00,2497.4
2023,Illinois,IL,SOLPV,Solar - PV,megawatts,2026-06-21T19:10:01.199571+00:00,2497.4
2023,Illinois,IL,WND,Wind,megawatts,2026-06-21T19:10:01.199571+00:00,15747.4
2023,Indiana,IN,BAT,Battery,megawatts,2026-06-21T19:10:01.199571+00:00,72.0
2023,Indiana,IN,COL,Coal,megawatts,2026-06-21T19:10:01.199571+00:00,25694.4
2023,Indiana,IN,HYC,Hydroelectric,megawatts,2026-06-21T19:10:01.199571+00:00,143.2
2023,Indiana,IN,NG,Natural Gas,megawatts,2026-06-21T19:10:01.199571+00:00,16233.8
2023,Indiana,IN,NGCC,Natural Gas - CC,megawatts,2026-06-21T19:10:01.199571+00:00,7799.2
2023,Indiana,IN,NGGT,Natural Gas - GT,megawatts,2026-06-21T19:10:01.199571+00:00,6731.8
2023,Indiana,IN,NGIC,Natural Gas - IC,megawatts,2026-06-21T19:10:01.199571+00:00,97.6
2023,Indiana,IN,NGST,Natural Gas - ST,megawatts,2026-06-21T19:10:01.199571+00:00,1605.2
2023,Indiana,IN,OT,Other,megawatts,2026-06-21T19:10:01.199571+00:00,176.0
2023,Indiana,IN,OBM,Other Biomass,megawatts,2026-06-21T19:10:01.199571+00:00,99.4
2023,Indiana,IN,OOG,Other Gas,megawatts,2026-06-21T19:10:01.199571+00:00,1090.2
2023,Indiana,IN,PET,Petroleum,megawatts,2026-06-21T19:10:01.199571+00:00,191.6
2023,Indiana,IN,PETGT,Petroleum - GT,megawatts,2026-06-21T19:10:01.199571+00:00,74.0
2023,Indiana,IN,PETIC,Petroleum - IC,megawatts,2026-06-21T19:10:01.199571+00:00,117.6
2023,Indiana,IN,SOL,Solar,megawatts,2026-06-21T19:10:01.199571+00:00,2577.8
2023,Indiana,IN,SOLPV,Solar - PV,megawatts,2026-06-21T19:10:01.199571+00:00,2577.8
2023,Indiana,IN,WND,Wind,megawatts,2026-06-21T19:10:01.199571+00:00,6878.2
2023,Iowa,IA,BAT,Battery,megawatts,2026-06-21T19:10:01.199571+00:00,17.8
2023,Iowa,IA,COL,Coal,megawatts,2026-06-21T19:10:01.199571+00:00,9721.599999999999
2023,Iowa,IA,HYC,Hydroelectric,megawatts,2026-06-21T19:10:01.199571+00:00,418.79999999999995
2023,Iowa,IA,NG,Natural Gas,megawatts,2026-06-21T19:10:01.199571+00:00,7407.4
2023,Iowa,IA,NGCC,Natural Gas - CC,megawatts,2026-06-21T19:10:01.199571+00:00,3483.8
2023,Iowa,IA,NGGT,Natural Gas - GT,megawatts,2026-06-21T19:10:01.199571+00:00,2421.2
2023,Iowa,IA,NGIC,Natural Gas - IC,megawatts,2026-06-21T19:10:01.199571+00:00,332.20000000000005
2023,Iowa,IA,NGST,Natural Gas - ST,megawatts,2026-06-21T19:10:01.199571+00:00,1170.2
2023,Iowa,IA,OBM,Other Biomass,megawatts,2026-06-21T19:10:01.199571+00:00,41.2
2023,Iowa,IA,PET,Petroleum,megawatts,2026-06-21T19:10:01.199571+00:00,1674.4
2023,Iowa,IA,PETGT,Petroleum - GT,megawatts,2026-06-21T19:10:01.199571+00:00,403.8
2023,Iowa,IA,PETIC,Petroleum - IC,megawatts,2026-06-21T19:10:01.199571+00:00,1206.6
2023,Iowa,IA,PETST,Petroleum - ST,megawatts,2026-06-21T19:10:01.199571+00:00,64.0
2023,Iowa,IA,SOL,Solar,megawatts,2026-06-21T19:10:01.199571+00:00,524.0
2023,Iowa,IA,SOLPV,Solar - PV,megawatts,2026-06-21T19:10:01.199571+00:00,524.0
2023,Iowa,IA,WND,Wind,megawatts,2026-06-21T19:10:01.199571+00:00,25607.6
2023,Kansas,KS,COL,Coal,megawatts,2026-06-21T19:10:01.199571+00:00,9049.4
2023,Kansas,KS,HYC,Hydroelectric,megawatts,2026-06-21T19:10:01.199571+00:00,14.0
2023,Kansas,KS,NG,Natural Gas,megawatts,2026-06-21T19:10:01.199571+00:00,7703.4
2023,Kansas,KS,NGCC,Natural Gas - CC,megawatts,2026-06-21T19:10:01.199571+00:00,494.0
2023,Kansas,KS,NGGT,Natural Gas - GT,megawatts,2026-06-21T19:10:01.199571+00:00,4416.8
2023,Kansas,KS,NGIC,Natural Gas - IC,megawatts,2026-06-21T19:10:01.199571+00:00,1181.0
2023,Kansas,KS,NGST,Natural Gas - ST,megawatts,2026-06-21T19:10:01.199571+00:00,1611.6
2023,Kansas,KS,NUC,Nuclear,megawatts,2026-06-21T19:10:01.199571+00:00,2353.4
2023,Kansas,KS,OT,Other,megawatts,2026-06-21T19:10:01.199571+00:00,1.6
2023,Kansas,KS,OBM,Other Biomass,megawatts,2026-06-21T19:10:01.199571+00:00,18.0
2023,Kansas,KS,PET,Petroleum,megawatts,2026-06-21T19:10:01.199571+00:00,1089.4
2023,Kansas,KS,PETGT,Petroleum - GT,megawatts,2026-06-21T19:10:01.199571+00:00,447.0
2023,Kansas,KS,PETIC,Petroleum - IC,megawatts,2026-06-21T19:10:01.199571+00:00,642.4
2023,Kansas,KS,SOL,Solar,megawatts,2026-06-21T19:10:01.199571+00:00,80.2
2023,Kansas,KS,SOLPV,Solar - PV,megawatts,2026-06-21T19:10:01.199571+00:00,80.2
2023,Kansas,KS,WND,Wind,megawatts,2026-06-21T19:10:01.199571+00:00,18085.4
2023,Kentucky,KY,COL,Coal,megawatts,2026-06-21T19:10:01.199571+00:00,18324.0
2023,Kentucky,KY,HYC,Hydroelectric,megawatts,2026-06-21T19:10:01.199571+00:00,2274.8
2023,Kentucky,KY,NG,Natural Gas,megawatts,2026-06-21T19:10:01.199571+00:00,15743.2
2023,Kentucky,KY,NGCC,Natural Gas - CC,megawatts,2026-06-21T19:10:01.199571+00:00,3578.0
2023,Kentucky,KY,NGGT,Natural Gas - GT,megawatts,2026-06-21T19:10:01.199571+00:00,11199.2
2023,Kentucky,KY,NGST,Natural Gas - ST,megawatts,2026-06-21T19:10:01.199571+00:00,966.0
2023,Kentucky,KY,OBM,Other Biomass,megawatts,2026-06-21T19:10:01.199571+00:00,36.4
2023,Kentucky,KY,PET,Petroleum,megawatts,2026-06-21T19:10:01.199571+00:00,23.8
2023,Kentucky,KY,PETIC,Petroleum - IC,megawatts,2026-06-21T19:10:01.199571+00:00,23.8
2023,Kentucky,KY,SOL,Solar,megawatts,2026-06-21T19:10:01.199571+00:00,164.6
2023,Kentucky,KY,SOLPV,Solar - PV,megawatts,2026-06-21T19:10:01.199571+00:00,164.6
2023,Kentucky,KY,WOO,Wood,megawatts,2026-06-21T19:10:01.199571+00:00,104.6
2023,Louisiana,LA,COL,Coal,megawatts,2026-06-21T19:10:01.199571+00:00,4139.0
2023,Louisiana,LA,HYC,Hydroelectric,megawatts,2026-06-21T19:10:01.199571+00:00,384.0
2023,Louisiana,LA,NG,Natural Gas,megawatts,2026-06-21T19:10:01.199571+00:00,36788.6
2023,Louisiana,LA,NGCC,Natural Gas - CC,megawatts,2026-06-21T19:10:01.199571+00:00,19376.0
2023,Louisiana,LA,NGGT,Natural Gas - GT,megawatts,2026-06-21T19:10:01.199571+00:00,5668.4
2023,Louisiana,LA,NGIC,Natural Gas - IC,megawatts,2026-06-21T19:10:01.199571+00:00,433.0
2023,Louisiana,LA,NGST,Natural Gas - ST,megawatts,2026-06-21T19:10:01.199571+00:00,11311.2
2023,Louisiana,LA,NUC,Nuclear,megawatts,2026-06-21T19:10:01.199571+00:00,4273.8
2023,Louisiana,LA,OT,Other,megawatts,2026-06-21T19:10:01.199571+00:00,718.2
2023,Louisiana,LA,OBM,Other Biomass,megawatts,2026-06-21T19:10:01.199571+00:00,28.2
2023,Louisiana,LA,OOG,Other Gas,megawatts,2026-06-21T19:10:01.199571+00:00,335.2
2023,Louisiana,LA,PET,Petroleum,megawatts,2026-06-21T19:10:01.199571+00:00,1754.6
2023,Louisiana,LA,PETGT,Petroleum - GT,megawatts,2026-06-21T19:10:01.199571+00:00,64.2
2023,Louisiana,LA,PETIC,Petroleum - IC,megawatts,2026-06-21T19:10:01.199571+00:00,35.2
2023,Louisiana,LA,PETST,Petroleum - ST,megawatts,2026-06-21T19:10:01.199571+00:00,1655.2
2023,Louisiana,LA,SOL,Solar,megawatts,2026-06-21T19:10:01.199571+00:00,689.0
2023,Louisiana,LA,SOLPV,Solar - PV,megawatts,2026-06-21T19:10:01.199571+00:00,689.0
2023,Louisiana,LA,WOO,Wood,megawatts,2026-06-21T19:10:01.199571+00:00,816.0
2023,Maine,ME,BAT,Battery,megawatts,2026-06-21T19:10:01.199571+00:00,124.6
2023,Maine,ME,HYC,Hydroelectric,megawatts,2026-06-21T19:10:01.199571+00:00,1451.6
2023,Maine,ME,NG,Natural Gas,megawatts,2026-06-21T19:10:01.199571+00:00,3195.4
2023,Maine,ME,NGCC,Natural Gas - CC,megawatts,2026-06-21T19:10:01.199571+00:00,2571.4
2023,Maine,ME,NGGT,Natural Gas - GT,megawatts,2026-06-21T19:10:01.199571+00:00,624.0
2023,Maine,ME,OT,Other,megawatts,2026-06-21T19:10:01.199571+00:00,44.0
2023,Maine,ME,OBM,Other Biomass,megawatts,2026-06-21T19:10:01.199571+00:00,77.2
2023,Maine,ME,PET,Petroleum,megawatts,2026-06-21T19:10:01.199571+00:00,1689.4
2023,Maine,ME,PETGT,Petroleum - GT,megawatts,2026-06-21T19:10:01.199571+00:00,64.0
2023,Maine,ME,PETIC,Petroleum - IC,megawatts,2026-06-21T19:10:01.199571+00:00,3.6
2023,Maine,ME,PETST,Petroleum - ST,megawatts,2026-06-21T19:10:01.199571+00:00,1621.8
2023,Maine,ME,SOL,Solar,megawatts,2026-06-21T19:10:01.199571+00:00,962.0
2023,Maine,ME,SOLPV,Solar - PV,megawatts,2026-06-21T19:10:01.199571+00:00,962.0
2023,Maine,ME,WND,Wind,megawatts,2026-06-21T19:10:01.199571+00:00,2059.0
2023,Maine,ME,WOO,Wood,megawatts,2026-06-21T19:10:01.199571+00:00,900.0
2023,Maryland,MD,BAT,Battery,megawatts,2026-06-21T19:10:01.199571+00:00,15.4
2023,Maryland,MD,COL,Coal,megawatts,2026-06-21T19:10:01.199571+00:00,2906.0
2023,Maryland,MD,HYC,Hydroelectric,megawatts,2026-06-21T19:10:01.199571+00:00,1029.8
2023,Maryland,MD,NG,Natural Gas,megawatts,2026-06-21T19:10:01.199571+00:00,11265.4
2023,Maryland,MD,NGCC,Natural Gas - CC,megawatts,2026-06-21T19:10:01.199571+00:00,5491.6
2023,Maryland,MD,NGGT,Natural Gas - GT,megawatts,2026-06-21T19:10:01.199571+00:00,3351.2
2023,Maryland,MD,NGIC,Natural Gas - IC,megawatts,2026-06-21T19:10:01.199571+00:00,23.0
2023,Maryland,MD,NGST,Natural Gas - ST,megawatts,2026-06-21T19:10:01.199571+00:00,2399.6
2023,Maryland,MD,NUC,Nuclear,megawatts,2026-06-21T19:10:01.199571+00:00,3490.4
2023,Maryland,MD,OBM,Other Biomass,megawatts,2026-06-21T19:10:01.199571+00:00,274.6
2023,Maryland,MD,PET,Petroleum,megawatts,2026-06-21T19:10:01.199571+00:00,3312.6000000000004
2023,Maryland,MD,PETGT,Petroleum - GT,megawatts,2026-06-21T19:10:01.199571+00:00,1182.2
2023,Maryland,MD,PETIC,Petroleum - IC,megawatts,2026-06-21T19:10:01.199571+00:00,168.4
2023,Maryland,MD,PETST,Petroleum - ST,megawatts,2026-06-21T19:10:01.199571+00:00,1962.0
2023,Maryland,MD,SOL,Solar,megawatts,2026-06-21T19:10:01.199571+00:00,1168.8
2023,Maryland,MD,SOLPV,Solar - PV,megawatts,2026-06-21T19:10:01.199571+00:00,1168.8
2023,Maryland,MD,WND,Wind,megawatts,2026-06-21T19:10:01.199571+00:00,380.0
2023,Maryland,MD,WOO,Wood,megawatts,2026-06-21T19:10:01.199571+00:00,5.2
2023,Massachusetts,MA,BAT,Battery,megawatts,2026-06-21T19:10:01.199571+00:00,536.2
2023,Massachusetts,MA,HYC,Hydroelectric,megawatts,2026-06-21T19:10:01.199571+00:00,534.4
2023,Massachusetts,MA,NG,Natural Gas,megawatts,2026-06-21T19:10:01.199571+00:00,12978.8
2023,Massachusetts,MA,NGCC,Natural Gas - CC,megawatts,2026-06-21T19:10:01.199571+00:00,11885.8
2023,Massachusetts,MA,NGGT,Natural Gas - GT,megawatts,2026-06-21T19:10:01.199571+00:00,912.4
2023,Massachusetts,MA,NGIC,Natural Gas - IC,megawatts,2026-06-21T19:10:01.199571+00:00,80.0
2023,Massachusetts,MA,NGOTH,Natural Gas - OTH,megawatts,2026-06-21T19:10:01.199571+00:00,15.0
2023,Massachusetts,MA,NGST,Natural Gas - ST,megawatts,2026-06-21T19:10:01.199571+00:00,85.6
2023,Massachusetts,MA,OBM,Other Biomass,megawatts,2026-06-21T19:10:01.199571+00:00,516.4
2023,Massachusetts,MA,PET,Petroleum,megawatts,2026-06-21T19:10:01.199571+00:00,4553.6
2023,Massachusetts,MA,PETGT,Petroleum - GT,megawatts,2026-06-21T19:10:01.199571+00:00,1479.6
2023,Massachusetts,MA,PETIC,Petroleum - IC,megawatts,2026-06-21T19:10:01.199571+00:00,226.2
2023,Massachusetts,MA,PETOTH,Petroleum - OTH,megawatts,2026-06-21T19:10:01.199571+00:00,610.2
2023,Massachusetts,MA,PETST,Petroleum - ST,megawatts,2026-06-21T19:10:01.199571+00:00,2237.6
2023,Massachusetts,MA,HPS,Pumped Storage,megawatts,2026-06-21T19:10:01.199571+00:00,3668.0
2023,Massachusetts,MA,SOL,Solar,megawatts,2026-06-21T19:10:01.199571+00:00,2678.2
2023,Massachusetts,MA,SOLPV,Solar - PV,megawatts,2026-06-21T19:10:01.199571+00:00,2678.2
2023,Massachusetts,MA,WND,Wind,megawatts,2026-06-21T19:10:01.199571+00:00,203.6
2023,Massachusetts,MA,WOO,Wood,megawatts,2026-06-21T19:10:01.199571+00:00,29.8
2023,Michigan,MI,BAT,Battery,megawatts,2026-06-21T19:10:01.199571+00:00,2.6
2023,Michigan,MI,COL,Coal,megawatts,2026-06-21T19:10:01.199571+00:00,11603.8
2023,Michigan,MI,HYC,Hydroelectric,megawatts,2026-06-21T19:10:01.199571+00:00,527.6
2023,Michigan,MI,NG,Natural Gas,megawatts,2026-06-21T19:10:01.199571+00:00,27550.2
2023,Michigan,MI,NGCC,Natural Gas - CC,megawatts,2026-06-21T19:10:01.199571+00:00,15383.2
2023,Michigan,MI,NGGT,Natural Gas - GT,megawatts,2026-06-21T19:10:01.199571+00:00,7140.0
2023,Michigan,MI,NGIC,Natural Gas - IC,megawatts,2026-06-21T19:10:01.199571+00:00,719.2
2023,Michigan,MI,NGST,Natural Gas - ST,megawatts,2026-06-21T19:10:01.199571+00:00,4307.8
2023,Michigan,MI,NUC,Nuclear,megawatts,2026-06-21T19:10:01.199571+00:00,6636.0
2023,Michigan,MI,OT,Other,megawatts,2026-06-21T19:10:01.199571+00:00,7.6
2023,Michigan,MI,OBM,Other Biomass,megawatts,2026-06-21T19:10:01.199571+00:00,335.6
2023,Michigan,MI,OOG,Other Gas,megawatts,2026-06-21T19:10:01.199571+00:00,500.0
2023,Michigan,MI,PET,Petroleum,megawatts,2026-06-21T19:10:01.199571+00:00,959.4
2023,Michigan,MI,PETGT,Petroleum - GT,megawatts,2026-06-21T19:10:01.199571+00:00,396.6
2023,Michigan,MI,PETIC,Petroleum - IC,megawatts,2026-06-21T19:10:01.199571+00:00,468.4
2023,Michigan,MI,PETST,Petroleum - ST,megawatts,2026-06-21T19:10:01.199571+00:00,94.4
2023,Michigan,MI,HPS,Pumped Storage,megawatts,2026-06-21T19:10:01.199571+00:00,4371.2
2023,Michigan,MI,SOL,Solar,megawatts,2026-06-21T19:10:01.199571+00:00,1950.0
2023,Michigan,MI,SOLPV,Solar - PV,megawatts,2026-06-21T19:10:01.199571+00:00,1950.0
2023,Michigan,MI,WND,Wind,megawatts,2026-06-21T19:10:01.199571+00:00,7150.6
2023,Michigan,MI,WOO,Wood,megawatts,2026-06-21T19:10:01.199571+00:00,645.2
2023,Minnesota,MN,BAT,Battery,megawatts,2026-06-21T19:10:01.199571+00:00,32.0
2023,Minnesota,MN,COL,Coal,megawatts,2026-06-21T19:10:01.199571+00:00,6283.4
2023,Minnesota,MN,HYC,Hydroelectric,megawatts,2026-06-21T19:10:01.199571+00:00,424.0
2023,Minnesota,MN,NG,Natural Gas,megawatts,2026-06-21T19:10:01.199571+00:00,10999.6
2023,Minnesota,MN,NGCC,Natural Gas - CC,megawatts,2026-06-21T19:10:01.199571+00:00,5065.8
2023,Minnesota,MN,NGGT,Natural Gas - GT,megawatts,2026-06-21T19:10:01.199571+00:00,5090.0
2023,Minnesota,MN,NGIC,Natural Gas - IC,megawatts,2026-06-21T19:10:01.199571+00:00,461.6
2023,Minnesota,MN,NGST,Natural Gas - ST,megawatts,2026-06-21T19:10:01.199571+00:00,382.20000000000005
2023,Minnesota,MN,NUC,Nuclear,megawatts,2026-06-21T19:10:01.199571+00:00,3314.0
2023,Minnesota,MN,OT,Other,megawatts,2026-06-21T19:10:01.199571+00:00,12.2
2023,Minnesota,MN,OBM,Other Biomass,megawatts,2026-06-21T19:10:01.199571+00:00,221.2
2023,Minnesota,MN,PET,Petroleum,megawatts,2026-06-21T19:10:01.199571+00:00,1544.6
2023,Minnesota,MN,PETGT,Petroleum - GT,megawatts,2026-06-21T19:10:01.199571+00:00,685.4
2023,Minnesota,MN,PETIC,Petroleum - IC,megawatts,2026-06-21T19:10:01.199571+00:00,859.2
2023,Minnesota,MN,SOL,Solar,megawatts,2026-06-21T19:10:01.199571+00:00,2582.8
2023,Minnesota,MN,SOLPV,Solar - PV,megawatts,2026-06-21T19:10:01.199571+00:00,2582.8
2023,Minnesota,MN,WND,Wind,megawatts,2026-06-21T19:10:01.199571+00:00,9857.4
2023,Minnesota,MN,WOO,Wood,megawatts,2026-06-21T19:10:01.199571+00:00,412.0
2023,Mississippi,MS,BAT,Battery,megawatts,2026-06-21T19:10:01.199571+00:00,3.0
2023,Mississippi,MS,COL,Coal,megawatts,2026-06-21T19:10:01.199571+00:00,2888.0
2023,Mississippi,MS,NG,Natural Gas,megawatts,2026-06-21T19:10:01.199571+00:00,22532.2
2023,Mississippi,MS,NGCC,Natural Gas - CC,megawatts,2026-06-21T19:10:01.199571+00:00,16769.0
2023,Mississippi,MS,NGGT,Natural Gas - GT,megawatts,2026-06-21T19:10:01.199571+00:00,2738.6
2023,Mississippi,MS,NGIC,Natural Gas - IC,megawatts,2026-06-21T19:10:01.199571+00:00,51.6
2023,Mississippi,MS,NGST,Natural Gas - ST,megawatts,2026-06-21T19:10:01.199571+00:00,2973.0
2023,Mississippi,MS,NUC,Nuclear,megawatts,2026-06-21T19:10:01.199571+00:00,2766.0
2023,Mississippi,MS,OT,Other,megawatts,2026-06-21T19:10:01.199571+00:00,2.8
2023,Mississippi,MS,OBM,Other Biomass,megawatts,2026-06-21T19:10:01.199571+00:00,3.2
2023,Mississippi,MS,PET,Petroleum,megawatts,2026-06-21T19:10:01.199571+00:00,18.0
2023,Mississippi,MS,PETIC,Petroleum - IC,megawatts,2026-06-21T19:10:01.199571+00:00,18.0
2023,Mississippi,MS,SOL,Solar,megawatts,2026-06-21T19:10:01.199571+00:00,851.2
2023,Mississippi,MS,SOLPV,Solar - PV,megawatts,2026-06-21T19:10:01.199571+00:00,851.2
2023,Mississippi,MS,WOO,Wood,megawatts,2026-06-21T19:10:01.199571+00:00,601.6
2023,Missouri,MO,BAT,Battery,megawatts,2026-06-21T19:10:01.199571+00:00,2.0
2023,Missouri,MO,COL,Coal,megawatts,2026-06-21T19:10:01.199571+00:00,19428.4
2023,Missouri,MO,HYC,Hydroelectric,megawatts,2026-06-21T19:10:01.199571+00:00,1097.0
2023,Missouri,MO,NG,Natural Gas,megawatts,2026-06-21T19:10:01.199571+00:00,10972.2
2023,Missouri,MO,NGCC,Natural Gas - CC,megawatts,2026-06-21T19:10:01.199571+00:00,3785.0
2023,Missouri,MO,NGGT,Natural Gas - GT,megawatts,2026-06-21T19:10:01.199571+00:00,6401.6
2023,Missouri,MO,NGIC,Natural Gas - IC,megawatts,2026-06-21T19:10:01.199571+00:00,271.4
2023,Missouri,MO,NGST,Natural Gas - ST,megawatts,2026-06-21T19:10:01.199571+00:00,514.2
2023,Missouri,MO,NUC,Nuclear,megawatts,2026-06-21T19:10:01.199571+00:00,2380.0
2023,Missouri,MO,OBM,Other Biomass,megawatts,2026-06-21T19:10:01.199571+00:00,28.0
2023,Missouri,MO,PET,Petroleum,megawatts,2026-06-21T19:10:01.199571+00:00,2171.6
2023,Missouri,MO,PETGT,Petroleum - GT,megawatts,2026-06-21T19:10:01.199571+00:00,1721.0
2023,Missouri,MO,PETIC,Petroleum - IC,megawatts,2026-06-21T19:10:01.199571+00:00,450.6
2023,Missouri,MO,HPS,Pumped Storage,megawatts,2026-06-21T19:10:01.199571+00:00,1314.0
2023,Missouri,MO,SOL,Solar,megawatts,2026-06-21T19:10:01.199571+00:00,201.6
2023,Missouri,MO,SOLPV,Solar - PV,megawatts,2026-06-21T19:10:01.199571+00:00,201.6
2023,Missouri,MO,WND,Wind,megawatts,2026-06-21T19:10:01.199571+00:00,4749.799999999999
2023,Montana,MT,COL,Coal,megawatts,2026-06-21T19:10:01.199571+00:00,3253.0
2023,Montana,MT,HYC,Hydroelectric,megawatts,2026-06-21T19:10:01.199571+00:00,5650.0
2023,Montana,MT,NG,Natural Gas,megawatts,2026-06-21T19:10:01.199571+00:00,776.0
2023,Montana,MT,NGGT,Natural Gas - GT,megawatts,2026-06-21T19:10:01.199571+00:00,631.6
2023,Montana,MT,NGIC,Natural Gas - IC,megawatts,2026-06-21T19:10:01.199571+00:00,144.4
2023,Montana,MT,OT,Other,megawatts,2026-06-21T19:10:01.199571+00:00,80.0
2023,Montana,MT,OBM,Other Biomass,megawatts,2026-06-21T19:10:01.199571+00:00,6.4
2023,Montana,MT,OOG,Other Gas,megawatts,2026-06-21T19:10:01.199571+00:00,3.0
2023,Montana,MT,PET,Petroleum,megawatts,2026-06-21T19:10:01.199571+00:00,104.0
2023,Montana,MT,PETST,Petroleum - ST,megawatts,2026-06-21T19:10:01.199571+00:00,104.0
2023,Montana,MT,SOL,Solar,megawatts,2026-06-21T19:10:01.199571+00:00,354.0
2023,Montana,MT,SOLPV,Solar - PV,megawatts,2026-06-21T19:10:01.199571+00:00,354.0
2023,Montana,MT,WND,Wind,megawatts,2026-06-21T19:10:01.199571+00:00,3163.4
2023,Montana,MT,WOO,Wood,megawatts,2026-06-21T19:10:01.199571+00:00,6.0
2023,Nebraska,NE,BAT,Battery,megawatts,2026-06-21T19:10:01.199571+00:00,9.8
2023,Nebraska,NE,COL,Coal,megawatts,2026-06-21T19:10:01.199571+00:00,7651.6
2023,Nebraska,NE,HYC,Hydroelectric,megawatts,2026-06-21T19:10:01.199571+00:00,559.4
2023,Nebraska,NE,NG,Natural Gas,megawatts,2026-06-21T19:10:01.199571+00:00,3928.0
2023,Nebraska,NE,NGCC,Natural Gas - CC,megawatts,2026-06-21T19:10:01.199571+00:00,676.0
2023,Nebraska,NE,NGGT,Natural Gas - GT,megawatts,2026-06-21T19:10:01.199571+00:00,2215.2
2023,Nebraska,NE,NGIC,Natural Gas - IC,megawatts,2026-06-21T19:10:01.199571+00:00,271.2
2023,Nebraska,NE,NGST,Natural Gas - ST,megawatts,2026-06-21T19:10:01.199571+00:00,765.6
2023,Nebraska,NE,NUC,Nuclear,megawatts,2026-06-21T19:10:01.199571+00:00,1537.0
2023,Nebraska,NE,OBM,Other Biomass,megawatts,2026-06-21T19:10:01.199571+00:00,31.0
2023,Nebraska,NE,PET,Petroleum,megawatts,2026-06-21T19:10:01.199571+00:00,727.2
2023,Nebraska,NE,PETGT,Petroleum - GT,megawatts,2026-06-21T19:10:01.199571+00:00,498.4
2023,Nebraska,NE,PETIC,Petroleum - IC,megawatts,2026-06-21T19:10:01.199571+00:00,228.8
2023,Nebraska,NE,SOL,Solar,megawatts,2026-06-21T19:10:01.199571+00:00,81.2
2023,Nebraska,NE,SOLPV,Solar - PV,megawatts,2026-06-21T19:10:01.199571+00:00,81.2
2023,Nebraska,NE,WND,Wind,megawatts,2026-06-21T19:10:01.199571+00:00,7036.6
2023,Nevada,NV,BAT,Battery,megawatts,2026-06-21T19:10:01.199571+00:00,1087.6
2023,Nevada,NV,COL,Coal,megawatts,2026-06-21T19:10:01.199571+00:00,1480.8
2023,Nevada,NV,GEO,Geothermal,megawatts,2026-06-21T19:10:01.199571+00:00,1318.0
2023,Nevada,NV,HYC,Hydroelectric,megawatts,2026-06-21T19:10:01.199571+00:00,2103.4
2023,Nevada,NV,NG,Natural Gas,megawatts,2026-06-21T19:10:01.199571+00:00,14671.8
2023,Nevada,NV,NGCC,Natural Gas - CC,megawatts,2026-06-21T19:10:01.199571+00:00,11406.0
2023,Nevada,NV,NGGT,Natural Gas - GT,megawatts,2026-06-21T19:10:01.199571+00:00,2371.2
2023,Nevada,NV,NGIC,Natural Gas - IC,megawatts,2026-06-21T19:10:01.199571+00:00,226.6
2023,Nevada,NV,NGST,Natural Gas - ST,megawatts,2026-06-21T19:10:01.199571+00:00,668.0
2023,Nevada,NV,OT,Other,megawatts,2026-06-21T19:10:01.199571+00:00,13.0
2023,Nevada,NV,OBM,Other Biomass,megawatts,2026-06-21T19:10:01.199571+00:00,19.6
2023,Nevada,NV,PET,Petroleum,megawatts,2026-06-21T19:10:01.199571+00:00,12.0
2023,Nevada,NV,PETIC,Petroleum - IC,megawatts,2026-06-21T19:10:01.199571+00:00,12.0
2023,Nevada,NV,SOL,Solar,megawatts,2026-06-21T19:10:01.199571+00:00,8065.6
2023,Nevada,NV,SOLPV,Solar - PV,megawatts,2026-06-21T19:10:01.199571+00:00,7708.6
2023,Nevada,NV,SOLTH,Solar - TH,megawatts,2026-06-21T19:10:01.199571+00:00,357.0
2023,Nevada,NV,WND,Wind,megawatts,2026-06-21T19:10:01.199571+00:00,300.0
2023,New Hampshire,NH,BAT,Battery,megawatts,2026-06-21T19:10:01.199571+00:00,28.0
2023,New Hampshire,NH,COL,Coal,megawatts,2026-06-21T19:10:01.199571+00:00,1067.8
2023,New Hampshire,NH,HYC,Hydroelectric,megawatts,2026-06-21T19:10:01.199571+00:00,1013.0
2023,New Hampshire,NH,NG,Natural Gas,megawatts,2026-06-21T19:10:01.199571+00:00,2464.6
2023,New Hampshire,NH,NGCC,Natural Gas - CC,megawatts,2026-06-21T19:10:01.199571+00:00,2457.0
2023,New Hampshire,NH,NGGT,Natural Gas - GT,megawatts,2026-06-21T19:10:01.199571+00:00,7.6
2023,New Hampshire,NH,NUC,Nuclear,megawatts,2026-06-21T19:10:01.199571+00:00,2491.4
2023,New Hampshire,NH,OBM,Other Biomass,megawatts,2026-06-21T19:10:01.199571+00:00,62.2
2023,New Hampshire,NH,PET,Petroleum,megawatts,2026-06-21T19:10:01.199571+00:00,988.4
2023,New Hampshire,NH,PETGT,Petroleum - GT,megawatts,2026-06-21T19:10:01.199571+00:00,164.2
2023,New Hampshire,NH,PETIC,Petroleum - IC,megawatts,2026-06-21T19:10:01.199571+00:00,9.8
2023,New Hampshire,NH,PETST,Petroleum - ST,megawatts,2026-06-21T19:10:01.199571+00:00,814.4
2023,New Hampshire,NH,SOL,Solar,megawatts,2026-06-21T19:10:01.199571+00:00,4.8
2023,New Hampshire,NH,SOLPV,Solar - PV,megawatts,2026-06-21T19:10:01.199571+00:00,4.8
2023,New Hampshire,NH,WND,Wind,megawatts,2026-06-21T19:10:01.199571+00:00,423.8
2023,New Hampshire,NH,WOO,Wood,megawatts,2026-06-21T19:10:01.199571+00:00,389.4
2023,New Jersey,NJ,BAT,Battery,megawatts,2026-06-21T19:10:01.199571+00:00,139.39999999999998
2023,New Jersey,NJ,HYC,Hydroelectric,megawatts,2026-06-21T19:10:01.199571+00:00,24.6
2023,New Jersey,NJ,NG,Natural Gas,megawatts,2026-06-21T19:10:01.199571+00:00,22356.8
2023,New Jersey,NJ,NGCC,Natural Gas - CC,megawatts,2026-06-21T19:10:01.199571+00:00,16748.0
2023,New Jersey,NJ,NGGT,Natural Gas - GT,megawatts,2026-06-21T19:10:01.199571+00:00,5469.0
2023,New Jersey,NJ,NGIC,Natural Gas - IC,megawatts,2026-06-21T19:10:01.199571+00:00,71.6
2023,New Jersey,NJ,NGOTH,Natural Gas - OTH,megawatts,2026-06-21T19:10:01.199571+00:00,25.2
2023,New Jersey,NJ,NGST,Natural Gas - ST,megawatts,2026-06-21T19:10:01.199571+00:00,43.0
2023,New Jersey,NJ,NUC,Nuclear,megawatts,2026-06-21T19:10:01.199571+00:00,6913.4
2023,New Jersey,NJ,OT,Other,megawatts,2026-06-21T19:10:01.199571+00:00,22.4
2023,New Jersey,NJ,OBM,Other Biomass,megawatts,2026-06-21T19:10:01.199571+00:00,377.4
2023,New Jersey,NJ,OOG,Other Gas,megawatts,2026-06-21T19:10:01.199571+00:00,58.0
2023,New Jersey,NJ,PET,Petroleum,megawatts,2026-06-21T19:10:01.199571+00:00,603.4
2023,New Jersey,NJ,PETGT,Petroleum - GT,megawatts,2026-06-21T19:10:01.199571+00:00,510.6
2023,New Jersey,NJ,PETIC,Petroleum - IC,megawatts,2026-06-21T19:10:01.199571+00:00,69.6
2023,New Jersey,NJ,PETOTH,Petroleum - OTH,megawatts,2026-06-21T19:10:01.199571+00:00,23.2
2023,New Jersey,NJ,HPS,Pumped Storage,megawatts,2026-06-21T19:10:01.199571+00:00,830.8
2023,New Jersey,NJ,SOL,Solar,megawatts,2026-06-21T19:10:01.199571+00:00,2335.0
2023,New Jersey,NJ,SOLPV,Solar - PV,megawatts,2026-06-21T19:10:01.199571+00:00,2335.0
2023,New Jersey,NJ,WND,Wind,megawatts,2026-06-21T19:10:01.199571+00:00,15.2
2023,New Mexico,NM,BAT,Battery,megawatts,2026-06-21T19:10:01.199571+00:00,478.0
2023,New Mexico,NM,COL,Coal,megawatts,2026-06-21T19:10:01.199571+00:00,3080.0
2023,New Mexico,NM,GEO,Geothermal,megawatts,2026-06-21T19:10:01.199571+00:00,17.2
2023,New Mexico,NM,HYC,Hydroelectric,megawatts,2026-06-21T19:10:01.199571+00:00,165.4
2023,New Mexico,NM,NG,Natural Gas,megawatts,2026-06-21T19:10:01.199571+00:00,6526.2
2023,New Mexico,NM,NGCC,Natural Gas - CC,megawatts,2026-06-21T19:10:01.199571+00:00,2968.2
2023,New Mexico,NM,NGGT,Natural Gas - GT,megawatts,2026-06-21T19:10:01.199571+00:00,1890.6
2023,New Mexico,NM,NGIC,Natural Gas - IC,megawatts,2026-06-21T19:10:01.199571+00:00,93.4
2023,New Mexico,NM,NGST,Natural Gas - ST,megawatts,2026-06-21T19:10:01.199571+00:00,1574.0
2023,New Mexico,NM,OT,Other,megawatts,2026-06-21T19:10:01.199571+00:00,1.4
2023,New Mexico,NM,OBM,Other Biomass,megawatts,2026-06-21T19:10:01.199571+00:00,6.4
2023,New Mexico,NM,PET,Petroleum,megawatts,2026-06-21T19:10:01.199571+00:00,92.0
2023,New Mexico,NM,PETGT,Petroleum - GT,megawatts,2026-06-21T19:10:01.199571+00:00,34.0
2023,New Mexico,NM,PETIC,Petroleum - IC,megawatts,2026-06-21T19:10:01.199571+00:00,58.0
2023,New Mexico,NM,SOL,Solar,megawatts,2026-06-21T19:10:01.199571+00:00,2263.8
2023,New Mexico,NM,SOLPV,Solar - PV,megawatts,2026-06-21T19:10:01.199571+00:00,2263.8
2023,New Mexico,NM,WND,Wind,megawatts,2026-06-21T19:10:01.199571+00:00,8818.0
2023,New York,NY,BAT,Battery,megawatts,2026-06-21T19:10:01.199571+00:00,412.4
2023,New York,NY,HYC,Hydroelectric,megawatts,2026-06-21T19:10:01.199571+00:00,9121.6
2023,New York,NY,NG,Natural Gas,megawatts,2026-06-21T19:10:01.199571+00:00,44660.2
2023,New York,NY,NGCC,Natural Gas - CC,megawatts,2026-06-21T19:10:01.199571+00:00,19816.4
2023,New York,NY,NGGT,Natural Gas - GT,megawatts,2026-06-21T19:10:01.199571+00:00,4918.4
2023,New York,NY,NGIC,Natural Gas - IC,megawatts,2026-06-21T19:10:01.199571+00:00,160.8
2023,New York,NY,NGOTH,Natural Gas - OTH,megawatts,2026-06-21T19:10:01.199571+00:00,115.4
2023,New York,NY,NGST,Natural Gas - ST,megawatts,2026-06-21T19:10:01.199571+00:00,19649.2
2023,New York,NY,NUC,Nuclear,megawatts,2026-06-21T19:10:01.199571+00:00,6609.2
2023,New York,NY,OT,Other,megawatts,2026-06-21T19:10:01.199571+00:00,40.0
2023,New York,NY,OBM,Other Biomass,megawatts,2026-06-21T19:10:01.199571+00:00,754.6
2023,New York,NY,PET,Petroleum,megawatts,2026-06-21T19:10:01.199571+00:00,6963.6
2023,New York,NY,PETGT,Petroleum - GT,megawatts,2026-06-21T19:10:01.199571+00:00,3118.2
2023,New York,NY,PETIC,Petroleum - IC,megawatts,2026-06-21T19:10:01.199571+00:00,615.0
2023,New York,NY,PETST,Petroleum - ST,megawatts,2026-06-21T19:10:01.199571+00:00,3230.4
2023,New York,NY,HPS,Pumped Storage,megawatts,2026-06-21T19:10:01.199571+00:00,2810.2
2023,New York,NY,SOL,Solar,megawatts,2026-06-21T19:10:01.199571+00:00,3439.2
2023,New York,NY,SOLPV,Solar - PV,megawatts,2026-06-21T19:10:01.199571+00:00,3439.2
2023,New York,NY,WND,Wind,megawatts,2026-06-21T19:10:01.199571+00:00,5492.6
2023,New York,NY,WOO,Wood,megawatts,2026-06-21T19:10:01.199571+00:00,156.0
2023,North Carolina,NC,BAT,Battery,megawatts,2026-06-21T19:10:01.199571+00:00,116.6
2023,North Carolina,NC,COL,Coal,megawatts,2026-06-21T19:10:01.199571+00:00,9104.0
2023,North Carolina,NC,HYC,Hydroelectric,megawatts,2026-06-21T19:10:01.199571+00:00,4021.0
2023,North Carolina,NC,NG,Natural Gas,megawatts,2026-06-21T19:10:01.199571+00:00,32550.4
2023,North Carolina,NC,NGCC,Natural Gas - CC,megawatts,2026-06-21T19:10:01.199571+00:00,11158.0
2023,North Carolina,NC,NGGT,Natural Gas - GT,megawatts,2026-06-21T19:10:01.199571+00:00,12061.0
2023,North Carolina,NC,NGST,Natural Gas - ST,megawatts,2026-06-21T19:10:01.199571+00:00,9331.4
2023,North Carolina,NC,NUC,Nuclear,megawatts,2026-06-21T19:10:01.199571+00:00,10299.2
2023,North Carolina,NC,OT,Other,megawatts,2026-06-21T19:10:01.199571+00:00,108.0
2023,North Carolina,NC,OBM,Other Biomass,megawatts,2026-06-21T19:10:01.199571+00:00,148.2
2023,North Carolina,NC,PET,Petroleum,megawatts,2026-06-21T19:10:01.199571+00:00,982.0
2023,North Carolina,NC,PETGT,Petroleum - GT,megawatts,2026-06-21T19:10:01.199571+00:00,352.0
2023,North Carolina,NC,PETIC,Petroleum - IC,megawatts,2026-06-21T19:10:01.199571+00:00,320.8
2023,North Carolina,NC,PETOTH,Petroleum - OTH,megawatts,2026-06-21T19:10:01.199571+00:00,309.2
2023,North Carolina,NC,HPS,Pumped Storage,megawatts,2026-06-21T19:10:01.199571+00:00,172.0
2023,North Carolina,NC,SOL,Solar,megawatts,2026-06-21T19:10:01.199571+00:00,13195.6
2023,North Carolina,NC,SOLPV,Solar - PV,megawatts,2026-06-21T19:10:01.199571+00:00,13195.6
2023,North Carolina,NC,WND,Wind,megawatts,2026-06-21T19:10:01.199571+00:00,416.0
2023,North Carolina,NC,WOO,Wood,megawatts,2026-06-21T19:10:01.199571+00:00,614.0
2023,North Dakota,ND,COL,Coal,megawatts,2026-06-21T19:10:01.199571+00:00,7665.0
2023,North Dakota,ND,HYC,Hydroelectric,megawatts,2026-06-21T19:10:01.199571+00:00,1020.0
2023,North Dakota,ND,NG,Natural Gas,megawatts,2026-06-21T19:10:01.199571+00:00,1315.8
2023,North Dakota,ND,NGGT,Natural Gas - GT,megawatts,2026-06-21T19:10:01.199571+00:00,908.0
2023,North Dakota,ND,NGIC,Natural Gas - IC,megawatts,2026-06-21T19:10:01.199571+00:00,213.6
2023,North Dakota,ND,NGST,Natural Gas - ST,megawatts,2026-06-21T19:10:01.199571+00:00,194.2
2023,North Dakota,ND,OT,Other,megawatts,2026-06-21T19:10:01.199571+00:00,10.6
2023,North Dakota,ND,OBM,Other Biomass,megawatts,2026-06-21T19:10:01.199571+00:00,19.6
2023,North Dakota,ND,OOG,Other Gas,megawatts,2026-06-21T19:10:01.199571+00:00,16.8
2023,North Dakota,ND,PET,Petroleum,megawatts,2026-06-21T19:10:01.199571+00:00,116.2
2023,North Dakota,ND,PETGT,Petroleum - GT,megawatts,2026-06-21T19:10:01.199571+00:00,81.2
2023,North Dakota,ND,PETIC,Petroleum - IC,megawatts,2026-06-21T19:10:01.199571+00:00,35.0
2023,North Dakota,ND,WND,Wind,megawatts,2026-06-21T19:10:01.199571+00:00,8640.2
2023,Ohio,OH,BAT,Battery,megawatts,2026-06-21T19:10:01.199571+00:00,69.6
2023,Ohio,OH,COL,Coal,megawatts,2026-06-21T19:10:01.199571+00:00,13215.0
2023,Ohio,OH,HYC,Hydroelectric,megawatts,2026-06-21T19:10:01.199571+00:00,203.8
2023,Ohio,OH,NG,Natural Gas,megawatts,2026-06-21T19:10:01.199571+00:00,32755.4
2023,Ohio,OH,NGCC,Natural Gas - CC,megawatts,2026-06-21T19:10:01.199571+00:00,21108.4
2023,Ohio,OH,NGGT,Natural Gas - GT,megawatts,2026-06-21T19:10:01.199571+00:00,11442.599999999999
2023,Ohio,OH,NGIC,Natural Gas - IC,megawatts,2026-06-21T19:10:01.199571+00:00,74.8
2023,Ohio,OH,NGST,Natural Gas - ST,megawatts,2026-06-21T19:10:01.199571+00:00,129.6
2023,Ohio,OH,NUC,Nuclear,megawatts,2026-06-21T19:10:01.199571+00:00,4268.0
2023,Ohio,OH,OBM,Other Biomass,megawatts,2026-06-21T19:10:01.199571+00:00,74.6
2023,Ohio,OH,OOG,Other Gas,megawatts,2026-06-21T19:10:01.199571+00:00,422.8
2023,Ohio,OH,PET,Petroleum,megawatts,2026-06-21T19:10:01.199571+00:00,1297.0
2023,Ohio,OH,PETGT,Petroleum - GT,megawatts,2026-06-21T19:10:01.199571+00:00,579.4
2023,Ohio,OH,PETIC,Petroleum - IC,megawatts,2026-06-21T19:10:01.199571+00:00,426.6
2023,Ohio,OH,PETOTH,Petroleum - OTH,megawatts,2026-06-21T19:10:01.199571+00:00,12.0
2023,Ohio,OH,PETST,Petroleum - ST,megawatts,2026-06-21T19:10:01.199571+00:00,279.0
2023,Ohio,OH,SOL,Solar,megawatts,2026-06-21T19:10:01.199571+00:00,3616.6
2023,Ohio,OH,SOLPV,Solar - PV,megawatts,2026-06-21T19:10:01.199571+00:00,3616.6
2023,Ohio,OH,WND,Wind,megawatts,2026-06-21T19:10:01.199571+00:00,2203.6
2023,Ohio,OH,WOO,Wood,megawatts,2026-06-21T19:10:01.199571+00:00,81.0
2023,Oklahoma,OK,BAT,Battery,megawatts,2026-06-21T19:10:01.199571+00:00,20.0
2023,Oklahoma,OK,COL,Coal,megawatts,2026-06-21T19:10:01.199571+00:00,6545.0
2023,Oklahoma,OK,HYC,Hydroelectric,megawatts,2026-06-21T19:10:01.199571+00:00,1681.2
2023,Oklahoma,OK,NG,Natural Gas,megawatts,2026-06-21T19:10:01.199571+00:00,29771.8
2023,Oklahoma,OK,NGCC,Natural Gas - CC,megawatts,2026-06-21T19:10:01.199571+00:00,14655.2
2023,Oklahoma,OK,NGGT,Natural Gas - GT,megawatts,2026-06-21T19:10:01.199571+00:00,3298.4
2023,Oklahoma,OK,NGIC,Natural Gas - IC,megawatts,2026-06-21T19:10:01.199571+00:00,172.60000000000002
2023,Oklahoma,OK,NGST,Natural Gas - ST,megawatts,2026-06-21T19:10:01.199571+00:00,11645.6
2023,Oklahoma,OK,OBM,Other Biomass,megawatts,2026-06-21T19:10:01.199571+00:00,36.8
2023,Oklahoma,OK,PET,Petroleum,megawatts,2026-06-21T19:10:01.199571+00:00,107.8
2023,Oklahoma,OK,PETIC,Petroleum - IC,megawatts,2026-06-21T19:10:01.199571+00:00,107.8
2023,Oklahoma,OK,HPS,Pumped Storage,megawatts,2026-06-21T19:10:01.199571+00:00,516.0
2023,Oklahoma,OK,SOL,Solar,megawatts,2026-06-21T19:10:01.199571+00:00,95.0
2023,Oklahoma,OK,SOLPV,Solar - PV,megawatts,2026-06-21T19:10:01.199571+00:00,95.0
2023,Oklahoma,OK,WND,Wind,megawatts,2026-06-21T19:10:01.199571+00:00,24490.4
2023,Oklahoma,OK,WOO,Wood,megawatts,2026-06-21T19:10:01.199571+00:00,115.6
2023,Oregon,OR,BAT,Battery,megawatts,2026-06-21T19:10:01.199571+00:00,70.0
2023,Oregon,OR,GEO,Geothermal,megawatts,2026-06-21T19:10:01.199571+00:00,39.0
2023,Oregon,OR,HYC,Hydroelectric,megawatts,2026-06-21T19:10:01.199571+00:00,16726.4
2023,Oregon,OR,NG,Natural Gas,megawatts,2026-06-21T19:10:01.199571+00:00,7524.8
2023,Oregon,OR,NGCC,Natural Gas - CC,megawatts,2026-06-21T19:10:01.199571+00:00,6818.4
2023,Oregon,OR,NGGT,Natural Gas - GT,megawatts,2026-06-21T19:10:01.199571+00:00,248.0
2023,Oregon,OR,NGIC,Natural Gas - IC,megawatts,2026-06-21T19:10:01.199571+00:00,458.4
2023,Oregon,OR,OBM,Other Biomass,megawatts,2026-06-21T19:10:01.199571+00:00,105.19999999999999
2023,Oregon,OR,PET,Petroleum,megawatts,2026-06-21T19:10:01.199571+00:00,13.2
2023,Oregon,OR,PETIC,Petroleum - IC,megawatts,2026-06-21T19:10:01.199571+00:00,13.2
2023,Oregon,OR,SOL,Solar,megawatts,2026-06-21T19:10:01.199571+00:00,2021.4
2023,Oregon,OR,SOLPV,Solar - PV,megawatts,2026-06-21T19:10:01.199571+00:00,2021.4
2023,Oregon,OR,WND,Wind,megawatts,2026-06-21T19:10:01.199571+00:00,7953.0
2023,Oregon,OR,WOO,Wood,megawatts,2026-06-21T19:10:01.199571+00:00,484.6
2023,Pennsylvania,PA,BAT,Battery,megawatts,2026-06-21T19:10:01.199571+00:00,69.2
2023,Pennsylvania,PA,COL,Coal,megawatts,2026-06-21T19:10:01.199571+00:00,12017.4
2023,Pennsylvania,PA,HYC,Hydroelectric,megawatts,2026-06-21T19:10:01.199571+00:00,1859.0
2023,Pennsylvania,PA,NG,Natural Gas,megawatts,2026-06-21T19:10:01.199571+00:00,53714.6
2023,Pennsylvania,PA,NGCC,Natural Gas - CC,megawatts,2026-06-21T19:10:01.199571+00:00,38109.6
2023,Pennsylvania,PA,NGGT,Natural Gas - GT,megawatts,2026-06-21T19:10:01.199571+00:00,3796.6
2023,Pennsylvania,PA,NGIC,Natural Gas - IC,megawatts,2026-06-21T19:10:01.199571+00:00,514.2
2023,Pennsylvania,PA,NGST,Natural Gas - ST,megawatts,2026-06-21T19:10:01.199571+00:00,11294.2
2023,Pennsylvania,PA,NUC,Nuclear,megawatts,2026-06-21T19:10:01.199571+00:00,18186.4
2023,Pennsylvania,PA,OT,Other,megawatts,2026-06-21T19:10:01.199571+00:00,40.0
2023,Pennsylvania,PA,OBM,Other Biomass,megawatts,2026-06-21T19:10:01.199571+00:00,686.0
2023,Pennsylvania,PA,OOG,Other Gas,megawatts,2026-06-21T19:10:01.199571+00:00,171.8
2023,Pennsylvania,PA,PET,Petroleum,megawatts,2026-06-21T19:10:01.199571+00:00,2680.2
2023,Pennsylvania,PA,PETGT,Petroleum - GT,megawatts,2026-06-21T19:10:01.199571+00:00,2466.4
2023,Pennsylvania,PA,PETIC,Petroleum - IC,megawatts,2026-06-21T19:10:01.199571+00:00,213.8
2023,Pennsylvania,PA,HPS,Pumped Storage,megawatts,2026-06-21T19:10:01.199571+00:00,2983.0
2023,Pennsylvania,PA,SOL,Solar,megawatts,2026-06-21T19:10:01.199571+00:00,1379.0
2023,Pennsylvania,PA,SOLPV,Solar - PV,megawatts,2026-06-21T19:10:01.199571+00:00,1379.0
2023,Pennsylvania,PA,WND,Wind,megawatts,2026-06-21T19:10:01.199571+00:00,3105.2
2023,Pennsylvania,PA,WOO,Wood,megawatts,2026-06-21T19:10:01.199571+00:00,160.4
2023,Rhode Island,RI,BAT,Battery,megawatts,2026-06-21T19:10:01.199571+00:00,6.0
2023,Rhode Island,RI,HYC,Hydroelectric,megawatts,2026-06-21T19:10:01.199571+00:00,5.4
2023,Rhode Island,RI,NG,Natural Gas,megawatts,2026-06-21T19:10:01.199571+00:00,3546.0
2023,Rhode Island,RI,NGCC,Natural Gas - CC,megawatts,2026-06-21T19:10:01.199571+00:00,3470.4
2023,Rhode Island,RI,NGGT,Natural Gas - GT,megawatts,2026-06-21T19:10:01.199571+00:00,24.8
2023,Rhode Island,RI,NGIC,Natural Gas - IC,megawatts,2026-06-21T19:10:01.199571+00:00,29.0
2023,Rhode Island,RI,NGST,Natural Gas - ST,megawatts,2026-06-21T19:10:01.199571+00:00,21.8
2023,Rhode Island,RI,OBM,Other Biomass,megawatts,2026-06-21T19:10:01.199571+00:00,80.2
2023,Rhode Island,RI,PET,Petroleum,megawatts,2026-06-21T19:10:01.199571+00:00,14.2
2023,Rhode Island,RI,PETIC,Petroleum - IC,megawatts,2026-06-21T19:10:01.199571+00:00,14.2
2023,Rhode Island,RI,SOL,Solar,megawatts,2026-06-21T19:10:01.199571+00:00,770.6
2023,Rhode Island,RI,SOLPV,Solar - PV,megawatts,2026-06-21T19:10:01.199571+00:00,770.6
2023,Rhode Island,RI,WND,Wind,megawatts,2026-06-21T19:10:01.199571+00:00,154.6
2023,South Carolina,SC,BAT,Battery,megawatts,2026-06-21T19:10:01.199571+00:00,44.0
2023,South Carolina,SC,COL,Coal,megawatts,2026-06-21T19:10:01.199571+00:00,9498.0
2023,South Carolina,SC,HYC,Hydroelectric,megawatts,2026-06-21T19:10:01.199571+00:00,2588.0
2023,South Carolina,SC,NG,Natural Gas,megawatts,2026-06-21T19:10:01.199571+00:00,13121.4
2023,South Carolina,SC,NGCC,Natural Gas - CC,megawatts,2026-06-21T19:10:01.199571+00:00,6504.0
2023,South Carolina,SC,NGGT,Natural Gas - GT,megawatts,2026-06-21T19:10:01.199571+00:00,5057.4
2023,South Carolina,SC,NGST,Natural Gas - ST,megawatts,2026-06-21T19:10:01.199571+00:00,1560.0
2023,South Carolina,SC,NUC,Nuclear,megawatts,2026-06-21T19:10:01.199571+00:00,13200.6
2023,South Carolina,SC,OBM,Other Biomass,megawatts,2026-06-21T19:10:01.199571+00:00,86.2
2023,South Carolina,SC,PET,Petroleum,megawatts,2026-06-21T19:10:01.199571+00:00,433.2
2023,South Carolina,SC,PETGT,Petroleum - GT,megawatts,2026-06-21T19:10:01.199571+00:00,314.0
2023,South Carolina,SC,PETIC,Petroleum - IC,megawatts,2026-06-21T19:10:01.199571+00:00,119.2
2023,South Carolina,SC,HPS,Pumped Storage,megawatts,2026-06-21T19:10:01.199571+00:00,5912.0
2023,South Carolina,SC,SOL,Solar,megawatts,2026-06-21T19:10:01.199571+00:00,3115.0
2023,South Carolina,SC,SOLPV,Solar - PV,megawatts,2026-06-21T19:10:01.199571+00:00,3115.0
2023,South Carolina,SC,WOO,Wood,megawatts,2026-06-21T19:10:01.199571+00:00,845.2
2023,South Dakota,SD,BAT,Battery,megawatts,2026-06-21T19:10:01.199571+00:00,1.6
2023,South Dakota,SD,COL,Coal,megawatts,2026-06-21T19:10:01.199571+00:00,950.0
2023,South Dakota,SD,HYC,Hydroelectric,megawatts,2026-06-21T19:10:01.199571+00:00,3196.0
2023,South Dakota,SD,NG,Natural Gas,megawatts,2026-06-21T19:10:01.199571+00:00,2520.2
2023,South Dakota,SD,NGCC,Natural Gas - CC,megawatts,2026-06-21T19:10:01.199571+00:00,590.0
2023,South Dakota,SD,NGGT,Natural Gas - GT,megawatts,2026-06-21T19:10:01.199571+00:00,1787.4
2023,South Dakota,SD,NGIC,Natural Gas - IC,megawatts,2026-06-21T19:10:01.199571+00:00,127.8
2023,South Dakota,SD,NGST,Natural Gas - ST,megawatts,2026-06-21T19:10:01.199571+00:00,15.0
2023,South Dakota,SD,PET,Petroleum,megawatts,2026-06-21T19:10:01.199571+00:00,428.2
2023,South Dakota,SD,PETGT,Petroleum - GT,megawatts,2026-06-21T19:10:01.199571+00:00,368.8
2023,South Dakota,SD,PETIC,Petroleum - IC,megawatts,2026-06-21T19:10:01.199571+00:00,59.4
2023,South Dakota,SD,SOL,Solar,megawatts,2026-06-21T19:10:01.199571+00:00,162.0
2023,South Dakota,SD,SOLPV,Solar - PV,megawatts,2026-06-21T19:10:01.199571+00:00,162.0
2023,South Dakota,SD,WND,Wind,megawatts,2026-06-21T19:10:01.199571+00:00,6329.2
2023,South Dakota,SD,WOO,Wood,megawatts,2026-06-21T19:10:01.199571+00:00,10.8
2023,Tennessee,TN,COL,Coal,megawatts,2026-06-21T19:10:01.199571+00:00,9909.0
2023,Tennessee,TN,HYC,Hydroelectric,megawatts,2026-06-21T19:10:01.199571+00:00,5217.2
2023,Tennessee,TN,NG,Natural Gas,megawatts,2026-06-21T19:10:01.199571+00:00,11987.8
2023,Tennessee,TN,NGCC,Natural Gas - CC,megawatts,2026-06-21T19:10:01.199571+00:00,4910.2
2023,Tennessee,TN,NGGT,Natural Gas - GT,megawatts,2026-06-21T19:10:01.199571+00:00,6810.6
2023,Tennessee,TN,NGIC,Natural Gas - IC,megawatts,2026-06-21T19:10:01.199571+00:00,6.4
2023,Tennessee,TN,NGST,Natural Gas - ST,megawatts,2026-06-21T19:10:01.199571+00:00,260.6
2023,Tennessee,TN,NUC,Nuclear,megawatts,2026-06-21T19:10:01.199571+00:00,9045.4
2023,Tennessee,TN,OBM,Other Biomass,megawatts,2026-06-21T19:10:01.199571+00:00,18.799999999999997
2023,Tennessee,TN,PET,Petroleum,megawatts,2026-06-21T19:10:01.199571+00:00,940.8
2023,Tennessee,TN,PETGT,Petroleum - GT,megawatts,2026-06-21T19:10:01.199571+00:00,854.4
2023,Tennessee,TN,PETIC,Petroleum - IC,megawatts,2026-06-21T19:10:01.199571+00:00,86.4
2023,Tennessee,TN,HPS,Pumped Storage,megawatts,2026-06-21T19:10:01.199571+00:00,3232.6
2023,Tennessee,TN,SOL,Solar,megawatts,2026-06-21T19:10:01.199571+00:00,1167.0
2023,Tennessee,TN,SOLPV,Solar - PV,megawatts,2026-06-21T19:10:01.199571+00:00,1167.0
2023,Tennessee,TN,WND,Wind,megawatts,2026-06-21T19:10:01.199571+00:00,58.2
2023,Tennessee,TN,WOO,Wood,megawatts,2026-06-21T19:10:01.199571+00:00,271.0
2023,Texas,TX,BAT,Battery,megawatts,2026-06-21T19:10:01.199571+00:00,7587.2
2023,Texas,TX,COL,Coal,megawatts,2026-06-21T19:10:01.199571+00:00,33245.2
2023,Texas,TX,HYC,Hydroelectric,megawatts,2026-06-21T19:10:01.199571+00:00,1430.4
2023,Texas,TX,NG,Natural Gas,megawatts,2026-06-21T19:10:01.199571+00:00,144210.8
2023,Texas,TX,NGCC,Natural Gas - CC,megawatts,2026-06-21T19:10:01.199571+00:00,86472.0
2023,Texas,TX,NGGT,Natural Gas - GT,megawatts,2026-06-21T19:10:01.199571+00:00,23427.2
2023,Texas,TX,NGIC,Natural Gas - IC,megawatts,2026-06-21T19:10:01.199571+00:00,2230.6
2023,Texas,TX,NGST,Natural Gas - ST,megawatts,2026-06-21T19:10:01.199571+00:00,32081.0
2023,Texas,TX,NUC,Nuclear,megawatts,2026-06-21T19:10:01.199571+00:00,9960.0
2023,Texas,TX,OT,Other,megawatts,2026-06-21T19:10:01.199571+00:00,448.0
2023,Texas,TX,OBM,Other Biomass,megawatts,2026-06-21T19:10:01.199571+00:00,87.8
2023,Texas,TX,OOG,Other Gas,megawatts,2026-06-21T19:10:01.199571+00:00,354.2
2023,Texas,TX,PET,Petroleum,megawatts,2026-06-21T19:10:01.199571+00:00,1410.8
2023,Texas,TX,PETGT,Petroleum - GT,megawatts,2026-06-21T19:10:01.199571+00:00,794.0
2023,Texas,TX,PETIC,Petroleum - IC,megawatts,2026-06-21T19:10:01.199571+00:00,361.20000000000005
2023,Texas,TX,PETST,Petroleum - ST,megawatts,2026-06-21T19:10:01.199571+00:00,255.6
2023,Texas,TX,SOL,Solar,megawatts,2026-06-21T19:10:01.199571+00:00,30012.4
2023,Texas,TX,SOLPV,Solar - PV,megawatts,2026-06-21T19:10:01.199571+00:00,30012.4
2023,Texas,TX,WND,Wind,megawatts,2026-06-21T19:10:01.199571+00:00,80654.2
2023,Texas,TX,WOO,Wood,megawatts,2026-06-21T19:10:01.199571+00:00,618.4
2023,United States,US,BAT,Battery,megawatts,2026-06-21T19:10:01.199571+00:00,31989.8
2023,United States,US,COL,Coal,megawatts,2026-06-21T19:10:01.199571+00:00,356883.4
2023,United States,US,GEO,Geothermal,megawatts,2026-06-21T19:10:01.199571+00:00,5391.6
2023,United States,US,HYC,Hydroelectric,megawatts,2026-06-21T19:10:01.199571+00:00,159970.6
2023,United States,US,NG,Natural Gas,megawatts,2026-06-21T19:10:01.199571+00:00,1015071.6
2023,United States,US,NGCC,Natural Gas - CC,megawatts,2026-06-21T19:10:01.199571+00:00,588540.0
2023,United States,US,NGGT,Natural Gas - GT,megawatts,2026-06-21T19:10:01.199571+00:00,264138.6
2023,United States,US,NGIC,Natural Gas - IC,megawatts,2026-06-21T19:10:01.199571+00:00,11772.6
2023,United States,US,NGOTH,Natural Gas - OTH,megawatts,2026-06-21T19:10:01.199571+00:00,911.2
2023,United States,US,NGST,Natural Gas - ST,megawatts,2026-06-21T19:10:01.199571+00:00,149709.2
2023,United States,US,NUC,Nuclear,megawatts,2026-06-21T19:10:01.199571+00:00,191424.4
2023,United States,US,OT,Other,megawatts,2026-06-21T19:10:01.199571+00:00,2912.0
2023,United States,US,OBM,Other Biomass,megawatts,2026-06-21T19:10:01.199571+00:00,8266.4
2023,United States,US,OOG,Other Gas,megawatts,2026-06-21T19:10:01.199571+00:00,3733.6
2023,United States,US,PET,Petroleum,megawatts,2026-06-21T19:10:01.199571+00:00,58881.0
2023,United States,US,PETGT,Petroleum - GT,megawatts,2026-06-21T19:10:01.199571+00:00,28630.2
2023,United States,US,PETIC,Petroleum - IC,megawatts,2026-06-21T19:10:01.199571+00:00,10828.6
2023,United States,US,PETOTH,Petroleum - OTH,megawatts,2026-06-21T19:10:01.199571+00:00,1935.8
2023,United States,US,PETST,Petroleum - ST,megawatts,2026-06-21T19:10:01.199571+00:00,17486.4
2023,United States,US,HPS,Pumped Storage,megawatts,2026-06-21T19:10:01.199571+00:00,46294.8
2023,United States,US,SOL,Solar,megawatts,2026-06-21T19:10:01.199571+00:00,184015.40000000002
2023,United States,US,SOLPV,Solar - PV,megawatts,2026-06-21T19:10:01.199571+00:00,181055.40000000002
2023,United States,US,SOLTH,Solar - TH,megawatts,2026-06-21T19:10:01.199571+00:00,2960.0
2023,United States,US,WND,Wind,megawatts,2026-06-21T19:10:01.199571+00:00,294889.4
2023,United States,US,WOO,Wood,megawatts,2026-06-21T19:10:01.199571+00:00,15386.2
2023,Utah,UT,BAT,Battery,megawatts,2026-06-21T19:10:01.199571+00:00,2.0
2023,Utah,UT,COL,Coal,megawatts,2026-06-21T19:10:01.199571+00:00,9162.0
2023,Utah,UT,GEO,Geothermal,megawatts,2026-06-21T19:10:01.199571+00:00,141.4
2023,Utah,UT,HYC,Hydroelectric,megawatts,2026-06-21T19:10:01.199571+00:00,519.4
2023,Utah,UT,NG,Natural Gas,megawatts,2026-06-21T19:10:01.199571+00:00,5385.6
2023,Utah,UT,NGCC,Natural Gas - CC,megawatts,2026-06-21T19:10:01.199571+00:00,3660.0
2023,Utah,UT,NGGT,Natural Gas - GT,megawatts,2026-06-21T19:10:01.199571+00:00,1069.2
2023,Utah,UT,NGIC,Natural Gas - IC,megawatts,2026-06-21T19:10:01.199571+00:00,181.4
2023,Utah,UT,NGST,Natural Gas - ST,megawatts,2026-06-21T19:10:01.199571+00:00,475.0
2023,Utah,UT,OT,Other,megawatts,2026-06-21T19:10:01.199571+00:00,80.4
2023,Utah,UT,OBM,Other Biomass,megawatts,2026-06-21T19:10:01.199571+00:00,32.0
2023,Utah,UT,PET,Petroleum,megawatts,2026-06-21T19:10:01.199571+00:00,55.6
2023,Utah,UT,PETIC,Petroleum - IC,megawatts,2026-06-21T19:10:01.199571+00:00,55.6
2023,Utah,UT,SOL,Solar,megawatts,2026-06-21T19:10:01.199571+00:00,3261.8
2023,Utah,UT,SOLPV,Solar - PV,megawatts,2026-06-21T19:10:01.199571+00:00,3261.6
2023,Utah,UT,SOLTH,Solar - TH,megawatts,2026-06-21T19:10:01.199571+00:00,0.2
2023,Utah,UT,WND,Wind,megawatts,2026-06-21T19:10:01.199571+00:00,779.4
2023,Vermont,VT,BAT,Battery,megawatts,2026-06-21T19:10:01.199571+00:00,41.8
2023,Vermont,VT,HYC,Hydroelectric,megawatts,2026-06-21T19:10:01.199571+00:00,664.4
2023,Vermont,VT,OBM,Other Biomass,megawatts,2026-06-21T19:10:01.199571+00:00,15.0
2023,Vermont,VT,PET,Petroleum,megawatts,2026-06-21T19:10:01.199571+00:00,252.0
2023,Vermont,VT,PETGT,Petroleum - GT,megawatts,2026-06-21T19:10:01.199571+00:00,237.6
2023,Vermont,VT,PETIC,Petroleum - IC,megawatts,2026-06-21T19:10:01.199571+00:00,14.4
2023,Vermont,VT,SOL,Solar,megawatts,2026-06-21T19:10:01.199571+00:00,292.4
2023,Vermont,VT,SOLPV,Solar - PV,megawatts,2026-06-21T19:10:01.199571+00:00,292.4
2023,Vermont,VT,WND,Wind,megawatts,2026-06-21T19:10:01.199571+00:00,300.4
2023,Vermont,VT,WOO,Wood,megawatts,2026-06-21T19:10:01.199571+00:00,145.4
2023,Virginia,VA,BAT,Battery,megawatts,2026-06-21T19:10:01.199571+00:00,141.0
2023,Virginia,VA,COL,Coal,megawatts,2026-06-21T19:10:01.199571+00:00,3060.2
2023,Virginia,VA,HYC,Hydroelectric,megawatts,2026-06-21T19:10:01.199571+00:00,1733.2
2023,Virginia,VA,NG,Natural Gas,megawatts,2026-06-21T19:10:01.199571+00:00,27453.0
2023,Virginia,VA,NGCC,Natural Gas - CC,megawatts,2026-06-21T19:10:01.199571+00:00,17797.6
2023,Virginia,VA,NGGT,Natural Gas - GT,megawatts,2026-06-21T19:10:01.199571+00:00,8491.8
2023,Virginia,VA,NGIC,Natural Gas - IC,megawatts,2026-06-21T19:10:01.199571+00:00,2.0
2023,Virginia,VA,NGST,Natural Gas - ST,megawatts,2026-06-21T19:10:01.199571+00:00,1161.6
2023,Virginia,VA,NUC,Nuclear,megawatts,2026-06-21T19:10:01.199571+00:00,7136.0
2023,Virginia,VA,OBM,Other Biomass,megawatts,2026-06-21T19:10:01.199571+00:00,597.8
2023,Virginia,VA,PET,Petroleum,megawatts,2026-06-21T19:10:01.199571+00:00,1474.4
2023,Virginia,VA,PETGT,Petroleum - GT,megawatts,2026-06-21T19:10:01.199571+00:00,1208.4
2023,Virginia,VA,PETIC,Petroleum - IC,megawatts,2026-06-21T19:10:01.199571+00:00,266.0
2023,Virginia,VA,HPS,Pumped Storage,megawatts,2026-06-21T19:10:01.199571+00:00,6506.2
2023,Virginia,VA,SOL,Solar,megawatts,2026-06-21T19:10:01.199571+00:00,7317.2
2023,Virginia,VA,SOLPV,Solar - PV,megawatts,2026-06-21T19:10:01.199571+00:00,7317.2
2023,Virginia,VA,WND,Wind,megawatts,2026-06-21T19:10:01.199571+00:00,24.0
2023,Virginia,VA,WOO,Wood,megawatts,2026-06-21T19:10:01.199571+00:00,993.4
2023,Washington,WA,BAT,Battery,megawatts,2026-06-21T19:10:01.199571+00:00,12.0
2023,Washington,WA,COL,Coal,megawatts,2026-06-21T19:10:01.199571+00:00,1340.0
2023,Washington,WA,HYC,Hydroelectric,megawatts,2026-06-21T19:10:01.199571+00:00,43023.8
2023,Washington,WA,NG,Natural Gas,megawatts,2026-06-21T19:10:01.199571+00:00,6750.8
2023,Washington,WA,NGCC,Natural Gas - CC,megawatts,2026-06-21T19:10:01.199571+00:00,5253.2
2023,Washington,WA,NGGT,Natural Gas - GT,megawatts,2026-06-21T19:10:01.199571+00:00,1438.4
2023,Washington,WA,NGIC,Natural Gas - IC,megawatts,2026-06-21T19:10:01.199571+00:00,53.2
2023,Washington,WA,NGST,Natural Gas - ST,megawatts,2026-06-21T19:10:01.199571+00:00,6.0
2023,Washington,WA,NUC,Nuclear,megawatts,2026-06-21T19:10:01.199571+00:00,2302.0
2023,Washington,WA,OBM,Other Biomass,megawatts,2026-06-21T19:10:01.199571+00:00,74.4
2023,Washington,WA,PET,Petroleum,megawatts,2026-06-21T19:10:01.199571+00:00,34.4
2023,Washington,WA,PETIC,Petroleum - IC,megawatts,2026-06-21T19:10:01.199571+00:00,34.4
2023,Washington,WA,HPS,Pumped Storage,megawatts,2026-06-21T19:10:01.199571+00:00,628.0
2023,Washington,WA,SOL,Solar,megawatts,2026-06-21T19:10:01.199571+00:00,376.6
2023,Washington,WA,SOLPV,Solar - PV,megawatts,2026-06-21T19:10:01.199571+00:00,376.6
2023,Washington,WA,WND,Wind,megawatts,2026-06-21T19:10:01.199571+00:00,6749.8
2023,Washington,WA,WOO,Wood,megawatts,2026-06-21T19:10:01.199571+00:00,476.0
2023,West Virginia,WV,BAT,Battery,megawatts,2026-06-21T19:10:01.199571+00:00,95.0
2023,West Virginia,WV,COL,Coal,megawatts,2026-06-21T19:10:01.199571+00:00,25084.8
2023,West Virginia,WV,HYC,Hydroelectric,megawatts,2026-06-21T19:10:01.199571+00:00,681.6
2023,West Virginia,WV,NG,Natural Gas,megawatts,2026-06-21T19:10:01.199571+00:00,2410.0
2023,West Virginia,WV,NGGT,Natural Gas - GT,megawatts,2026-06-21T19:10:01.199571+00:00,2179.0
2023,West Virginia,WV,NGST,Natural Gas - ST,megawatts,2026-06-21T19:10:01.199571+00:00,231.0
2023,West Virginia,WV,OBM,Other Biomass,megawatts,2026-06-21T19:10:01.199571+00:00,6.4
2023,West Virginia,WV,PET,Petroleum,megawatts,2026-06-21T19:10:01.199571+00:00,22.0
2023,West Virginia,WV,PETGT,Petroleum - GT,megawatts,2026-06-21T19:10:01.199571+00:00,22.0
2023,West Virginia,WV,WND,Wind,megawatts,2026-06-21T19:10:01.199571+00:00,1710.4
2023,Wisconsin,WI,BAT,Battery,megawatts,2026-06-21T19:10:01.199571+00:00,11.4
2023,Wisconsin,WI,COL,Coal,megawatts,2026-06-21T19:10:01.199571+00:00,10452.400000000001
2023,Wisconsin,WI,HYC,Hydroelectric,megawatts,2026-06-21T19:10:01.199571+00:00,820.0
2023,Wisconsin,WI,NG,Natural Gas,megawatts,2026-06-21T19:10:01.199571+00:00,14618.2
2023,Wisconsin,WI,NGCC,Natural Gas - CC,megawatts,2026-06-21T19:10:01.199571+00:00,6948.0
2023,Wisconsin,WI,NGGT,Natural Gas - GT,megawatts,2026-06-21T19:10:01.199571+00:00,6344.4
2023,Wisconsin,WI,NGIC,Natural Gas - IC,megawatts,2026-06-21T19:10:01.199571+00:00,307.0
2023,Wisconsin,WI,NGST,Natural Gas - ST,megawatts,2026-06-21T19:10:01.199571+00:00,1018.8
2023,Wisconsin,WI,NUC,Nuclear,megawatts,2026-06-21T19:10:01.199571+00:00,2373.2
2023,Wisconsin,WI,OBM,Other Biomass,megawatts,2026-06-21T19:10:01.199571+00:00,158.4
2023,Wisconsin,WI,PET,Petroleum,megawatts,2026-06-21T19:10:01.199571+00:00,1272.6
2023,Wisconsin,WI,PETGT,Petroleum - GT,megawatts,2026-06-21T19:10:01.199571+00:00,749.0
2023,Wisconsin,WI,PETIC,Petroleum - IC,megawatts,2026-06-21T19:10:01.199571+00:00,406.8
2023,Wisconsin,WI,PETST,Petroleum - ST,megawatts,2026-06-21T19:10:01.199571+00:00,116.8
2023,Wisconsin,WI,SOL,Solar,megawatts,2026-06-21T19:10:01.199571+00:00,3296.3999999999996
2023,Wisconsin,WI,SOLPV,Solar - PV,megawatts,2026-06-21T19:10:01.199571+00:00,3296.3999999999996
2023,Wisconsin,WI,WND,Wind,megawatts,2026-06-21T19:10:01.199571+00:00,1652.4
2023,Wisconsin,WI,WOO,Wood,megawatts,2026-06-21T19:10:01.199571+00:00,504.8
2023,Wyoming,WY,COL,Coal,megawatts,2026-06-21T19:10:01.199571+00:00,12138.0
2023,Wyoming,WY,HYC,Hydroelectric,megawatts,2026-06-21T19:10:01.199571+00:00,614.2
2023,Wyoming,WY,NG,Natural Gas,megawatts,2026-06-21T19:10:01.199571+00:00,1190.6
2023,Wyoming,WY,NGCC,Natural Gas - CC,megawatts,2026-06-21T19:10:01.199571+00:00,188.0
2023,Wyoming,WY,NGGT,Natural Gas - GT,megawatts,2026-06-21T19:10:01.199571+00:00,494.6
2023,Wyoming,WY,NGIC,Natural Gas - IC,megawatts,2026-06-21T19:10:01.199571+00:00,14.0
2023,Wyoming,WY,NGST,Natural Gas - ST,megawatts,2026-06-21T19:10:01.199571+00:00,494.0
2023,Wyoming,WY,OT,Other,megawatts,2026-06-21T19:10:01.199571+00:00,26.6
2023,Wyoming,WY,OOG,Other Gas,megawatts,2026-06-21T19:10:01.199571+00:00,6.6
2023,Wyoming,WY,PET,Petroleum,megawatts,2026-06-21T19:10:01.199571+00:00,11.6
2023,Wyoming,WY,PETIC,Petroleum - IC,megawatts,2026-06-21T19:10:01.199571+00:00,11.6
2023,Wyoming,WY,SOL,Solar,megawatts,2026-06-21T19:10:01.199571+00:00,184.0
2023,Wyoming,WY,SOLPV,Solar - PV,megawatts,2026-06-21T19:10:01.199571+00:00,184.0
2023,Wyoming,WY,WND,Wind,megawatts,2026-06-21T19:10:01.199571+00:00,6212.0
2022,Alabama,AL,BAT,Battery,megawatts,2026-06-21T19:10:01.199571+00:00,2.0
2022,Alabama,AL,COL,Coal,megawatts,2026-06-21T19:10:01.199571+00:00,9456.0
2022,Alabama,AL,HYC,Hydroelectric,megawatts,2026-06-21T19:10:01.199571+00:00,6583.6
2022,Alabama,AL,NG,Natural Gas,megawatts,2026-06-21T19:10:01.199571+00:00,28701.6
2022,Alabama,AL,NGCC,Natural Gas - CC,megawatts,2026-06-21T19:10:01.199571+00:00,19590.6
2022,Alabama,AL,NGGT,Natural Gas - GT,megawatts,2026-06-21T19:10:01.199571+00:00,5145.6
2022,Alabama,AL,NGOTH,Natural Gas - OTH,megawatts,2026-06-21T19:10:01.199571+00:00,220.0
2022,Alabama,AL,NGST,Natural Gas - ST,megawatts,2026-06-21T19:10:01.199571+00:00,3745.3999999999996
2022,Alabama,AL,NUC,Nuclear,megawatts,2026-06-21T19:10:01.199571+00:00,10905.4
2022,Alabama,AL,OBM,Other Biomass,megawatts,2026-06-21T19:10:01.199571+00:00,12.8
2022,Alabama,AL,OOG,Other Gas,megawatts,2026-06-21T19:10:01.199571+00:00,7.6
2022,Alabama,AL,PET,Petroleum,megawatts,2026-06-21T19:10:01.199571+00:00,85.2
2022,Alabama,AL,PETGT,Petroleum - GT,megawatts,2026-06-21T19:10:01.199571+00:00,32.0
2022,Alabama,AL,PETIC,Petroleum - IC,megawatts,2026-06-21T19:10:01.199571+00:00,53.2
2022,Alabama,AL,SOL,Solar,megawatts,2026-06-21T19:10:01.199571+00:00,842.2
2022,Alabama,AL,SOLPV,Solar - PV,megawatts,2026-06-21T19:10:01.199571+00:00,842.2
2022,Alabama,AL,WOO,Wood,megawatts,2026-06-21T19:10:01.199571+00:00,1222.8
2022,Alaska,AK,BAT,Battery,megawatts,2026-06-21T19:10:01.199571+00:00,183.4
2022,Alaska,AK,COL,Coal,megawatts,2026-06-21T19:10:01.199571+00:00,335.8
2022,Alaska,AK,HYC,Hydroelectric,megawatts,2026-06-21T19:10:01.199571+00:00,952.0
2022,Alaska,AK,NG,Natural Gas,megawatts,2026-06-21T19:10:01.199571+00:00,2540.2
2022,Alaska,AK,NGCC,Natural Gas - CC,megawatts,2026-06-21T19:10:01.199571+00:00,749.2
2022,Alaska,AK,NGGT,Natural Gas - GT,megawatts,2026-06-21T19:10:01.199571+00:00,1442.2
2022,Alaska,AK,NGIC,Natural Gas - IC,megawatts,2026-06-21T19:10:01.199571+00:00,348.8
2022,Alaska,AK,OT,Other,megawatts,2026-06-21T19:10:01.199571+00:00,5.8
2022,Alaska,AK,OBM,Other Biomass,megawatts,2026-06-21T19:10:01.199571+00:00,14.0
2022,Alaska,AK,PET,Petroleum,megawatts,2026-06-21T19:10:01.199571+00:00,1489.0
2022,Alaska,AK,PETGT,Petroleum - GT,megawatts,2026-06-21T19:10:01.199571+00:00,474.0
2022,Alaska,AK,PETIC,Petroleum - IC,megawatts,2026-06-21T19:10:01.199571+00:00,913.0
2022,Alaska,AK,PETOTH,Petroleum - OTH,megawatts,2026-06-21T19:10:01.199571+00:00,102.0
2022,Alaska,AK,SOL,Solar,megawatts,2026-06-21T19:10:01.199571+00:00,1.6
2022,Alaska,AK,SOLPV,Solar - PV,megawatts,2026-06-21T19:10:01.199571+00:00,1.6
2022,Alaska,AK,WND,Wind,megawatts,2026-06-21T19:10:01.199571+00:00,118.0
2022,Arizona,AZ,BAT,Battery,megawatts,2026-06-21T19:10:01.199571+00:00,194.0
2022,Arizona,AZ,COL,Coal,megawatts,2026-06-21T19:10:01.199571+00:00,5886.0
2022,Arizona,AZ,HYC,Hydroelectric,megawatts,2026-06-21T19:10:01.199571+00:00,5439.4
2022,Arizona,AZ,NG,Natural Gas,megawatts,2026-06-21T19:10:01.199571+00:00,28752.0
2022,Arizona,AZ,NGCC,Natural Gas - CC,megawatts,2026-06-21T19:10:01.199571+00:00,20387.2
2022,Arizona,AZ,NGGT,Natural Gas - GT,megawatts,2026-06-21T19:10:01.199571+00:00,6169.6
2022,Arizona,AZ,NGIC,Natural Gas - IC,megawatts,2026-06-21T19:10:01.199571+00:00,367.2
2022,Arizona,AZ,NGST,Natural Gas - ST,megawatts,2026-06-21T19:10:01.199571+00:00,1828.0
2022,Arizona,AZ,NUC,Nuclear,megawatts,2026-06-21T19:10:01.199571+00:00,7874.0
2022,Arizona,AZ,OBM,Other Biomass,megawatts,2026-06-21T19:10:01.199571+00:00,6.4
2022,Arizona,AZ,PET,Petroleum,megawatts,2026-06-21T19:10:01.199571+00:00,537.0
2022,Arizona,AZ,PETGT,Petroleum - GT,megawatts,2026-06-21T19:10:01.199571+00:00,172.0
2022,Arizona,AZ,PETIC,Petroleum - IC,megawatts,2026-06-21T19:10:01.199571+00:00,3.0
2022,Arizona,AZ,PETST,Petroleum - ST,megawatts,2026-06-21T19:10:01.199571+00:00,362.0
2022,Arizona,AZ,HPS,Pumped Storage,megawatts,2026-06-21T19:10:01.199571+00:00,432.6
2022,Arizona,AZ,SOL,Solar,megawatts,2026-06-21T19:10:01.199571+00:00,5998.4
2022,Arizona,AZ,SOLPV,Solar - PV,megawatts,2026-06-21T19:10:01.199571+00:00,5407.2
2022,Arizona,AZ,SOLTH,Solar - TH,megawatts,2026-06-21T19:10:01.199571+00:00,591.2
2022,Arizona,AZ,WND,Wind,megawatts,2026-06-21T19:10:01.199571+00:00,1234.6
2022,Arizona,AZ,WOO,Wood,megawatts,2026-06-21T19:10:01.199571+00:00,49.4
2022,Arkansas,AR,BAT,Battery,megawatts,2026-06-21T19:10:01.199571+00:00,44.0
2022,Arkansas,AR,COL,Coal,megawatts,2026-06-21T19:10:01.199571+00:00,10217.4
2022,Arkansas,AR,HYC,Hydroelectric,megawatts,2026-06-21T19:10:01.199571+00:00,2530.4
2022,Arkansas,AR,NG,Natural Gas,megawatts,2026-06-21T19:10:01.199571+00:00,12280.2
2022,Arkansas,AR,NGCC,Natural Gas - CC,megawatts,2026-06-21T19:10:01.199571+00:00,9226.6
2022,Arkansas,AR,NGGT,Natural Gas - GT,megawatts,2026-06-21T19:10:01.199571+00:00,1405.6
2022,Arkansas,AR,NGIC,Natural Gas - IC,megawatts,2026-06-21T19:10:01.199571+00:00,36.0
2022,Arkansas,AR,NGST,Natural Gas - ST,megawatts,2026-06-21T19:10:01.199571+00:00,1612.0
2022,Arkansas,AR,NUC,Nuclear,megawatts,2026-06-21T19:10:01.199571+00:00,3644.0
2022,Arkansas,AR,OBM,Other Biomass,megawatts,2026-06-21T19:10:01.199571+00:00,20.2
2022,Arkansas,AR,PET,Petroleum,megawatts,2026-06-21T19:10:01.199571+00:00,18.0
2022,Arkansas,AR,PETIC,Petroleum - IC,megawatts,2026-06-21T19:10:01.199571+00:00,18.0
2022,Arkansas,AR,HPS,Pumped Storage,megawatts,2026-06-21T19:10:01.199571+00:00,60.0
2022,Arkansas,AR,SOL,Solar,megawatts,2026-06-21T19:10:01.199571+00:00,659.4
2022,Arkansas,AR,SOLPV,Solar - PV,megawatts,2026-06-21T19:10:01.199571+00:00,659.4
2022,Arkansas,AR,WOO,Wood,megawatts,2026-06-21T19:10:01.199571+00:00,433.8
2022,California,CA,BAT,Battery,megawatts,2026-06-21T19:10:01.199571+00:00,9728.8
2022,California,CA,COL,Coal,megawatts,2026-06-21T19:10:01.199571+00:00,114.0
2022,California,CA,GEO,Geothermal,megawatts,2026-06-21T19:10:01.199571+00:00,3733.6
2022,California,CA,HYC,Hydroelectric,megawatts,2026-06-21T19:10:01.199571+00:00,20526.6
2022,California,CA,NG,Natural Gas,megawatts,2026-06-21T19:10:01.199571+00:00,74477.8
2022,California,CA,NGCC,Natural Gas - CC,megawatts,2026-06-21T19:10:01.199571+00:00,41134.600000000006
2022,California,CA,NGGT,Natural Gas - GT,megawatts,2026-06-21T19:10:01.199571+00:00,22867.4
2022,California,CA,NGIC,Natural Gas - IC,megawatts,2026-06-21T19:10:01.199571+00:00,796.8
2022,California,CA,NGOTH,Natural Gas - OTH,megawatts,2026-06-21T19:10:01.199571+00:00,315.0
2022,California,CA,NGST,Natural Gas - ST,megawatts,2026-06-21T19:10:01.199571+00:00,9364.0
2022,California,CA,NUC,Nuclear,megawatts,2026-06-21T19:10:01.199571+00:00,4480.0
2022,California,CA,OT,Other,megawatts,2026-06-21T19:10:01.199571+00:00,188.8
2022,California,CA,OBM,Other Biomass,megawatts,2026-06-21T19:10:01.199571+00:00,950.8
2022,California,CA,OOG,Other Gas,megawatts,2026-06-21T19:10:01.199571+00:00,389.2
2022,California,CA,PET,Petroleum,megawatts,2026-06-21T19:10:01.199571+00:00,870.4
2022,California,CA,PETGT,Petroleum - GT,megawatts,2026-06-21T19:10:01.199571+00:00,373.8
2022,California,CA,PETIC,Petroleum - IC,megawatts,2026-06-21T19:10:01.199571+00:00,456.6
2022,California,CA,PETST,Petroleum - ST,megawatts,2026-06-21T19:10:01.199571+00:00,40.0
2022,California,CA,HPS,Pumped Storage,megawatts,2026-06-21T19:10:01.199571+00:00,7823.8
2022,California,CA,SOL,Solar,megawatts,2026-06-21T19:10:01.199571+00:00,35102.2
2022,California,CA,SOLPV,Solar - PV,megawatts,2026-06-21T19:10:01.199571+00:00,33090.6
2022,California,CA,SOLTH,Solar - TH,megawatts,2026-06-21T19:10:01.199571+00:00,2011.6
2022,California,CA,WND,Wind,megawatts,2026-06-21T19:10:01.199571+00:00,12291.0
2022,California,CA,WOO,Wood,megawatts,2026-06-21T19:10:01.199571+00:00,1285.6
2022,Colorado,CO,BAT,Battery,megawatts,2026-06-21T19:10:01.199571+00:00,20.4
2022,Colorado,CO,COL,Coal,megawatts,2026-06-21T19:10:01.199571+00:00,7608.0
2022,Colorado,CO,HYC,Hydroelectric,megawatts,2026-06-21T19:10:01.199571+00:00,1379.4
2022,Colorado,CO,NG,Natural Gas,megawatts,2026-06-21T19:10:01.199571+00:00,12755.0
2022,Colorado,CO,NGCC,Natural Gas - CC,megawatts,2026-06-21T19:10:01.199571+00:00,6387.0
2022,Colorado,CO,NGGT,Natural Gas - GT,megawatts,2026-06-21T19:10:01.199571+00:00,5076.0
2022,Colorado,CO,NGIC,Natural Gas - IC,megawatts,2026-06-21T19:10:01.199571+00:00,476.0
2022,Colorado,CO,NGST,Natural Gas - ST,megawatts,2026-06-21T19:10:01.199571+00:00,816.0
2022,Colorado,CO,OT,Other,megawatts,2026-06-21T19:10:01.199571+00:00,18.2
2022,Colorado,CO,OBM,Other Biomass,megawatts,2026-06-21T19:10:01.199571+00:00,32.2
2022,Colorado,CO,OOG,Other Gas,megawatts,2026-06-21T19:10:01.199571+00:00,6.0
2022,Colorado,CO,PET,Petroleum,megawatts,2026-06-21T19:10:01.199571+00:00,301.0
2022,Colorado,CO,PETGT,Petroleum - GT,megawatts,2026-06-21T19:10:01.199571+00:00,200.0
2022,Colorado,CO,PETIC,Petroleum - IC,megawatts,2026-06-21T19:10:01.199571+00:00,101.0
2022,Colorado,CO,HPS,Pumped Storage,megawatts,2026-06-21T19:10:01.199571+00:00,1161.6
2022,Colorado,CO,SOL,Solar,megawatts,2026-06-21T19:10:01.199571+00:00,2604.2
2022,Colorado,CO,SOLPV,Solar - PV,megawatts,2026-06-21T19:10:01.199571+00:00,2604.2
2022,Colorado,CO,WND,Wind,megawatts,2026-06-21T19:10:01.199571+00:00,10272.4
2022,Colorado,CO,WOO,Wood,megawatts,2026-06-21T19:10:01.199571+00:00,25.2
2022,Connecticut,CT,BAT,Battery,megawatts,2026-06-21T19:10:01.199571+00:00,3.2
2022,Connecticut,CT,HYC,Hydroelectric,megawatts,2026-06-21T19:10:01.199571+00:00,238.4
2022,Connecticut,CT,NG,Natural Gas,megawatts,2026-06-21T19:10:01.199571+00:00,10120.6
2022,Connecticut,CT,NGCC,Natural Gas - CC,megawatts,2026-06-21T19:10:01.199571+00:00,7838.8
2022,Connecticut,CT,NGGT,Natural Gas - GT,megawatts,2026-06-21T19:10:01.199571+00:00,1171.4
2022,Connecticut,CT,NGIC,Natural Gas - IC,megawatts,2026-06-21T19:10:01.199571+00:00,31.4
2022,Connecticut,CT,NGOTH,Natural Gas - OTH,megawatts,2026-06-21T19:10:01.199571+00:00,164.8
2022,Connecticut,CT,NGST,Natural Gas - ST,megawatts,2026-06-21T19:10:01.199571+00:00,914.2
2022,Connecticut,CT,NUC,Nuclear,megawatts,2026-06-21T19:10:01.199571+00:00,4216.0
2022,Connecticut,CT,OBM,Other Biomass,megawatts,2026-06-21T19:10:01.199571+00:00,204.2
2022,Connecticut,CT,PET,Petroleum,megawatts,2026-06-21T19:10:01.199571+00:00,4744.8
2022,Connecticut,CT,PETGT,Petroleum - GT,megawatts,2026-06-21T19:10:01.199571+00:00,2118.8
2022,Connecticut,CT,PETIC,Petroleum - IC,megawatts,2026-06-21T19:10:01.199571+00:00,140.8
2022,Connecticut,CT,PETST,Petroleum - ST,megawatts,2026-06-21T19:10:01.199571+00:00,2485.2
2022,Connecticut,CT,HPS,Pumped Storage,megawatts,2026-06-21T19:10:01.199571+00:00,58.8
2022,Connecticut,CT,SOL,Solar,megawatts,2026-06-21T19:10:01.199571+00:00,545.8
2022,Connecticut,CT,SOLPV,Solar - PV,megawatts,2026-06-21T19:10:01.199571+00:00,545.8
2022,Connecticut,CT,WND,Wind,megawatts,2026-06-21T19:10:01.199571+00:00,10.0
2022,Connecticut,CT,WOO,Wood,megawatts,2026-06-21T19:10:01.199571+00:00,75.0
2022,Delaware,DE,COL,Coal,megawatts,2026-06-21T19:10:01.199571+00:00,820.0
2022,Delaware,DE,NG,Natural Gas,megawatts,2026-06-21T19:10:01.199571+00:00,5113.6
2022,Delaware,DE,NGCC,Natural Gas - CC,megawatts,2026-06-21T19:10:01.199571+00:00,3008.0
2022,Delaware,DE,NGGT,Natural Gas - GT,megawatts,2026-06-21T19:10:01.199571+00:00,628.0
2022,Delaware,DE,NGOTH,Natural Gas - OTH,megawatts,2026-06-21T19:10:01.199571+00:00,57.6
2022,Delaware,DE,NGST,Natural Gas - ST,megawatts,2026-06-21T19:10:01.199571+00:00,1420.0
2022,Delaware,DE,OBM,Other Biomass,megawatts,2026-06-21T19:10:01.199571+00:00,28.4
2022,Delaware,DE,OOG,Other Gas,megawatts,2026-06-21T19:10:01.199571+00:00,270.0
2022,Delaware,DE,PET,Petroleum,megawatts,2026-06-21T19:10:01.199571+00:00,228.2
2022,Delaware,DE,PETGT,Petroleum - GT,megawatts,2026-06-21T19:10:01.199571+00:00,228.2
2022,Delaware,DE,SOL,Solar,megawatts,2026-06-21T19:10:01.199571+00:00,179.0
2022,Delaware,DE,SOLPV,Solar - PV,megawatts,2026-06-21T19:10:01.199571+00:00,179.0
2022,Delaware,DE,WND,Wind,megawatts,2026-06-21T19:10:01.199571+00:00,4.0
2022,District of Columbia,DC,NG,Natural Gas,megawatts,2026-06-21T19:10:01.199571+00:00,41.2
2022,District of Columbia,DC,NGGT,Natural Gas - GT,megawatts,2026-06-21T19:10:01.199571+00:00,41.2
2022,District of Columbia,DC,OBM,Other Biomass,megawatts,2026-06-21T19:10:01.199571+00:00,24.0
2022,District of Columbia,DC,SOL,Solar,megawatts,2026-06-21T19:10:01.199571+00:00,37.0
2022,District of Columbia,DC,SOLPV,Solar - PV,megawatts,2026-06-21T19:10:01.199571+00:00,37.0
2022,Florida,FL,BAT,Battery,megawatts,2026-06-21T19:10:01.199571+00:00,1081.8
2022,Florida,FL,COL,Coal,megawatts,2026-06-21T19:10:01.199571+00:00,9124.0
2022,Florida,FL,HYC,Hydroelectric,megawatts,2026-06-21T19:10:01.199571+00:00,87.0
2022,Florida,FL,NG,Natural Gas,megawatts,2026-06-21T19:10:01.199571+00:00,97919.8
2022,Florida,FL,NGCC,Natural Gas - CC,megawatts,2026-06-21T19:10:01.199571+00:00,69126.0
2022,Florida,FL,NGGT,Natural Gas - GT,megawatts,2026-06-21T19:10:01.199571+00:00,17668.0
2022,Florida,FL,NGIC,Natural Gas - IC,megawatts,2026-06-21T19:10:01.199571+00:00,284.0
2022,Florida,FL,NGST,Natural Gas - ST,megawatts,2026-06-21T19:10:01.199571+00:00,10841.8
2022,Florida,FL,NUC,Nuclear,megawatts,2026-06-21T19:10:01.199571+00:00,7332.0
2022,Florida,FL,OT,Other,megawatts,2026-06-21T19:10:01.199571+00:00,625.8
2022,Florida,FL,OBM,Other Biomass,megawatts,2026-06-21T19:10:01.199571+00:00,1406.0
2022,Florida,FL,PET,Petroleum,megawatts,2026-06-21T19:10:01.199571+00:00,3324.4
2022,Florida,FL,PETGT,Petroleum - GT,megawatts,2026-06-21T19:10:01.199571+00:00,3068.0
2022,Florida,FL,PETIC,Petroleum - IC,megawatts,2026-06-21T19:10:01.199571+00:00,256.4
2022,Florida,FL,SOL,Solar,megawatts,2026-06-21T19:10:01.199571+00:00,11988.8
2022,Florida,FL,SOLPV,Solar - PV,megawatts,2026-06-21T19:10:01.199571+00:00,11988.8
2022,Florida,FL,WOO,Wood,megawatts,2026-06-21T19:10:01.199571+00:00,876.4
2022,Georgia,GA,BAT,Battery,megawatts,2026-06-21T19:10:01.199571+00:00,162.4
2022,Georgia,GA,COL,Coal,megawatts,2026-06-21T19:10:01.199571+00:00,11560.0
2022,Georgia,GA,HYC,Hydroelectric,megawatts,2026-06-21T19:10:01.199571+00:00,3970.0
2022,Georgia,GA,NG,Natural Gas,megawatts,2026-06-21T19:10:01.199571+00:00,32133.6
2022,Georgia,GA,NGCC,Natural Gas - CC,megawatts,2026-06-21T19:10:01.199571+00:00,16146.4
2022,Georgia,GA,NGGT,Natural Gas - GT,megawatts,2026-06-21T19:10:01.199571+00:00,14287.0
2022,Georgia,GA,NGIC,Natural Gas - IC,megawatts,2026-06-21T19:10:01.199571+00:00,14.0
2022,Georgia,GA,NGOTH,Natural Gas - OTH,megawatts,2026-06-21T19:10:01.199571+00:00,0.4
2022,Georgia,GA,NGST,Natural Gas - ST,megawatts,2026-06-21T19:10:01.199571+00:00,1685.8
2022,Georgia,GA,NUC,Nuclear,megawatts,2026-06-21T19:10:01.199571+00:00,8122.0
2022,Georgia,GA,OBM,Other Biomass,megawatts,2026-06-21T19:10:01.199571+00:00,115.2
2022,Georgia,GA,PET,Petroleum,megawatts,2026-06-21T19:10:01.199571+00:00,3370.8
2022,Georgia,GA,PETGT,Petroleum - GT,megawatts,2026-06-21T19:10:01.199571+00:00,2881.2
2022,Georgia,GA,PETIC,Petroleum - IC,megawatts,2026-06-21T19:10:01.199571+00:00,200.0
2022,Georgia,GA,PETST,Petroleum - ST,megawatts,2026-06-21T19:10:01.199571+00:00,289.6
2022,Georgia,GA,HPS,Pumped Storage,megawatts,2026-06-21T19:10:01.199571+00:00,3794.8
2022,Georgia,GA,SOL,Solar,megawatts,2026-06-21T19:10:01.199571+00:00,7262.6
2022,Georgia,GA,SOLPV,Solar - PV,megawatts,2026-06-21T19:10:01.199571+00:00,7262.6
2022,Georgia,GA,WOO,Wood,megawatts,2026-06-21T19:10:01.199571+00:00,1904.4
2022,Hawaii,HI,BAT,Battery,megawatts,2026-06-21T19:10:01.199571+00:00,217.8
2022,Hawaii,HI,GEO,Geothermal,megawatts,2026-06-21T19:10:01.199571+00:00,86.0
2022,Hawaii,HI,HYC,Hydroelectric,megawatts,2026-06-21T19:10:01.199571+00:00,64.80000000000001
2022,Hawaii,HI,OT,Other,megawatts,2026-06-21T19:10:01.199571+00:00,55.0
2022,Hawaii,HI,OBM,Other Biomass,megawatts,2026-06-21T19:10:01.199571+00:00,292.8
2022,Hawaii,HI,PET,Petroleum,megawatts,2026-06-21T19:10:01.199571+00:00,3959.8
2022,Hawaii,HI,PETGT,Petroleum - GT,megawatts,2026-06-21T19:10:01.199571+00:00,674.2
2022,Hawaii,HI,PETIC,Petroleum - IC,megawatts,2026-06-21T19:10:01.199571+00:00,370.0
2022,Hawaii,HI,PETOTH,Petroleum - OTH,megawatts,2026-06-21T19:10:01.199571+00:00,879.2
2022,Hawaii,HI,PETST,Petroleum - ST,megawatts,2026-06-21T19:10:01.199571+00:00,2036.4
2022,Hawaii,HI,SOL,Solar,megawatts,2026-06-21T19:10:01.199571+00:00,654.2
2022,Hawaii,HI,SOLPV,Solar - PV,megawatts,2026-06-21T19:10:01.199571+00:00,654.2
2022,Hawaii,HI,WND,Wind,megawatts,2026-06-21T19:10:01.199571+00:00,466.4
2022,Hawaii,HI,WOO,Wood,megawatts,2026-06-21T19:10:01.199571+00:00,15.0
2022,Idaho,ID,GEO,Geothermal,megawatts,2026-06-21T19:10:01.199571+00:00,20.0
2022,Idaho,ID,HYC,Hydroelectric,megawatts,2026-06-21T19:10:01.199571+00:00,5344.6
2022,Idaho,ID,NG,Natural Gas,megawatts,2026-06-21T19:10:01.199571+00:00,2478.8
2022,Idaho,ID,NGCC,Natural Gas - CC,megawatts,2026-06-21T19:10:01.199571+00:00,1190.0
2022,Idaho,ID,NGGT,Natural Gas - GT,megawatts,2026-06-21T19:10:01.199571+00:00,1255.4
2022,Idaho,ID,NGST,Natural Gas - ST,megawatts,2026-06-21T19:10:01.199571+00:00,33.4
2022,Idaho,ID,OT,Other,megawatts,2026-06-21T19:10:01.199571+00:00,29.6
2022,Idaho,ID,OBM,Other Biomass,megawatts,2026-06-21T19:10:01.199571+00:00,34.0
2022,Idaho,ID,PET,Petroleum,megawatts,2026-06-21T19:10:01.199571+00:00,10.8
2022,Idaho,ID,PETIC,Petroleum - IC,megawatts,2026-06-21T19:10:01.199571+00:00,10.8
2022,Idaho,ID,SOL,Solar,megawatts,2026-06-21T19:10:01.199571+00:00,724.0
2022,Idaho,ID,SOLPV,Solar - PV,megawatts,2026-06-21T19:10:01.199571+00:00,724.0
2022,Idaho,ID,WND,Wind,megawatts,2026-06-21T19:10:01.199571+00:00,1936.6
2022,Idaho,ID,WOO,Wood,megawatts,2026-06-21T19:10:01.199571+00:00,132.2
2022,Illinois,IL,BAT,Battery,megawatts,2026-06-21T19:10:01.199571+00:00,192.2
2022,Illinois,IL,COL,Coal,megawatts,2026-06-21T19:10:01.199571+00:00,13707.0
2022,Illinois,IL,HYC,Hydroelectric,megawatts,2026-06-21T19:10:01.199571+00:00,65.8
2022,Illinois,IL,NG,Natural Gas,megawatts,2026-06-21T19:10:01.199571+00:00,33693.600000000006
2022,Illinois,IL,NGCC,Natural Gas - CC,megawatts,2026-06-21T19:10:01.199571+00:00,9544.8
2022,Illinois,IL,NGGT,Natural Gas - GT,megawatts,2026-06-21T19:10:01.199571+00:00,20702.800000000003
2022,Illinois,IL,NGIC,Natural Gas - IC,megawatts,2026-06-21T19:10:01.199571+00:00,369.0
2022,Illinois,IL,NGST,Natural Gas - ST,megawatts,2026-06-21T19:10:01.199571+00:00,3077.0
2022,Illinois,IL,NUC,Nuclear,megawatts,2026-06-21T19:10:01.199571+00:00,23135.2
2022,Illinois,IL,OT,Other,megawatts,2026-06-21T19:10:01.199571+00:00,156.0
2022,Illinois,IL,OBM,Other Biomass,megawatts,2026-06-21T19:10:01.199571+00:00,111.6
2022,Illinois,IL,OOG,Other Gas,megawatts,2026-06-21T19:10:01.199571+00:00,73.0
2022,Illinois,IL,PET,Petroleum,megawatts,2026-06-21T19:10:01.199571+00:00,1324.4
2022,Illinois,IL,PETGT,Petroleum - GT,megawatts,2026-06-21T19:10:01.199571+00:00,721.0
2022,Illinois,IL,PETIC,Petroleum - IC,megawatts,2026-06-21T19:10:01.199571+00:00,603.4
2022,Illinois,IL,SOL,Solar,megawatts,2026-06-21T19:10:01.199571+00:00,1798.0
2022,Illinois,IL,SOLPV,Solar - PV,megawatts,2026-06-21T19:10:01.199571+00:00,1798.0
2022,Illinois,IL,WND,Wind,megawatts,2026-06-21T19:10:01.199571+00:00,14069.2
2022,Indiana,IN,BAT,Battery,megawatts,2026-06-21T19:10:01.199571+00:00,72.0
2022,Indiana,IN,COL,Coal,megawatts,2026-06-21T19:10:01.199571+00:00,27685.0
2022,Indiana,IN,HYC,Hydroelectric,megawatts,2026-06-21T19:10:01.199571+00:00,143.2
2022,Indiana,IN,NG,Natural Gas,megawatts,2026-06-21T19:10:01.199571+00:00,16139.6
2022,Indiana,IN,NGCC,Natural Gas - CC,megawatts,2026-06-21T19:10:01.199571+00:00,7750.0
2022,Indiana,IN,NGGT,Natural Gas - GT,megawatts,2026-06-21T19:10:01.199571+00:00,6731.6
2022,Indiana,IN,NGIC,Natural Gas - IC,megawatts,2026-06-21T19:10:01.199571+00:00,52.8
2022,Indiana,IN,NGST,Natural Gas - ST,megawatts,2026-06-21T19:10:01.199571+00:00,1605.2
2022,Indiana,IN,OT,Other,megawatts,2026-06-21T19:10:01.199571+00:00,176.0
2022,Indiana,IN,OBM,Other Biomass,megawatts,2026-06-21T19:10:01.199571+00:00,144.2
2022,Indiana,IN,OOG,Other Gas,megawatts,2026-06-21T19:10:01.199571+00:00,1090.2
2022,Indiana,IN,PET,Petroleum,megawatts,2026-06-21T19:10:01.199571+00:00,191.6
2022,Indiana,IN,PETGT,Petroleum - GT,megawatts,2026-06-21T19:10:01.199571+00:00,74.0
2022,Indiana,IN,PETIC,Petroleum - IC,megawatts,2026-06-21T19:10:01.199571+00:00,117.6
2022,Indiana,IN,SOL,Solar,megawatts,2026-06-21T19:10:01.199571+00:00,1258.4
2022,Indiana,IN,SOLPV,Solar - PV,megawatts,2026-06-21T19:10:01.199571+00:00,1258.4
2022,Indiana,IN,WND,Wind,megawatts,2026-06-21T19:10:01.199571+00:00,6906.2
2022,Iowa,IA,BAT,Battery,megawatts,2026-06-21T19:10:01.199571+00:00,7.8
2022,Iowa,IA,COL,Coal,megawatts,2026-06-21T19:10:01.199571+00:00,10137.0
2022,Iowa,IA,HYC,Hydroelectric,megawatts,2026-06-21T19:10:01.199571+00:00,418.79999999999995
2022,Iowa,IA,NG,Natural Gas,megawatts,2026-06-21T19:10:01.199571+00:00,7266.2
2022,Iowa,IA,NGCC,Natural Gas - CC,megawatts,2026-06-21T19:10:01.199571+00:00,3505.0
2022,Iowa,IA,NGGT,Natural Gas - GT,megawatts,2026-06-21T19:10:01.199571+00:00,2246.8
2022,Iowa,IA,NGIC,Natural Gas - IC,megawatts,2026-06-21T19:10:01.199571+00:00,328.20000000000005
2022,Iowa,IA,NGST,Natural Gas - ST,megawatts,2026-06-21T19:10:01.199571+00:00,1186.2
2022,Iowa,IA,OBM,Other Biomass,megawatts,2026-06-21T19:10:01.199571+00:00,41.2
2022,Iowa,IA,PET,Petroleum,megawatts,2026-06-21T19:10:01.199571+00:00,1943.8
2022,Iowa,IA,PETGT,Petroleum - GT,megawatts,2026-06-21T19:10:01.199571+00:00,668.6
2022,Iowa,IA,PETIC,Petroleum - IC,megawatts,2026-06-21T19:10:01.199571+00:00,1196.2
2022,Iowa,IA,PETST,Petroleum - ST,megawatts,2026-06-21T19:10:01.199571+00:00,79.0
2022,Iowa,IA,SOL,Solar,megawatts,2026-06-21T19:10:01.199571+00:00,521.0
2022,Iowa,IA,SOLPV,Solar - PV,megawatts,2026-06-21T19:10:01.199571+00:00,521.0
2022,Iowa,IA,WND,Wind,megawatts,2026-06-21T19:10:01.199571+00:00,24757.0
2022,Kansas,KS,COL,Coal,megawatts,2026-06-21T19:10:01.199571+00:00,9042.8
2022,Kansas,KS,HYC,Hydroelectric,megawatts,2026-06-21T19:10:01.199571+00:00,14.0
2022,Kansas,KS,NG,Natural Gas,megawatts,2026-06-21T19:10:01.199571+00:00,7702.6
2022,Kansas,KS,NGCC,Natural Gas - CC,megawatts,2026-06-21T19:10:01.199571+00:00,532.0
2022,Kansas,KS,NGGT,Natural Gas - GT,megawatts,2026-06-21T19:10:01.199571+00:00,4385.2
2022,Kansas,KS,NGIC,Natural Gas - IC,megawatts,2026-06-21T19:10:01.199571+00:00,1173.4
2022,Kansas,KS,NGST,Natural Gas - ST,megawatts,2026-06-21T19:10:01.199571+00:00,1612.0
2022,Kansas,KS,NUC,Nuclear,megawatts,2026-06-21T19:10:01.199571+00:00,2450.0
2022,Kansas,KS,OT,Other,megawatts,2026-06-21T19:10:01.199571+00:00,1.6
2022,Kansas,KS,OBM,Other Biomass,megawatts,2026-06-21T19:10:01.199571+00:00,18.0
2022,Kansas,KS,PET,Petroleum,megawatts,2026-06-21T19:10:01.199571+00:00,1075.0
2022,Kansas,KS,PETGT,Petroleum - GT,megawatts,2026-06-21T19:10:01.199571+00:00,447.2
2022,Kansas,KS,PETIC,Petroleum - IC,megawatts,2026-06-21T19:10:01.199571+00:00,627.8
2022,Kansas,KS,SOL,Solar,megawatts,2026-06-21T19:10:01.199571+00:00,73.0
2022,Kansas,KS,SOLPV,Solar - PV,megawatts,2026-06-21T19:10:01.199571+00:00,73.0
2022,Kansas,KS,WND,Wind,megawatts,2026-06-21T19:10:01.199571+00:00,16476.2
2022,Kentucky,KY,COL,Coal,megawatts,2026-06-21T19:10:01.199571+00:00,18360.0
2022,Kentucky,KY,HYC,Hydroelectric,megawatts,2026-06-21T19:10:01.199571+00:00,2274.8
2022,Kentucky,KY,NG,Natural Gas,megawatts,2026-06-21T19:10:01.199571+00:00,14303.2
2022,Kentucky,KY,NGCC,Natural Gas - CC,megawatts,2026-06-21T19:10:01.199571+00:00,3526.0
2022,Kentucky,KY,NGGT,Natural Gas - GT,megawatts,2026-06-21T19:10:01.199571+00:00,9811.2
2022,Kentucky,KY,NGST,Natural Gas - ST,megawatts,2026-06-21T19:10:01.199571+00:00,966.0
2022,Kentucky,KY,OBM,Other Biomass,megawatts,2026-06-21T19:10:01.199571+00:00,44.4
2022,Kentucky,KY,PET,Petroleum,megawatts,2026-06-21T19:10:01.199571+00:00,23.8
2022,Kentucky,KY,PETIC,Petroleum - IC,megawatts,2026-06-21T19:10:01.199571+00:00,23.8
2022,Kentucky,KY,SOL,Solar,megawatts,2026-06-21T19:10:01.199571+00:00,155.6
2022,Kentucky,KY,SOLPV,Solar - PV,megawatts,2026-06-21T19:10:01.199571+00:00,155.6
2022,Kentucky,KY,WOO,Wood,megawatts,2026-06-21T19:10:01.199571+00:00,104.6
2022,Louisiana,LA,BAT,Battery,megawatts,2026-06-21T19:10:01.199571+00:00,1.0
2022,Louisiana,LA,COL,Coal,megawatts,2026-06-21T19:10:01.199571+00:00,4148.2
2022,Louisiana,LA,HYC,Hydroelectric,megawatts,2026-06-21T19:10:01.199571+00:00,384.0
2022,Louisiana,LA,NG,Natural Gas,megawatts,2026-06-21T19:10:01.199571+00:00,36829.8
2022,Louisiana,LA,NGCC,Natural Gas - CC,megawatts,2026-06-21T19:10:01.199571+00:00,19391.6
2022,Louisiana,LA,NGGT,Natural Gas - GT,megawatts,2026-06-21T19:10:01.199571+00:00,5945.8
2022,Louisiana,LA,NGIC,Natural Gas - IC,megawatts,2026-06-21T19:10:01.199571+00:00,169.8
2022,Louisiana,LA,NGST,Natural Gas - ST,megawatts,2026-06-21T19:10:01.199571+00:00,11322.6
2022,Louisiana,LA,NUC,Nuclear,megawatts,2026-06-21T19:10:01.199571+00:00,4264.0
2022,Louisiana,LA,OT,Other,megawatts,2026-06-21T19:10:01.199571+00:00,658.4
2022,Louisiana,LA,OBM,Other Biomass,megawatts,2026-06-21T19:10:01.199571+00:00,28.2
2022,Louisiana,LA,OOG,Other Gas,megawatts,2026-06-21T19:10:01.199571+00:00,325.4
2022,Louisiana,LA,PET,Petroleum,megawatts,2026-06-21T19:10:01.199571+00:00,1736.0
2022,Louisiana,LA,PETGT,Petroleum - GT,megawatts,2026-06-21T19:10:01.199571+00:00,64.2
2022,Louisiana,LA,PETIC,Petroleum - IC,megawatts,2026-06-21T19:10:01.199571+00:00,35.2
2022,Louisiana,LA,PETST,Petroleum - ST,megawatts,2026-06-21T19:10:01.199571+00:00,1636.6
2022,Louisiana,LA,SOL,Solar,megawatts,2026-06-21T19:10:01.199571+00:00,249.0
2022,Louisiana,LA,SOLPV,Solar - PV,megawatts,2026-06-21T19:10:01.199571+00:00,249.0
2022,Louisiana,LA,WOO,Wood,megawatts,2026-06-21T19:10:01.199571+00:00,816.0
2022,Maine,ME,BAT,Battery,megawatts,2026-06-21T19:10:01.199571+00:00,92.6
2022,Maine,ME,HYC,Hydroelectric,megawatts,2026-06-21T19:10:01.199571+00:00,1451.6
2022,Maine,ME,NG,Natural Gas,megawatts,2026-06-21T19:10:01.199571+00:00,3343.4
2022,Maine,ME,NGCC,Natural Gas - CC,megawatts,2026-06-21T19:10:01.199571+00:00,2559.4
2022,Maine,ME,NGGT,Natural Gas - GT,megawatts,2026-06-21T19:10:01.199571+00:00,624.0
2022,Maine,ME,NGST,Natural Gas - ST,megawatts,2026-06-21T19:10:01.199571+00:00,160.0
2022,Maine,ME,OT,Other,megawatts,2026-06-21T19:10:01.199571+00:00,44.0
2022,Maine,ME,OBM,Other Biomass,megawatts,2026-06-21T19:10:01.199571+00:00,77.2
2022,Maine,ME,PET,Petroleum,megawatts,2026-06-21T19:10:01.199571+00:00,1689.4
2022,Maine,ME,PETGT,Petroleum - GT,megawatts,2026-06-21T19:10:01.199571+00:00,64.0
2022,Maine,ME,PETIC,Petroleum - IC,megawatts,2026-06-21T19:10:01.199571+00:00,3.6
2022,Maine,ME,PETST,Petroleum - ST,megawatts,2026-06-21T19:10:01.199571+00:00,1621.8
2022,Maine,ME,SOL,Solar,megawatts,2026-06-21T19:10:01.199571+00:00,595.6
2022,Maine,ME,SOLPV,Solar - PV,megawatts,2026-06-21T19:10:01.199571+00:00,595.6
2022,Maine,ME,WND,Wind,megawatts,2026-06-21T19:10:01.199571+00:00,2059.0
2022,Maine,ME,WOO,Wood,megawatts,2026-06-21T19:10:01.199571+00:00,900.0
2022,Maryland,MD,BAT,Battery,megawatts,2026-06-21T19:10:01.199571+00:00,15.4
2022,Maryland,MD,COL,Coal,megawatts,2026-06-21T19:10:01.199571+00:00,3516.0
2022,Maryland,MD,HYC,Hydroelectric,megawatts,2026-06-21T19:10:01.199571+00:00,1180.0
2022,Maryland,MD,NG,Natural Gas,megawatts,2026-06-21T19:10:01.199571+00:00,11302.4
2022,Maryland,MD,NGCC,Natural Gas - CC,megawatts,2026-06-21T19:10:01.199571+00:00,5532.0
2022,Maryland,MD,NGGT,Natural Gas - GT,megawatts,2026-06-21T19:10:01.199571+00:00,3351.4
2022,Maryland,MD,NGIC,Natural Gas - IC,megawatts,2026-06-21T19:10:01.199571+00:00,19.4
2022,Maryland,MD,NGST,Natural Gas - ST,megawatts,2026-06-21T19:10:01.199571+00:00,2399.6
2022,Maryland,MD,NUC,Nuclear,megawatts,2026-06-21T19:10:01.199571+00:00,3415.6
2022,Maryland,MD,OBM,Other Biomass,megawatts,2026-06-21T19:10:01.199571+00:00,274.6
2022,Maryland,MD,PET,Petroleum,megawatts,2026-06-21T19:10:01.199571+00:00,2701.0
2022,Maryland,MD,PETGT,Petroleum - GT,megawatts,2026-06-21T19:10:01.199571+00:00,1180.6
2022,Maryland,MD,PETIC,Petroleum - IC,megawatts,2026-06-21T19:10:01.199571+00:00,168.4
2022,Maryland,MD,PETST,Petroleum - ST,megawatts,2026-06-21T19:10:01.199571+00:00,1352.0
2022,Maryland,MD,SOL,Solar,megawatts,2026-06-21T19:10:01.199571+00:00,1024.8
2022,Maryland,MD,SOLPV,Solar - PV,megawatts,2026-06-21T19:10:01.199571+00:00,1024.8
2022,Maryland,MD,WND,Wind,megawatts,2026-06-21T19:10:01.199571+00:00,380.0
2022,Maryland,MD,WOO,Wood,megawatts,2026-06-21T19:10:01.199571+00:00,5.2
2022,Massachusetts,MA,BAT,Battery,megawatts,2026-06-21T19:10:01.199571+00:00,482.6
2022,Massachusetts,MA,HYC,Hydroelectric,megawatts,2026-06-21T19:10:01.199571+00:00,534.4
2022,Massachusetts,MA,NG,Natural Gas,megawatts,2026-06-21T19:10:01.199571+00:00,14138.8
2022,Massachusetts,MA,NGCC,Natural Gas - CC,megawatts,2026-06-21T19:10:01.199571+00:00,12342.0
2022,Massachusetts,MA,NGGT,Natural Gas - GT,megawatts,2026-06-21T19:10:01.199571+00:00,1592.4
2022,Massachusetts,MA,NGIC,Natural Gas - IC,megawatts,2026-06-21T19:10:01.199571+00:00,80.0
2022,Massachusetts,MA,NGOTH,Natural Gas - OTH,megawatts,2026-06-21T19:10:01.199571+00:00,15.0
2022,Massachusetts,MA,NGST,Natural Gas - ST,megawatts,2026-06-21T19:10:01.199571+00:00,109.4
2022,Massachusetts,MA,OBM,Other Biomass,megawatts,2026-06-21T19:10:01.199571+00:00,525.2
2022,Massachusetts,MA,PET,Petroleum,megawatts,2026-06-21T19:10:01.199571+00:00,3476.0
2022,Massachusetts,MA,PETGT,Petroleum - GT,megawatts,2026-06-21T19:10:01.199571+00:00,819.8
2022,Massachusetts,MA,PETIC,Petroleum - IC,megawatts,2026-06-21T19:10:01.199571+00:00,226.60000000000002
2022,Massachusetts,MA,PETOTH,Petroleum - OTH,megawatts,2026-06-21T19:10:01.199571+00:00,192.0
2022,Massachusetts,MA,PETST,Petroleum - ST,megawatts,2026-06-21T19:10:01.199571+00:00,2237.6
2022,Massachusetts,MA,HPS,Pumped Storage,megawatts,2026-06-21T19:10:01.199571+00:00,3602.0
2022,Massachusetts,MA,SOL,Solar,megawatts,2026-06-21T19:10:01.199571+00:00,2542.0
2022,Massachusetts,MA,SOLPV,Solar - PV,megawatts,2026-06-21T19:10:01.199571+00:00,2542.0
2022,Massachusetts,MA,WND,Wind,megawatts,2026-06-21T19:10:01.199571+00:00,203.6
2022,Massachusetts,MA,WOO,Wood,megawatts,2026-06-21T19:10:01.199571+00:00,29.8
2022,Michigan,MI,BAT,Battery,megawatts,2026-06-21T19:10:01.199571+00:00,2.6
2022,Michigan,MI,COL,Coal,megawatts,2026-06-21T19:10:01.199571+00:00,12582.2
2022,Michigan,MI,HYC,Hydroelectric,megawatts,2026-06-21T19:10:01.199571+00:00,528.2
2022,Michigan,MI,NG,Natural Gas,megawatts,2026-06-21T19:10:01.199571+00:00,26602.2
2022,Michigan,MI,NGCC,Natural Gas - CC,megawatts,2026-06-21T19:10:01.199571+00:00,13729.6
2022,Michigan,MI,NGGT,Natural Gas - GT,megawatts,2026-06-21T19:10:01.199571+00:00,7792.0
2022,Michigan,MI,NGIC,Natural Gas - IC,megawatts,2026-06-21T19:10:01.199571+00:00,773.2
2022,Michigan,MI,NGST,Natural Gas - ST,megawatts,2026-06-21T19:10:01.199571+00:00,4307.4
2022,Michigan,MI,NUC,Nuclear,megawatts,2026-06-21T19:10:01.199571+00:00,6636.0
2022,Michigan,MI,OT,Other,megawatts,2026-06-21T19:10:01.199571+00:00,7.6
2022,Michigan,MI,OBM,Other Biomass,megawatts,2026-06-21T19:10:01.199571+00:00,336.8
2022,Michigan,MI,OOG,Other Gas,megawatts,2026-06-21T19:10:01.199571+00:00,500.0
2022,Michigan,MI,PET,Petroleum,megawatts,2026-06-21T19:10:01.199571+00:00,974.0
2022,Michigan,MI,PETGT,Petroleum - GT,megawatts,2026-06-21T19:10:01.199571+00:00,428.6
2022,Michigan,MI,PETIC,Petroleum - IC,megawatts,2026-06-21T19:10:01.199571+00:00,451.0
2022,Michigan,MI,PETST,Petroleum - ST,megawatts,2026-06-21T19:10:01.199571+00:00,94.4
2022,Michigan,MI,HPS,Pumped Storage,megawatts,2026-06-21T19:10:01.199571+00:00,4371.2
2022,Michigan,MI,SOL,Solar,megawatts,2026-06-21T19:10:01.199571+00:00,1415.4
2022,Michigan,MI,SOLPV,Solar - PV,megawatts,2026-06-21T19:10:01.199571+00:00,1415.4
2022,Michigan,MI,WND,Wind,megawatts,2026-06-21T19:10:01.199571+00:00,6478.0
2022,Michigan,MI,WOO,Wood,megawatts,2026-06-21T19:10:01.199571+00:00,641.8
2022,Minnesota,MN,BAT,Battery,megawatts,2026-06-21T19:10:01.199571+00:00,32.0
2022,Minnesota,MN,COL,Coal,megawatts,2026-06-21T19:10:01.199571+00:00,7957.2
2022,Minnesota,MN,HYC,Hydroelectric,megawatts,2026-06-21T19:10:01.199571+00:00,424.0
2022,Minnesota,MN,NG,Natural Gas,megawatts,2026-06-21T19:10:01.199571+00:00,11056.4
2022,Minnesota,MN,NGCC,Natural Gas - CC,megawatts,2026-06-21T19:10:01.199571+00:00,5065.8
2022,Minnesota,MN,NGGT,Natural Gas - GT,megawatts,2026-06-21T19:10:01.199571+00:00,5091.6
2022,Minnesota,MN,NGIC,Natural Gas - IC,megawatts,2026-06-21T19:10:01.199571+00:00,470.0
2022,Minnesota,MN,NGST,Natural Gas - ST,megawatts,2026-06-21T19:10:01.199571+00:00,429.0
2022,Minnesota,MN,NUC,Nuclear,megawatts,2026-06-21T19:10:01.199571+00:00,3314.0
2022,Minnesota,MN,OT,Other,megawatts,2026-06-21T19:10:01.199571+00:00,12.2
2022,Minnesota,MN,OBM,Other Biomass,megawatts,2026-06-21T19:10:01.199571+00:00,221.2
2022,Minnesota,MN,PET,Petroleum,megawatts,2026-06-21T19:10:01.199571+00:00,1547.0
2022,Minnesota,MN,PETGT,Petroleum - GT,megawatts,2026-06-21T19:10:01.199571+00:00,699.8
2022,Minnesota,MN,PETIC,Petroleum - IC,megawatts,2026-06-21T19:10:01.199571+00:00,847.2
2022,Minnesota,MN,SOL,Solar,megawatts,2026-06-21T19:10:01.199571+00:00,2286.4
2022,Minnesota,MN,SOLPV,Solar - PV,megawatts,2026-06-21T19:10:01.199571+00:00,2286.4
2022,Minnesota,MN,WND,Wind,megawatts,2026-06-21T19:10:01.199571+00:00,9657.4
2022,Minnesota,MN,WOO,Wood,megawatts,2026-06-21T19:10:01.199571+00:00,412.0
2022,Mississippi,MS,COL,Coal,megawatts,2026-06-21T19:10:01.199571+00:00,2888.0
2022,Mississippi,MS,NG,Natural Gas,megawatts,2026-06-21T19:10:01.199571+00:00,22493.800000000003
2022,Mississippi,MS,NGCC,Natural Gas - CC,megawatts,2026-06-21T19:10:01.199571+00:00,15742.0
2022,Mississippi,MS,NGGT,Natural Gas - GT,megawatts,2026-06-21T19:10:01.199571+00:00,2738.6
2022,Mississippi,MS,NGIC,Natural Gas - IC,megawatts,2026-06-21T19:10:01.199571+00:00,51.6
2022,Mississippi,MS,NGST,Natural Gas - ST,megawatts,2026-06-21T19:10:01.199571+00:00,3961.6
2022,Mississippi,MS,NUC,Nuclear,megawatts,2026-06-21T19:10:01.199571+00:00,2801.0
2022,Mississippi,MS,OT,Other,megawatts,2026-06-21T19:10:01.199571+00:00,2.8
2022,Mississippi,MS,OBM,Other Biomass,megawatts,2026-06-21T19:10:01.199571+00:00,3.2
2022,Mississippi,MS,PET,Petroleum,megawatts,2026-06-21T19:10:01.199571+00:00,18.0
2022,Mississippi,MS,PETIC,Petroleum - IC,megawatts,2026-06-21T19:10:01.199571+00:00,18.0
2022,Mississippi,MS,SOL,Solar,megawatts,2026-06-21T19:10:01.199571+00:00,638.6
2022,Mississippi,MS,SOLPV,Solar - PV,megawatts,2026-06-21T19:10:01.199571+00:00,638.6
2022,Mississippi,MS,WOO,Wood,megawatts,2026-06-21T19:10:01.199571+00:00,601.6
2022,Missouri,MO,BAT,Battery,megawatts,2026-06-21T19:10:01.199571+00:00,4.4
2022,Missouri,MO,COL,Coal,megawatts,2026-06-21T19:10:01.199571+00:00,19312.4
2022,Missouri,MO,HYC,Hydroelectric,megawatts,2026-06-21T19:10:01.199571+00:00,1097.0
2022,Missouri,MO,NG,Natural Gas,megawatts,2026-06-21T19:10:01.199571+00:00,11164.2
2022,Missouri,MO,NGCC,Natural Gas - CC,megawatts,2026-06-21T19:10:01.199571+00:00,3810.4
2022,Missouri,MO,NGGT,Natural Gas - GT,megawatts,2026-06-21T19:10:01.199571+00:00,6572.0
2022,Missouri,MO,NGIC,Natural Gas - IC,megawatts,2026-06-21T19:10:01.199571+00:00,255.6
2022,Missouri,MO,NGST,Natural Gas - ST,megawatts,2026-06-21T19:10:01.199571+00:00,526.2
2022,Missouri,MO,NUC,Nuclear,megawatts,2026-06-21T19:10:01.199571+00:00,2380.0
2022,Missouri,MO,OBM,Other Biomass,megawatts,2026-06-21T19:10:01.199571+00:00,28.0
2022,Missouri,MO,PET,Petroleum,megawatts,2026-06-21T19:10:01.199571+00:00,2024.8000000000002
2022,Missouri,MO,PETGT,Petroleum - GT,megawatts,2026-06-21T19:10:01.199571+00:00,1536.2
2022,Missouri,MO,PETIC,Petroleum - IC,megawatts,2026-06-21T19:10:01.199571+00:00,488.6
2022,Missouri,MO,HPS,Pumped Storage,megawatts,2026-06-21T19:10:01.199571+00:00,1314.0
2022,Missouri,MO,SOL,Solar,megawatts,2026-06-21T19:10:01.199571+00:00,181.6
2022,Missouri,MO,SOLPV,Solar - PV,megawatts,2026-06-21T19:10:01.199571+00:00,181.6
2022,Missouri,MO,WND,Wind,megawatts,2026-06-21T19:10:01.199571+00:00,4749.799999999999
2022,Montana,MT,COL,Coal,megawatts,2026-06-21T19:10:01.199571+00:00,3261.0
2022,Montana,MT,HYC,Hydroelectric,megawatts,2026-06-21T19:10:01.199571+00:00,5652.6
2022,Montana,MT,NG,Natural Gas,megawatts,2026-06-21T19:10:01.199571+00:00,776.0
2022,Montana,MT,NGGT,Natural Gas - GT,megawatts,2026-06-21T19:10:01.199571+00:00,631.6
2022,Montana,MT,NGIC,Natural Gas - IC,megawatts,2026-06-21T19:10:01.199571+00:00,144.4
2022,Montana,MT,OT,Other,megawatts,2026-06-21T19:10:01.199571+00:00,80.0
2022,Montana,MT,OBM,Other Biomass,megawatts,2026-06-21T19:10:01.199571+00:00,3.2
2022,Montana,MT,OOG,Other Gas,megawatts,2026-06-21T19:10:01.199571+00:00,3.0
2022,Montana,MT,PET,Petroleum,megawatts,2026-06-21T19:10:01.199571+00:00,104.0
2022,Montana,MT,PETST,Petroleum - ST,megawatts,2026-06-21T19:10:01.199571+00:00,104.0
2022,Montana,MT,SOL,Solar,megawatts,2026-06-21T19:10:01.199571+00:00,34.0
2022,Montana,MT,SOLPV,Solar - PV,megawatts,2026-06-21T19:10:01.199571+00:00,34.0
2022,Montana,MT,WND,Wind,megawatts,2026-06-21T19:10:01.199571+00:00,2957.8
2022,Montana,MT,WOO,Wood,megawatts,2026-06-21T19:10:01.199571+00:00,6.0
2022,Nebraska,NE,BAT,Battery,megawatts,2026-06-21T19:10:01.199571+00:00,7.8
2022,Nebraska,NE,COL,Coal,megawatts,2026-06-21T19:10:01.199571+00:00,7691.2
2022,Nebraska,NE,HYC,Hydroelectric,megawatts,2026-06-21T19:10:01.199571+00:00,559.4
2022,Nebraska,NE,NG,Natural Gas,megawatts,2026-06-21T19:10:01.199571+00:00,3924.6
2022,Nebraska,NE,NGCC,Natural Gas - CC,megawatts,2026-06-21T19:10:01.199571+00:00,676.0
2022,Nebraska,NE,NGGT,Natural Gas - GT,megawatts,2026-06-21T19:10:01.199571+00:00,2213.8
2022,Nebraska,NE,NGIC,Natural Gas - IC,megawatts,2026-06-21T19:10:01.199571+00:00,280.4
2022,Nebraska,NE,NGST,Natural Gas - ST,megawatts,2026-06-21T19:10:01.199571+00:00,754.4
2022,Nebraska,NE,NUC,Nuclear,megawatts,2026-06-21T19:10:01.199571+00:00,1540.0
2022,Nebraska,NE,OBM,Other Biomass,megawatts,2026-06-21T19:10:01.199571+00:00,31.0
2022,Nebraska,NE,PET,Petroleum,megawatts,2026-06-21T19:10:01.199571+00:00,728.2
2022,Nebraska,NE,PETGT,Petroleum - GT,megawatts,2026-06-21T19:10:01.199571+00:00,493.8
2022,Nebraska,NE,PETIC,Petroleum - IC,megawatts,2026-06-21T19:10:01.199571+00:00,234.4
2022,Nebraska,NE,SOL,Solar,megawatts,2026-06-21T19:10:01.199571+00:00,81.2
2022,Nebraska,NE,SOLPV,Solar - PV,megawatts,2026-06-21T19:10:01.199571+00:00,81.2
2022,Nebraska,NE,WND,Wind,megawatts,2026-06-21T19:10:01.199571+00:00,7036.6
2022,Nevada,NV,BAT,Battery,megawatts,2026-06-21T19:10:01.199571+00:00,400.0
2022,Nevada,NV,COL,Coal,megawatts,2026-06-21T19:10:01.199571+00:00,1480.8
2022,Nevada,NV,GEO,Geothermal,megawatts,2026-06-21T19:10:01.199571+00:00,1260.0
2022,Nevada,NV,HYC,Hydroelectric,megawatts,2026-06-21T19:10:01.199571+00:00,2103.4
2022,Nevada,NV,NG,Natural Gas,megawatts,2026-06-21T19:10:01.199571+00:00,14666.4
2022,Nevada,NV,NGCC,Natural Gas - CC,megawatts,2026-06-21T19:10:01.199571+00:00,11406.0
2022,Nevada,NV,NGGT,Natural Gas - GT,megawatts,2026-06-21T19:10:01.199571+00:00,2371.2
2022,Nevada,NV,NGIC,Natural Gas - IC,megawatts,2026-06-21T19:10:01.199571+00:00,221.2
2022,Nevada,NV,NGST,Natural Gas - ST,megawatts,2026-06-21T19:10:01.199571+00:00,668.0
2022,Nevada,NV,OT,Other,megawatts,2026-06-21T19:10:01.199571+00:00,13.0
2022,Nevada,NV,OBM,Other Biomass,megawatts,2026-06-21T19:10:01.199571+00:00,19.6
2022,Nevada,NV,PET,Petroleum,megawatts,2026-06-21T19:10:01.199571+00:00,12.0
2022,Nevada,NV,PETIC,Petroleum - IC,megawatts,2026-06-21T19:10:01.199571+00:00,12.0
2022,Nevada,NV,SOL,Solar,megawatts,2026-06-21T19:10:01.199571+00:00,6827.0
2022,Nevada,NV,SOLPV,Solar - PV,megawatts,2026-06-21T19:10:01.199571+00:00,6470.0
2022,Nevada,NV,SOLTH,Solar - TH,megawatts,2026-06-21T19:10:01.199571+00:00,357.0
2022,Nevada,NV,WND,Wind,megawatts,2026-06-21T19:10:01.199571+00:00,300.0
2022,New Hampshire,NH,COL,Coal,megawatts,2026-06-21T19:10:01.199571+00:00,1067.8
2022,New Hampshire,NH,HYC,Hydroelectric,megawatts,2026-06-21T19:10:01.199571+00:00,1008.0
2022,New Hampshire,NH,NG,Natural Gas,megawatts,2026-06-21T19:10:01.199571+00:00,2484.6
2022,New Hampshire,NH,NGCC,Natural Gas - CC,megawatts,2026-06-21T19:10:01.199571+00:00,2477.0
2022,New Hampshire,NH,NGGT,Natural Gas - GT,megawatts,2026-06-21T19:10:01.199571+00:00,7.6
2022,New Hampshire,NH,NUC,Nuclear,megawatts,2026-06-21T19:10:01.199571+00:00,2496.2
2022,New Hampshire,NH,OBM,Other Biomass,megawatts,2026-06-21T19:10:01.199571+00:00,62.2
2022,New Hampshire,NH,PET,Petroleum,megawatts,2026-06-21T19:10:01.199571+00:00,988.4
2022,New Hampshire,NH,PETGT,Petroleum - GT,megawatts,2026-06-21T19:10:01.199571+00:00,164.2
2022,New Hampshire,NH,PETIC,Petroleum - IC,megawatts,2026-06-21T19:10:01.199571+00:00,9.8
2022,New Hampshire,NH,PETST,Petroleum - ST,megawatts,2026-06-21T19:10:01.199571+00:00,814.4
2022,New Hampshire,NH,SOL,Solar,megawatts,2026-06-21T19:10:01.199571+00:00,4.8
2022,New Hampshire,NH,SOLPV,Solar - PV,megawatts,2026-06-21T19:10:01.199571+00:00,4.8
2022,New Hampshire,NH,WND,Wind,megawatts,2026-06-21T19:10:01.199571+00:00,423.8
2022,New Hampshire,NH,WOO,Wood,megawatts,2026-06-21T19:10:01.199571+00:00,389.4
2022,New Jersey,NJ,BAT,Battery,megawatts,2026-06-21T19:10:01.199571+00:00,85.4
2022,New Jersey,NJ,HYC,Hydroelectric,megawatts,2026-06-21T19:10:01.199571+00:00,24.6
2022,New Jersey,NJ,NG,Natural Gas,megawatts,2026-06-21T19:10:01.199571+00:00,22341.4
2022,New Jersey,NJ,NGCC,Natural Gas - CC,megawatts,2026-06-21T19:10:01.199571+00:00,16713.0
2022,New Jersey,NJ,NGGT,Natural Gas - GT,megawatts,2026-06-21T19:10:01.199571+00:00,5481.0
2022,New Jersey,NJ,NGIC,Natural Gas - IC,megawatts,2026-06-21T19:10:01.199571+00:00,79.2
2022,New Jersey,NJ,NGOTH,Natural Gas - OTH,megawatts,2026-06-21T19:10:01.199571+00:00,25.2
2022,New Jersey,NJ,NGST,Natural Gas - ST,megawatts,2026-06-21T19:10:01.199571+00:00,43.0
2022,New Jersey,NJ,NUC,Nuclear,megawatts,2026-06-21T19:10:01.199571+00:00,6913.4
2022,New Jersey,NJ,OT,Other,megawatts,2026-06-21T19:10:01.199571+00:00,22.4
2022,New Jersey,NJ,OBM,Other Biomass,megawatts,2026-06-21T19:10:01.199571+00:00,381.4
2022,New Jersey,NJ,OOG,Other Gas,megawatts,2026-06-21T19:10:01.199571+00:00,58.0
2022,New Jersey,NJ,PET,Petroleum,megawatts,2026-06-21T19:10:01.199571+00:00,603.4
2022,New Jersey,NJ,PETGT,Petroleum - GT,megawatts,2026-06-21T19:10:01.199571+00:00,510.6
2022,New Jersey,NJ,PETIC,Petroleum - IC,megawatts,2026-06-21T19:10:01.199571+00:00,69.6
2022,New Jersey,NJ,PETOTH,Petroleum - OTH,megawatts,2026-06-21T19:10:01.199571+00:00,23.2
2022,New Jersey,NJ,HPS,Pumped Storage,megawatts,2026-06-21T19:10:01.199571+00:00,840.0
2022,New Jersey,NJ,SOL,Solar,megawatts,2026-06-21T19:10:01.199571+00:00,2138.8
2022,New Jersey,NJ,SOLPV,Solar - PV,megawatts,2026-06-21T19:10:01.199571+00:00,2138.8
2022,New Jersey,NJ,WND,Wind,megawatts,2026-06-21T19:10:01.199571+00:00,15.2
2022,New Mexico,NM,BAT,Battery,megawatts,2026-06-21T19:10:01.199571+00:00,29.6
2022,New Mexico,NM,COL,Coal,megawatts,2026-06-21T19:10:01.199571+00:00,3080.0
2022,New Mexico,NM,GEO,Geothermal,megawatts,2026-06-21T19:10:01.199571+00:00,17.2
2022,New Mexico,NM,HYC,Hydroelectric,megawatts,2026-06-21T19:10:01.199571+00:00,165.4
2022,New Mexico,NM,NG,Natural Gas,megawatts,2026-06-21T19:10:01.199571+00:00,6526.0
2022,New Mexico,NM,NGCC,Natural Gas - CC,megawatts,2026-06-21T19:10:01.199571+00:00,2968.2
2022,New Mexico,NM,NGGT,Natural Gas - GT,megawatts,2026-06-21T19:10:01.199571+00:00,1890.6
2022,New Mexico,NM,NGIC,Natural Gas - IC,megawatts,2026-06-21T19:10:01.199571+00:00,91.2
2022,New Mexico,NM,NGST,Natural Gas - ST,megawatts,2026-06-21T19:10:01.199571+00:00,1576.0
2022,New Mexico,NM,OT,Other,megawatts,2026-06-21T19:10:01.199571+00:00,1.4
2022,New Mexico,NM,OBM,Other Biomass,megawatts,2026-06-21T19:10:01.199571+00:00,15.0
2022,New Mexico,NM,PET,Petroleum,megawatts,2026-06-21T19:10:01.199571+00:00,92.0
2022,New Mexico,NM,PETGT,Petroleum - GT,megawatts,2026-06-21T19:10:01.199571+00:00,34.0
2022,New Mexico,NM,PETIC,Petroleum - IC,megawatts,2026-06-21T19:10:01.199571+00:00,58.0
2022,New Mexico,NM,SOL,Solar,megawatts,2026-06-21T19:10:01.199571+00:00,1711.4
2022,New Mexico,NM,SOLPV,Solar - PV,megawatts,2026-06-21T19:10:01.199571+00:00,1711.4
2022,New Mexico,NM,WND,Wind,megawatts,2026-06-21T19:10:01.199571+00:00,8821.8
2022,New York,NY,BAT,Battery,megawatts,2026-06-21T19:10:01.199571+00:00,280.20000000000005
2022,New York,NY,HYC,Hydroelectric,megawatts,2026-06-21T19:10:01.199571+00:00,9126.6
2022,New York,NY,NG,Natural Gas,megawatts,2026-06-21T19:10:01.199571+00:00,44312.0
2022,New York,NY,NGCC,Natural Gas - CC,megawatts,2026-06-21T19:10:01.199571+00:00,19820.4
2022,New York,NY,NGGT,Natural Gas - GT,megawatts,2026-06-21T19:10:01.199571+00:00,5831.4
2022,New York,NY,NGIC,Natural Gas - IC,megawatts,2026-06-21T19:10:01.199571+00:00,165.0
2022,New York,NY,NGOTH,Natural Gas - OTH,megawatts,2026-06-21T19:10:01.199571+00:00,115.4
2022,New York,NY,NGST,Natural Gas - ST,megawatts,2026-06-21T19:10:01.199571+00:00,18379.8
2022,New York,NY,NUC,Nuclear,megawatts,2026-06-21T19:10:01.199571+00:00,6609.2
2022,New York,NY,OT,Other,megawatts,2026-06-21T19:10:01.199571+00:00,40.0
2022,New York,NY,OBM,Other Biomass,megawatts,2026-06-21T19:10:01.199571+00:00,754.6
2022,New York,NY,PET,Petroleum,megawatts,2026-06-21T19:10:01.199571+00:00,8149.0
2022,New York,NY,PETGT,Petroleum - GT,megawatts,2026-06-21T19:10:01.199571+00:00,3118.8
2022,New York,NY,PETIC,Petroleum - IC,megawatts,2026-06-21T19:10:01.199571+00:00,606.2
2022,New York,NY,PETST,Petroleum - ST,megawatts,2026-06-21T19:10:01.199571+00:00,4424.0
2022,New York,NY,HPS,Pumped Storage,megawatts,2026-06-21T19:10:01.199571+00:00,2817.6
2022,New York,NY,SOL,Solar,megawatts,2026-06-21T19:10:01.199571+00:00,2753.2
2022,New York,NY,SOLPV,Solar - PV,megawatts,2026-06-21T19:10:01.199571+00:00,2753.2
2022,New York,NY,WND,Wind,megawatts,2026-06-21T19:10:01.199571+00:00,4379.6
2022,New York,NY,WOO,Wood,megawatts,2026-06-21T19:10:01.199571+00:00,156.0
2022,North Carolina,NC,BAT,Battery,megawatts,2026-06-21T19:10:01.199571+00:00,72.0
2022,North Carolina,NC,COL,Coal,megawatts,2026-06-21T19:10:01.199571+00:00,9188.0
2022,North Carolina,NC,HYC,Hydroelectric,megawatts,2026-06-21T19:10:01.199571+00:00,4017.4
2022,North Carolina,NC,NG,Natural Gas,megawatts,2026-06-21T19:10:01.199571+00:00,32494.4
2022,North Carolina,NC,NGCC,Natural Gas - CC,megawatts,2026-06-21T19:10:01.199571+00:00,11158.0
2022,North Carolina,NC,NGGT,Natural Gas - GT,megawatts,2026-06-21T19:10:01.199571+00:00,12005.0
2022,North Carolina,NC,NGST,Natural Gas - ST,megawatts,2026-06-21T19:10:01.199571+00:00,9331.4
2022,North Carolina,NC,NUC,Nuclear,megawatts,2026-06-21T19:10:01.199571+00:00,10299.2
2022,North Carolina,NC,OT,Other,megawatts,2026-06-21T19:10:01.199571+00:00,108.0
2022,North Carolina,NC,OBM,Other Biomass,megawatts,2026-06-21T19:10:01.199571+00:00,154.0
2022,North Carolina,NC,PET,Petroleum,megawatts,2026-06-21T19:10:01.199571+00:00,1002.8
2022,North Carolina,NC,PETGT,Petroleum - GT,megawatts,2026-06-21T19:10:01.199571+00:00,352.0
2022,North Carolina,NC,PETIC,Petroleum - IC,megawatts,2026-06-21T19:10:01.199571+00:00,320.8
2022,North Carolina,NC,PETOTH,Petroleum - OTH,megawatts,2026-06-21T19:10:01.199571+00:00,330.0
2022,North Carolina,NC,HPS,Pumped Storage,megawatts,2026-06-21T19:10:01.199571+00:00,172.0
2022,North Carolina,NC,SOL,Solar,megawatts,2026-06-21T19:10:01.199571+00:00,12139.2
2022,North Carolina,NC,SOLPV,Solar - PV,megawatts,2026-06-21T19:10:01.199571+00:00,12139.2
2022,North Carolina,NC,WND,Wind,megawatts,2026-06-21T19:10:01.199571+00:00,416.0
2022,North Carolina,NC,WOO,Wood,megawatts,2026-06-21T19:10:01.199571+00:00,719.0
2022,North Dakota,ND,COL,Coal,megawatts,2026-06-21T19:10:01.199571+00:00,7862.8
2022,North Dakota,ND,HYC,Hydroelectric,megawatts,2026-06-21T19:10:01.199571+00:00,1020.0
2022,North Dakota,ND,NG,Natural Gas,megawatts,2026-06-21T19:10:01.199571+00:00,1121.6
2022,North Dakota,ND,NGGT,Natural Gas - GT,megawatts,2026-06-21T19:10:01.199571+00:00,908.0
2022,North Dakota,ND,NGIC,Natural Gas - IC,megawatts,2026-06-21T19:10:01.199571+00:00,213.6
2022,North Dakota,ND,OT,Other,megawatts,2026-06-21T19:10:01.199571+00:00,10.6
2022,North Dakota,ND,OBM,Other Biomass,megawatts,2026-06-21T19:10:01.199571+00:00,25.2
2022,North Dakota,ND,OOG,Other Gas,megawatts,2026-06-21T19:10:01.199571+00:00,11.2
2022,North Dakota,ND,PET,Petroleum,megawatts,2026-06-21T19:10:01.199571+00:00,120.0
2022,North Dakota,ND,PETGT,Petroleum - GT,megawatts,2026-06-21T19:10:01.199571+00:00,85.0
2022,North Dakota,ND,PETIC,Petroleum - IC,megawatts,2026-06-21T19:10:01.199571+00:00,35.0
2022,North Dakota,ND,WND,Wind,megawatts,2026-06-21T19:10:01.199571+00:00,8646.6
2022,Ohio,OH,BAT,Battery,megawatts,2026-06-21T19:10:01.199571+00:00,53.6
2022,Ohio,OH,COL,Coal,megawatts,2026-06-21T19:10:01.199571+00:00,16195.0
2022,Ohio,OH,HYC,Hydroelectric,megawatts,2026-06-21T19:10:01.199571+00:00,203.8
2022,Ohio,OH,NG,Natural Gas,megawatts,2026-06-21T19:10:01.199571+00:00,29007.6
2022,Ohio,OH,NGCC,Natural Gas - CC,megawatts,2026-06-21T19:10:01.199571+00:00,17529.6
2022,Ohio,OH,NGGT,Natural Gas - GT,megawatts,2026-06-21T19:10:01.199571+00:00,11273.599999999999
2022,Ohio,OH,NGIC,Natural Gas - IC,megawatts,2026-06-21T19:10:01.199571+00:00,74.8
2022,Ohio,OH,NGST,Natural Gas - ST,megawatts,2026-06-21T19:10:01.199571+00:00,129.6
2022,Ohio,OH,NUC,Nuclear,megawatts,2026-06-21T19:10:01.199571+00:00,4268.0
2022,Ohio,OH,OBM,Other Biomass,megawatts,2026-06-21T19:10:01.199571+00:00,128.2
2022,Ohio,OH,OOG,Other Gas,megawatts,2026-06-21T19:10:01.199571+00:00,496.8
2022,Ohio,OH,PET,Petroleum,megawatts,2026-06-21T19:10:01.199571+00:00,1303.2
2022,Ohio,OH,PETGT,Petroleum - GT,megawatts,2026-06-21T19:10:01.199571+00:00,580.0
2022,Ohio,OH,PETIC,Petroleum - IC,megawatts,2026-06-21T19:10:01.199571+00:00,434.6
2022,Ohio,OH,PETOTH,Petroleum - OTH,megawatts,2026-06-21T19:10:01.199571+00:00,12.0
2022,Ohio,OH,PETST,Petroleum - ST,megawatts,2026-06-21T19:10:01.199571+00:00,276.6
2022,Ohio,OH,SOL,Solar,megawatts,2026-06-21T19:10:01.199571+00:00,962.4
2022,Ohio,OH,SOLPV,Solar - PV,megawatts,2026-06-21T19:10:01.199571+00:00,962.4
2022,Ohio,OH,WND,Wind,megawatts,2026-06-21T19:10:01.199571+00:00,2194.6
2022,Ohio,OH,WOO,Wood,megawatts,2026-06-21T19:10:01.199571+00:00,81.0
2022,Oklahoma,OK,BAT,Battery,megawatts,2026-06-21T19:10:01.199571+00:00,20.0
2022,Oklahoma,OK,COL,Coal,megawatts,2026-06-21T19:10:01.199571+00:00,6489.0
2022,Oklahoma,OK,HYC,Hydroelectric,megawatts,2026-06-21T19:10:01.199571+00:00,1687.4
2022,Oklahoma,OK,NG,Natural Gas,megawatts,2026-06-21T19:10:01.199571+00:00,32958.0
2022,Oklahoma,OK,NGCC,Natural Gas - CC,megawatts,2026-06-21T19:10:01.199571+00:00,17909.8
2022,Oklahoma,OK,NGGT,Natural Gas - GT,megawatts,2026-06-21T19:10:01.199571+00:00,3286.0
2022,Oklahoma,OK,NGIC,Natural Gas - IC,megawatts,2026-06-21T19:10:01.199571+00:00,147.60000000000002
2022,Oklahoma,OK,NGST,Natural Gas - ST,megawatts,2026-06-21T19:10:01.199571+00:00,11614.6
2022,Oklahoma,OK,OBM,Other Biomass,megawatts,2026-06-21T19:10:01.199571+00:00,36.8
2022,Oklahoma,OK,PET,Petroleum,megawatts,2026-06-21T19:10:01.199571+00:00,132.8
2022,Oklahoma,OK,PETIC,Petroleum - IC,megawatts,2026-06-21T19:10:01.199571+00:00,132.8
2022,Oklahoma,OK,HPS,Pumped Storage,megawatts,2026-06-21T19:10:01.199571+00:00,516.0
2022,Oklahoma,OK,SOL,Solar,megawatts,2026-06-21T19:10:01.199571+00:00,95.0
2022,Oklahoma,OK,SOLPV,Solar - PV,megawatts,2026-06-21T19:10:01.199571+00:00,95.0
2022,Oklahoma,OK,WND,Wind,megawatts,2026-06-21T19:10:01.199571+00:00,23188.0
2022,Oklahoma,OK,WOO,Wood,megawatts,2026-06-21T19:10:01.199571+00:00,115.6
2022,Oregon,OR,BAT,Battery,megawatts,2026-06-21T19:10:01.199571+00:00,70.0
2022,Oregon,OR,GEO,Geothermal,megawatts,2026-06-21T19:10:01.199571+00:00,39.0
2022,Oregon,OR,HYC,Hydroelectric,megawatts,2026-06-21T19:10:01.199571+00:00,16735.8
2022,Oregon,OR,NG,Natural Gas,megawatts,2026-06-21T19:10:01.199571+00:00,7496.8
2022,Oregon,OR,NGCC,Natural Gas - CC,megawatts,2026-06-21T19:10:01.199571+00:00,6790.4
2022,Oregon,OR,NGGT,Natural Gas - GT,megawatts,2026-06-21T19:10:01.199571+00:00,248.0
2022,Oregon,OR,NGIC,Natural Gas - IC,megawatts,2026-06-21T19:10:01.199571+00:00,458.4
2022,Oregon,OR,OBM,Other Biomass,megawatts,2026-06-21T19:10:01.199571+00:00,105.19999999999999
2022,Oregon,OR,PET,Petroleum,megawatts,2026-06-21T19:10:01.199571+00:00,13.2
2022,Oregon,OR,PETIC,Petroleum - IC,megawatts,2026-06-21T19:10:01.199571+00:00,13.2
2022,Oregon,OR,SOL,Solar,megawatts,2026-06-21T19:10:01.199571+00:00,1587.4
2022,Oregon,OR,SOLPV,Solar - PV,megawatts,2026-06-21T19:10:01.199571+00:00,1587.4
2022,Oregon,OR,WND,Wind,megawatts,2026-06-21T19:10:01.199571+00:00,7953.0
2022,Oregon,OR,WOO,Wood,megawatts,2026-06-21T19:10:01.199571+00:00,484.6
2022,Pennsylvania,PA,BAT,Battery,megawatts,2026-06-21T19:10:01.199571+00:00,69.2
2022,Pennsylvania,PA,COL,Coal,megawatts,2026-06-21T19:10:01.199571+00:00,16046.4
2022,Pennsylvania,PA,HYC,Hydroelectric,megawatts,2026-06-21T19:10:01.199571+00:00,1859.2
2022,Pennsylvania,PA,NG,Natural Gas,megawatts,2026-06-21T19:10:01.199571+00:00,51922.6
2022,Pennsylvania,PA,NGCC,Natural Gas - CC,megawatts,2026-06-21T19:10:01.199571+00:00,37753.4
2022,Pennsylvania,PA,NGGT,Natural Gas - GT,megawatts,2026-06-21T19:10:01.199571+00:00,3901.6
2022,Pennsylvania,PA,NGIC,Natural Gas - IC,megawatts,2026-06-21T19:10:01.199571+00:00,517.4000000000001
2022,Pennsylvania,PA,NGST,Natural Gas - ST,megawatts,2026-06-21T19:10:01.199571+00:00,9750.2
2022,Pennsylvania,PA,NUC,Nuclear,megawatts,2026-06-21T19:10:01.199571+00:00,18186.4
2022,Pennsylvania,PA,OT,Other,megawatts,2026-06-21T19:10:01.199571+00:00,40.0
2022,Pennsylvania,PA,OBM,Other Biomass,megawatts,2026-06-21T19:10:01.199571+00:00,739.2
2022,Pennsylvania,PA,OOG,Other Gas,megawatts,2026-06-21T19:10:01.199571+00:00,171.8
2022,Pennsylvania,PA,PET,Petroleum,megawatts,2026-06-21T19:10:01.199571+00:00,2637.0
2022,Pennsylvania,PA,PETGT,Petroleum - GT,megawatts,2026-06-21T19:10:01.199571+00:00,2466.4
2022,Pennsylvania,PA,PETIC,Petroleum - IC,megawatts,2026-06-21T19:10:01.199571+00:00,170.6
2022,Pennsylvania,PA,HPS,Pumped Storage,megawatts,2026-06-21T19:10:01.199571+00:00,3028.8
2022,Pennsylvania,PA,SOL,Solar,megawatts,2026-06-21T19:10:01.199571+00:00,351.6
2022,Pennsylvania,PA,SOLPV,Solar - PV,megawatts,2026-06-21T19:10:01.199571+00:00,351.6
2022,Pennsylvania,PA,WND,Wind,megawatts,2026-06-21T19:10:01.199571+00:00,2920.0
2022,Pennsylvania,PA,WOO,Wood,megawatts,2026-06-21T19:10:01.199571+00:00,160.4
2022,Rhode Island,RI,BAT,Battery,megawatts,2026-06-21T19:10:01.199571+00:00,6.0
2022,Rhode Island,RI,HYC,Hydroelectric,megawatts,2026-06-21T19:10:01.199571+00:00,5.4
2022,Rhode Island,RI,NG,Natural Gas,megawatts,2026-06-21T19:10:01.199571+00:00,3546.0
2022,Rhode Island,RI,NGCC,Natural Gas - CC,megawatts,2026-06-21T19:10:01.199571+00:00,3470.4
2022,Rhode Island,RI,NGGT,Natural Gas - GT,megawatts,2026-06-21T19:10:01.199571+00:00,24.8
2022,Rhode Island,RI,NGIC,Natural Gas - IC,megawatts,2026-06-21T19:10:01.199571+00:00,29.0
2022,Rhode Island,RI,NGST,Natural Gas - ST,megawatts,2026-06-21T19:10:01.199571+00:00,21.8
2022,Rhode Island,RI,OBM,Other Biomass,megawatts,2026-06-21T19:10:01.199571+00:00,80.2
2022,Rhode Island,RI,PET,Petroleum,megawatts,2026-06-21T19:10:01.199571+00:00,14.2
2022,Rhode Island,RI,PETIC,Petroleum - IC,megawatts,2026-06-21T19:10:01.199571+00:00,14.2
2022,Rhode Island,RI,SOL,Solar,megawatts,2026-06-21T19:10:01.199571+00:00,517.8
2022,Rhode Island,RI,SOLPV,Solar - PV,megawatts,2026-06-21T19:10:01.199571+00:00,517.8
2022,Rhode Island,RI,WND,Wind,megawatts,2026-06-21T19:10:01.199571+00:00,154.6
2022,South Carolina,SC,BAT,Battery,megawatts,2026-06-21T19:10:01.199571+00:00,8.0
2022,South Carolina,SC,COL,Coal,megawatts,2026-06-21T19:10:01.199571+00:00,9578.0
2022,South Carolina,SC,HYC,Hydroelectric,megawatts,2026-06-21T19:10:01.199571+00:00,2610.0
2022,South Carolina,SC,NG,Natural Gas,megawatts,2026-06-21T19:10:01.199571+00:00,13234.4
2022,South Carolina,SC,NGCC,Natural Gas - CC,megawatts,2026-06-21T19:10:01.199571+00:00,6474.4
2022,South Carolina,SC,NGGT,Natural Gas - GT,megawatts,2026-06-21T19:10:01.199571+00:00,4994.0
2022,South Carolina,SC,NGST,Natural Gas - ST,megawatts,2026-06-21T19:10:01.199571+00:00,1766.0
2022,South Carolina,SC,NUC,Nuclear,megawatts,2026-06-21T19:10:01.199571+00:00,13200.8
2022,South Carolina,SC,OBM,Other Biomass,megawatts,2026-06-21T19:10:01.199571+00:00,92.2
2022,South Carolina,SC,PET,Petroleum,megawatts,2026-06-21T19:10:01.199571+00:00,609.2
2022,South Carolina,SC,PETGT,Petroleum - GT,megawatts,2026-06-21T19:10:01.199571+00:00,490.0
2022,South Carolina,SC,PETIC,Petroleum - IC,megawatts,2026-06-21T19:10:01.199571+00:00,119.2
2022,South Carolina,SC,HPS,Pumped Storage,megawatts,2026-06-21T19:10:01.199571+00:00,5752.0
2022,South Carolina,SC,SOL,Solar,megawatts,2026-06-21T19:10:01.199571+00:00,2678.0
2022,South Carolina,SC,SOLPV,Solar - PV,megawatts,2026-06-21T19:10:01.199571+00:00,2678.0
2022,South Carolina,SC,WOO,Wood,megawatts,2026-06-21T19:10:01.199571+00:00,809.2
2022,South Dakota,SD,BAT,Battery,megawatts,2026-06-21T19:10:01.199571+00:00,1.6
2022,South Dakota,SD,COL,Coal,megawatts,2026-06-21T19:10:01.199571+00:00,950.0
2022,South Dakota,SD,HYC,Hydroelectric,megawatts,2026-06-21T19:10:01.199571+00:00,3196.0
2022,South Dakota,SD,NG,Natural Gas,megawatts,2026-06-21T19:10:01.199571+00:00,2523.2
2022,South Dakota,SD,NGCC,Natural Gas - CC,megawatts,2026-06-21T19:10:01.199571+00:00,590.0
2022,South Dakota,SD,NGGT,Natural Gas - GT,megawatts,2026-06-21T19:10:01.199571+00:00,1790.4
2022,South Dakota,SD,NGIC,Natural Gas - IC,megawatts,2026-06-21T19:10:01.199571+00:00,127.8
2022,South Dakota,SD,NGST,Natural Gas - ST,megawatts,2026-06-21T19:10:01.199571+00:00,15.0
2022,South Dakota,SD,PET,Petroleum,megawatts,2026-06-21T19:10:01.199571+00:00,429.79999999999995
2022,South Dakota,SD,PETGT,Petroleum - GT,megawatts,2026-06-21T19:10:01.199571+00:00,370.4
2022,South Dakota,SD,PETIC,Petroleum - IC,megawatts,2026-06-21T19:10:01.199571+00:00,59.4
2022,South Dakota,SD,SOL,Solar,megawatts,2026-06-21T19:10:01.199571+00:00,2.0
2022,South Dakota,SD,SOLPV,Solar - PV,megawatts,2026-06-21T19:10:01.199571+00:00,2.0
2022,South Dakota,SD,WND,Wind,megawatts,2026-06-21T19:10:01.199571+00:00,5534.4
2022,South Dakota,SD,WOO,Wood,megawatts,2026-06-21T19:10:01.199571+00:00,10.8
2022,Tennessee,TN,COL,Coal,megawatts,2026-06-21T19:10:01.199571+00:00,11639.0
2022,Tennessee,TN,HYC,Hydroelectric,megawatts,2026-06-21T19:10:01.199571+00:00,5217.2
2022,Tennessee,TN,NG,Natural Gas,megawatts,2026-06-21T19:10:01.199571+00:00,11987.8
2022,Tennessee,TN,NGCC,Natural Gas - CC,megawatts,2026-06-21T19:10:01.199571+00:00,4910.2
2022,Tennessee,TN,NGGT,Natural Gas - GT,megawatts,2026-06-21T19:10:01.199571+00:00,6810.6
2022,Tennessee,TN,NGIC,Natural Gas - IC,megawatts,2026-06-21T19:10:01.199571+00:00,6.4
2022,Tennessee,TN,NGST,Natural Gas - ST,megawatts,2026-06-21T19:10:01.199571+00:00,260.6
2022,Tennessee,TN,NUC,Nuclear,megawatts,2026-06-21T19:10:01.199571+00:00,9045.4
2022,Tennessee,TN,OBM,Other Biomass,megawatts,2026-06-21T19:10:01.199571+00:00,18.799999999999997
2022,Tennessee,TN,PET,Petroleum,megawatts,2026-06-21T19:10:01.199571+00:00,940.8
2022,Tennessee,TN,PETGT,Petroleum - GT,megawatts,2026-06-21T19:10:01.199571+00:00,854.4
2022,Tennessee,TN,PETIC,Petroleum - IC,megawatts,2026-06-21T19:10:01.199571+00:00,86.4
2022,Tennessee,TN,HPS,Pumped Storage,megawatts,2026-06-21T19:10:01.199571+00:00,3232.6
2022,Tennessee,TN,SOL,Solar,megawatts,2026-06-21T19:10:01.199571+00:00,723.6
2022,Tennessee,TN,SOLPV,Solar - PV,megawatts,2026-06-21T19:10:01.199571+00:00,723.6
2022,Tennessee,TN,WND,Wind,megawatts,2026-06-21T19:10:01.199571+00:00,58.2
2022,Tennessee,TN,WOO,Wood,megawatts,2026-06-21T19:10:01.199571+00:00,271.0
2022,Texas,TX,BAT,Battery,megawatts,2026-06-21T19:10:01.199571+00:00,4154.6
2022,Texas,TX,COL,Coal,megawatts,2026-06-21T19:10:01.199571+00:00,36283.2
2022,Texas,TX,HYC,Hydroelectric,megawatts,2026-06-21T19:10:01.199571+00:00,1430.4
2022,Texas,TX,NG,Natural Gas,megawatts,2026-06-21T19:10:01.199571+00:00,142051.6
2022,Texas,TX,NGCC,Natural Gas - CC,megawatts,2026-06-21T19:10:01.199571+00:00,84913.8
2022,Texas,TX,NGGT,Natural Gas - GT,megawatts,2026-06-21T19:10:01.199571+00:00,22620.2
2022,Texas,TX,NGIC,Natural Gas - IC,megawatts,2026-06-21T19:10:01.199571+00:00,2158.4
2022,Texas,TX,NGST,Natural Gas - ST,megawatts,2026-06-21T19:10:01.199571+00:00,32359.2
2022,Texas,TX,NUC,Nuclear,megawatts,2026-06-21T19:10:01.199571+00:00,9960.0
2022,Texas,TX,OT,Other,megawatts,2026-06-21T19:10:01.199571+00:00,448.0
2022,Texas,TX,OBM,Other Biomass,megawatts,2026-06-21T19:10:01.199571+00:00,107.0
2022,Texas,TX,OOG,Other Gas,megawatts,2026-06-21T19:10:01.199571+00:00,47.6
2022,Texas,TX,PET,Petroleum,megawatts,2026-06-21T19:10:01.199571+00:00,1280.1999999999998
2022,Texas,TX,PETGT,Petroleum - GT,megawatts,2026-06-21T19:10:01.199571+00:00,794.0
2022,Texas,TX,PETIC,Petroleum - IC,megawatts,2026-06-21T19:10:01.199571+00:00,358.6
2022,Texas,TX,PETST,Petroleum - ST,megawatts,2026-06-21T19:10:01.199571+00:00,127.6
2022,Texas,TX,SOL,Solar,megawatts,2026-06-21T19:10:01.199571+00:00,22731.0
2022,Texas,TX,SOLPV,Solar - PV,megawatts,2026-06-21T19:10:01.199571+00:00,22731.0
2022,Texas,TX,WND,Wind,megawatts,2026-06-21T19:10:01.199571+00:00,78687.79999999999
2022,Texas,TX,WOO,Wood,megawatts,2026-06-21T19:10:01.199571+00:00,618.4
2022,United States,US,BAT,Battery,megawatts,2026-06-21T19:10:01.199571+00:00,17960.800000000003
2022,United States,US,COL,Coal,megawatts,2026-06-21T19:10:01.199571+00:00,378632.6
2022,United States,US,GEO,Geothermal,megawatts,2026-06-21T19:10:01.199571+00:00,5297.2
2022,United States,US,HYC,Hydroelectric,megawatts,2026-06-21T19:10:01.199571+00:00,160135.2
2022,United States,US,NG,Natural Gas,megawatts,2026-06-21T19:10:01.199571+00:00,1004793.8
2022,United States,US,NGCC,Natural Gas - CC,megawatts,2026-06-21T19:10:01.199571+00:00,577467.0
2022,United States,US,NGGT,Natural Gas - GT,megawatts,2026-06-21T19:10:01.199571+00:00,261213.0
2022,United States,US,NGIC,Natural Gas - IC,megawatts,2026-06-21T19:10:01.199571+00:00,11126.8
2022,United States,US,NGOTH,Natural Gas - OTH,megawatts,2026-06-21T19:10:01.199571+00:00,913.4
2022,United States,US,NGST,Natural Gas - ST,megawatts,2026-06-21T19:10:01.199571+00:00,154073.6
2022,United States,US,NUC,Nuclear,megawatts,2026-06-21T19:10:01.199571+00:00,189317.8
2022,United States,US,OT,Other,megawatts,2026-06-21T19:10:01.199571+00:00,2850.4
2022,United States,US,OBM,Other Biomass,megawatts,2026-06-21T19:10:01.199571+00:00,8644.6
2022,United States,US,OOG,Other Gas,megawatts,2026-06-21T19:10:01.199571+00:00,3456.4
2022,United States,US,PET,Petroleum,megawatts,2026-06-21T19:10:01.199571+00:00,61550.2
2022,United States,US,PETGT,Petroleum - GT,megawatts,2026-06-21T19:10:01.199571+00:00,29471.2
2022,United States,US,PETIC,Petroleum - IC,megawatts,2026-06-21T19:10:01.199571+00:00,10862.6
2022,United States,US,PETOTH,Petroleum - OTH,megawatts,2026-06-21T19:10:01.199571+00:00,1538.4
2022,United States,US,PETST,Petroleum - ST,megawatts,2026-06-21T19:10:01.199571+00:00,19678.0
2022,United States,US,HPS,Pumped Storage,megawatts,2026-06-21T19:10:01.199571+00:00,46087.8
2022,United States,US,SOL,Solar,megawatts,2026-06-21T19:10:01.199571+00:00,145732.59999999998
2022,United States,US,SOLPV,Solar - PV,megawatts,2026-06-21T19:10:01.199571+00:00,142772.59999999998
2022,United States,US,SOLTH,Solar - TH,megawatts,2026-06-21T19:10:01.199571+00:00,2960.0
2022,United States,US,WND,Wind,megawatts,2026-06-21T19:10:01.199571+00:00,282804.4
2022,United States,US,WOO,Wood,megawatts,2026-06-21T19:10:01.199571+00:00,15609.0
2022,Utah,UT,BAT,Battery,megawatts,2026-06-21T19:10:01.199571+00:00,2.0
2022,Utah,UT,COL,Coal,megawatts,2026-06-21T19:10:01.199571+00:00,9162.0
2022,Utah,UT,GEO,Geothermal,megawatts,2026-06-21T19:10:01.199571+00:00,141.4
2022,Utah,UT,HYC,Hydroelectric,megawatts,2026-06-21T19:10:01.199571+00:00,519.4
2022,Utah,UT,NG,Natural Gas,megawatts,2026-06-21T19:10:01.199571+00:00,5405.4
2022,Utah,UT,NGCC,Natural Gas - CC,megawatts,2026-06-21T19:10:01.199571+00:00,3660.0
2022,Utah,UT,NGGT,Natural Gas - GT,megawatts,2026-06-21T19:10:01.199571+00:00,1069.2
2022,Utah,UT,NGIC,Natural Gas - IC,megawatts,2026-06-21T19:10:01.199571+00:00,201.2
2022,Utah,UT,NGST,Natural Gas - ST,megawatts,2026-06-21T19:10:01.199571+00:00,475.0
2022,Utah,UT,OT,Other,megawatts,2026-06-21T19:10:01.199571+00:00,80.4
2022,Utah,UT,OBM,Other Biomass,megawatts,2026-06-21T19:10:01.199571+00:00,25.6
2022,Utah,UT,PET,Petroleum,megawatts,2026-06-21T19:10:01.199571+00:00,55.6
2022,Utah,UT,PETIC,Petroleum - IC,megawatts,2026-06-21T19:10:01.199571+00:00,55.6
2022,Utah,UT,SOL,Solar,megawatts,2026-06-21T19:10:01.199571+00:00,3082.6
2022,Utah,UT,SOLPV,Solar - PV,megawatts,2026-06-21T19:10:01.199571+00:00,3082.4
2022,Utah,UT,SOLTH,Solar - TH,megawatts,2026-06-21T19:10:01.199571+00:00,0.2
2022,Utah,UT,WND,Wind,megawatts,2026-06-21T19:10:01.199571+00:00,779.4
2022,Vermont,VT,BAT,Battery,megawatts,2026-06-21T19:10:01.199571+00:00,21.8
2022,Vermont,VT,HYC,Hydroelectric,megawatts,2026-06-21T19:10:01.199571+00:00,662.5999999999999
2022,Vermont,VT,OBM,Other Biomass,megawatts,2026-06-21T19:10:01.199571+00:00,18.2
2022,Vermont,VT,PET,Petroleum,megawatts,2026-06-21T19:10:01.199571+00:00,252.0
2022,Vermont,VT,PETGT,Petroleum - GT,megawatts,2026-06-21T19:10:01.199571+00:00,237.6
2022,Vermont,VT,PETIC,Petroleum - IC,megawatts,2026-06-21T19:10:01.199571+00:00,14.4
2022,Vermont,VT,SOL,Solar,megawatts,2026-06-21T19:10:01.199571+00:00,278.4
2022,Vermont,VT,SOLPV,Solar - PV,megawatts,2026-06-21T19:10:01.199571+00:00,278.4
2022,Vermont,VT,WND,Wind,megawatts,2026-06-21T19:10:01.199571+00:00,300.4
2022,Vermont,VT,WOO,Wood,megawatts,2026-06-21T19:10:01.199571+00:00,145.4
2022,Virginia,VA,BAT,Battery,megawatts,2026-06-21T19:10:01.199571+00:00,21.0
2022,Virginia,VA,COL,Coal,megawatts,2026-06-21T19:10:01.199571+00:00,5072.0
2022,Virginia,VA,HYC,Hydroelectric,megawatts,2026-06-21T19:10:01.199571+00:00,1733.2
2022,Virginia,VA,NG,Natural Gas,megawatts,2026-06-21T19:10:01.199571+00:00,27607.2
2022,Virginia,VA,NGCC,Natural Gas - CC,megawatts,2026-06-21T19:10:01.199571+00:00,17944.4
2022,Virginia,VA,NGGT,Natural Gas - GT,megawatts,2026-06-21T19:10:01.199571+00:00,8498.6
2022,Virginia,VA,NGIC,Natural Gas - IC,megawatts,2026-06-21T19:10:01.199571+00:00,2.6
2022,Virginia,VA,NGST,Natural Gas - ST,megawatts,2026-06-21T19:10:01.199571+00:00,1161.6
2022,Virginia,VA,NUC,Nuclear,megawatts,2026-06-21T19:10:01.199571+00:00,7136.0
2022,Virginia,VA,OBM,Other Biomass,megawatts,2026-06-21T19:10:01.199571+00:00,611.0
2022,Virginia,VA,PET,Petroleum,megawatts,2026-06-21T19:10:01.199571+00:00,3072.8
2022,Virginia,VA,PETGT,Petroleum - GT,megawatts,2026-06-21T19:10:01.199571+00:00,1214.8
2022,Virginia,VA,PETIC,Petroleum - IC,megawatts,2026-06-21T19:10:01.199571+00:00,278.0
2022,Virginia,VA,PETST,Petroleum - ST,megawatts,2026-06-21T19:10:01.199571+00:00,1580.0
2022,Virginia,VA,HPS,Pumped Storage,megawatts,2026-06-21T19:10:01.199571+00:00,6482.0
2022,Virginia,VA,SOL,Solar,megawatts,2026-06-21T19:10:01.199571+00:00,5585.8
2022,Virginia,VA,SOLPV,Solar - PV,megawatts,2026-06-21T19:10:01.199571+00:00,5585.8
2022,Virginia,VA,WND,Wind,megawatts,2026-06-21T19:10:01.199571+00:00,24.0
2022,Virginia,VA,WOO,Wood,megawatts,2026-06-21T19:10:01.199571+00:00,993.4
2022,Washington,WA,BAT,Battery,megawatts,2026-06-21T19:10:01.199571+00:00,12.0
2022,Washington,WA,COL,Coal,megawatts,2026-06-21T19:10:01.199571+00:00,1340.0
2022,Washington,WA,HYC,Hydroelectric,megawatts,2026-06-21T19:10:01.199571+00:00,42857.2
2022,Washington,WA,NG,Natural Gas,megawatts,2026-06-21T19:10:01.199571+00:00,6744.8
2022,Washington,WA,NGCC,Natural Gas - CC,megawatts,2026-06-21T19:10:01.199571+00:00,5253.2
2022,Washington,WA,NGGT,Natural Gas - GT,megawatts,2026-06-21T19:10:01.199571+00:00,1438.4
2022,Washington,WA,NGIC,Natural Gas - IC,megawatts,2026-06-21T19:10:01.199571+00:00,53.2
2022,Washington,WA,NUC,Nuclear,megawatts,2026-06-21T19:10:01.199571+00:00,2302.0
2022,Washington,WA,OBM,Other Biomass,megawatts,2026-06-21T19:10:01.199571+00:00,74.4
2022,Washington,WA,PET,Petroleum,megawatts,2026-06-21T19:10:01.199571+00:00,34.4
2022,Washington,WA,PETIC,Petroleum - IC,megawatts,2026-06-21T19:10:01.199571+00:00,34.4
2022,Washington,WA,HPS,Pumped Storage,megawatts,2026-06-21T19:10:01.199571+00:00,628.0
2022,Washington,WA,SOL,Solar,megawatts,2026-06-21T19:10:01.199571+00:00,376.79999999999995
2022,Washington,WA,SOLPV,Solar - PV,megawatts,2026-06-21T19:10:01.199571+00:00,376.79999999999995
2022,Washington,WA,WND,Wind,megawatts,2026-06-21T19:10:01.199571+00:00,6749.8
2022,Washington,WA,WOO,Wood,megawatts,2026-06-21T19:10:01.199571+00:00,586.0
2022,West Virginia,WV,BAT,Battery,megawatts,2026-06-21T19:10:01.199571+00:00,95.0
2022,West Virginia,WV,COL,Coal,megawatts,2026-06-21T19:10:01.199571+00:00,25116.0
2022,West Virginia,WV,HYC,Hydroelectric,megawatts,2026-06-21T19:10:01.199571+00:00,681.6
2022,West Virginia,WV,NG,Natural Gas,megawatts,2026-06-21T19:10:01.199571+00:00,2410.0
2022,West Virginia,WV,NGGT,Natural Gas - GT,megawatts,2026-06-21T19:10:01.199571+00:00,2179.0
2022,West Virginia,WV,NGST,Natural Gas - ST,megawatts,2026-06-21T19:10:01.199571+00:00,231.0
2022,West Virginia,WV,OBM,Other Biomass,megawatts,2026-06-21T19:10:01.199571+00:00,6.4
2022,West Virginia,WV,PET,Petroleum,megawatts,2026-06-21T19:10:01.199571+00:00,22.0
2022,West Virginia,WV,PETGT,Petroleum - GT,megawatts,2026-06-21T19:10:01.199571+00:00,22.0
2022,West Virginia,WV,WND,Wind,megawatts,2026-06-21T19:10:01.199571+00:00,1710.4
2022,Wisconsin,WI,BAT,Battery,megawatts,2026-06-21T19:10:01.199571+00:00,10.6
2022,Wisconsin,WI,COL,Coal,megawatts,2026-06-21T19:10:01.199571+00:00,10535.400000000001
2022,Wisconsin,WI,HYC,Hydroelectric,megawatts,2026-06-21T19:10:01.199571+00:00,812.4
2022,Wisconsin,WI,NG,Natural Gas,megawatts,2026-06-21T19:10:01.199571+00:00,14710.2
2022,Wisconsin,WI,NGCC,Natural Gas - CC,megawatts,2026-06-21T19:10:01.199571+00:00,7045.8
2022,Wisconsin,WI,NGGT,Natural Gas - GT,megawatts,2026-06-21T19:10:01.199571+00:00,6501.0
2022,Wisconsin,WI,NGIC,Natural Gas - IC,megawatts,2026-06-21T19:10:01.199571+00:00,43.8
2022,Wisconsin,WI,NGST,Natural Gas - ST,megawatts,2026-06-21T19:10:01.199571+00:00,1119.6
2022,Wisconsin,WI,NUC,Nuclear,megawatts,2026-06-21T19:10:01.199571+00:00,2392.0
2022,Wisconsin,WI,OBM,Other Biomass,megawatts,2026-06-21T19:10:01.199571+00:00,160.4
2022,Wisconsin,WI,PET,Petroleum,megawatts,2026-06-21T19:10:01.199571+00:00,1277.4
2022,Wisconsin,WI,PETGT,Petroleum - GT,megawatts,2026-06-21T19:10:01.199571+00:00,757.0
2022,Wisconsin,WI,PETIC,Petroleum - IC,megawatts,2026-06-21T19:10:01.199571+00:00,403.6
2022,Wisconsin,WI,PETST,Petroleum - ST,megawatts,2026-06-21T19:10:01.199571+00:00,116.8
2022,Wisconsin,WI,SOL,Solar,megawatts,2026-06-21T19:10:01.199571+00:00,1547.8
2022,Wisconsin,WI,SOLPV,Solar - PV,megawatts,2026-06-21T19:10:01.199571+00:00,1547.8
2022,Wisconsin,WI,WND,Wind,megawatts,2026-06-21T19:10:01.199571+00:00,1469.2
2022,Wisconsin,WI,WOO,Wood,megawatts,2026-06-21T19:10:01.199571+00:00,532.0
2022,Wyoming,WY,COL,Coal,megawatts,2026-06-21T19:10:01.199571+00:00,12138.0
2022,Wyoming,WY,HYC,Hydroelectric,megawatts,2026-06-21T19:10:01.199571+00:00,614.2
2022,Wyoming,WY,NG,Natural Gas,megawatts,2026-06-21T19:10:01.199571+00:00,1190.6
2022,Wyoming,WY,NGCC,Natural Gas - CC,megawatts,2026-06-21T19:10:01.199571+00:00,188.0
2022,Wyoming,WY,NGGT,Natural Gas - GT,megawatts,2026-06-21T19:10:01.199571+00:00,494.6
2022,Wyoming,WY,NGIC,Natural Gas - IC,megawatts,2026-06-21T19:10:01.199571+00:00,14.0
2022,Wyoming,WY,NGST,Natural Gas - ST,megawatts,2026-06-21T19:10:01.199571+00:00,494.0
2022,Wyoming,WY,OT,Other,megawatts,2026-06-21T19:10:01.199571+00:00,24.8
2022,Wyoming,WY,OOG,Other Gas,megawatts,2026-06-21T19:10:01.199571+00:00,6.6
2022,Wyoming,WY,PET,Petroleum,megawatts,2026-06-21T19:10:01.199571+00:00,11.6
2022,Wyoming,WY,PETIC,Petroleum - IC,megawatts,2026-06-21T19:10:01.199571+00:00,11.6
2022,Wyoming,WY,SOL,Solar,megawatts,2026-06-21T19:10:01.199571+00:00,184.0
2022,Wyoming,WY,SOLPV,Solar - PV,megawatts,2026-06-21T19:10:01.199571+00:00,184.0
2022,Wyoming,WY,WND,Wind,megawatts,2026-06-21T19:10:01.199571+00:00,6013.8
2021,Alabama,AL,BAT,Battery,megawatts,2026-06-21T19:10:01.199571+00:00,2.0
2021,Alabama,AL,COL,Coal,megawatts,2026-06-21T19:10:01.199571+00:00,9456.0
2021,Alabama,AL,HYC,Hydroelectric,megawatts,2026-06-21T19:10:01.199571+00:00,6583.6
2021,Alabama,AL,NG,Natural Gas,megawatts,2026-06-21T19:10:01.199571+00:00,28701.4
2021,Alabama,AL,NGCC,Natural Gas - CC,megawatts,2026-06-21T19:10:01.199571+00:00,19590.6
2021,Alabama,AL,NGGT,Natural Gas - GT,megawatts,2026-06-21T19:10:01.199571+00:00,5145.6
2021,Alabama,AL,NGOTH,Natural Gas - OTH,megawatts,2026-06-21T19:10:01.199571+00:00,220.0
2021,Alabama,AL,NGST,Natural Gas - ST,megawatts,2026-06-21T19:10:01.199571+00:00,3745.2
2021,Alabama,AL,NUC,Nuclear,megawatts,2026-06-21T19:10:01.199571+00:00,10905.4
2021,Alabama,AL,OBM,Other Biomass,megawatts,2026-06-21T19:10:01.199571+00:00,12.8
2021,Alabama,AL,OOG,Other Gas,megawatts,2026-06-21T19:10:01.199571+00:00,7.6
2021,Alabama,AL,PET,Petroleum,megawatts,2026-06-21T19:10:01.199571+00:00,85.2
2021,Alabama,AL,PETGT,Petroleum - GT,megawatts,2026-06-21T19:10:01.199571+00:00,32.0
2021,Alabama,AL,PETIC,Petroleum - IC,megawatts,2026-06-21T19:10:01.199571+00:00,53.2
2021,Alabama,AL,SOL,Solar,megawatts,2026-06-21T19:10:01.199571+00:00,842.2
2021,Alabama,AL,SOLPV,Solar - PV,megawatts,2026-06-21T19:10:01.199571+00:00,842.2
2021,Alabama,AL,WOO,Wood,megawatts,2026-06-21T19:10:01.199571+00:00,1225.8
2021,Alaska,AK,BAT,Battery,megawatts,2026-06-21T19:10:01.199571+00:00,90.4
2021,Alaska,AK,COL,Coal,megawatts,2026-06-21T19:10:01.199571+00:00,337.8
2021,Alaska,AK,HYC,Hydroelectric,megawatts,2026-06-21T19:10:01.199571+00:00,951.2
2021,Alaska,AK,NG,Natural Gas,megawatts,2026-06-21T19:10:01.199571+00:00,2546.2
2021,Alaska,AK,NGCC,Natural Gas - CC,megawatts,2026-06-21T19:10:01.199571+00:00,749.2
2021,Alaska,AK,NGGT,Natural Gas - GT,megawatts,2026-06-21T19:10:01.199571+00:00,1442.2
2021,Alaska,AK,NGIC,Natural Gas - IC,megawatts,2026-06-21T19:10:01.199571+00:00,354.8
2021,Alaska,AK,OT,Other,megawatts,2026-06-21T19:10:01.199571+00:00,4.0
2021,Alaska,AK,OBM,Other Biomass,megawatts,2026-06-21T19:10:01.199571+00:00,14.0
2021,Alaska,AK,PET,Petroleum,megawatts,2026-06-21T19:10:01.199571+00:00,1485.4
2021,Alaska,AK,PETGT,Petroleum - GT,megawatts,2026-06-21T19:10:01.199571+00:00,474.0
2021,Alaska,AK,PETIC,Petroleum - IC,megawatts,2026-06-21T19:10:01.199571+00:00,909.4
2021,Alaska,AK,PETOTH,Petroleum - OTH,megawatts,2026-06-21T19:10:01.199571+00:00,102.0
2021,Alaska,AK,SOL,Solar,megawatts,2026-06-21T19:10:01.199571+00:00,1.6
2021,Alaska,AK,SOLPV,Solar - PV,megawatts,2026-06-21T19:10:01.199571+00:00,1.6
2021,Alaska,AK,WND,Wind,megawatts,2026-06-21T19:10:01.199571+00:00,118.0
2021,Arizona,AZ,BAT,Battery,megawatts,2026-06-21T19:10:01.199571+00:00,194.0
2021,Arizona,AZ,COL,Coal,megawatts,2026-06-21T19:10:01.199571+00:00,5886.0
2021,Arizona,AZ,HYC,Hydroelectric,megawatts,2026-06-21T19:10:01.199571+00:00,5441.8
2021,Arizona,AZ,NG,Natural Gas,megawatts,2026-06-21T19:10:01.199571+00:00,28333.0
2021,Arizona,AZ,NGCC,Natural Gas - CC,megawatts,2026-06-21T19:10:01.199571+00:00,19977.8
2021,Arizona,AZ,NGGT,Natural Gas - GT,megawatts,2026-06-21T19:10:01.199571+00:00,5798.0
2021,Arizona,AZ,NGIC,Natural Gas - IC,megawatts,2026-06-21T19:10:01.199571+00:00,367.2
2021,Arizona,AZ,NGST,Natural Gas - ST,megawatts,2026-06-21T19:10:01.199571+00:00,2190.0
2021,Arizona,AZ,NUC,Nuclear,megawatts,2026-06-21T19:10:01.199571+00:00,7874.0
2021,Arizona,AZ,OBM,Other Biomass,megawatts,2026-06-21T19:10:01.199571+00:00,6.4
2021,Arizona,AZ,PET,Petroleum,megawatts,2026-06-21T19:10:01.199571+00:00,175.0
2021,Arizona,AZ,PETGT,Petroleum - GT,megawatts,2026-06-21T19:10:01.199571+00:00,172.0
2021,Arizona,AZ,PETIC,Petroleum - IC,megawatts,2026-06-21T19:10:01.199571+00:00,3.0
2021,Arizona,AZ,HPS,Pumped Storage,megawatts,2026-06-21T19:10:01.199571+00:00,432.6
2021,Arizona,AZ,SOL,Solar,megawatts,2026-06-21T19:10:01.199571+00:00,5565.200000000001
2021,Arizona,AZ,SOLPV,Solar - PV,megawatts,2026-06-21T19:10:01.199571+00:00,4974.0
2021,Arizona,AZ,SOLTH,Solar - TH,megawatts,2026-06-21T19:10:01.199571+00:00,591.2
2021,Arizona,AZ,WND,Wind,megawatts,2026-06-21T19:10:01.199571+00:00,1234.6
2021,Arizona,AZ,WOO,Wood,megawatts,2026-06-21T19:10:01.199571+00:00,49.4
2021,Arkansas,AR,BAT,Battery,megawatts,2026-06-21T19:10:01.199571+00:00,24.0
2021,Arkansas,AR,COL,Coal,megawatts,2026-06-21T19:10:01.199571+00:00,10256.2
2021,Arkansas,AR,HYC,Hydroelectric,megawatts,2026-06-21T19:10:01.199571+00:00,2531.6000000000004
2021,Arkansas,AR,NG,Natural Gas,megawatts,2026-06-21T19:10:01.199571+00:00,12237.8
2021,Arkansas,AR,NGCC,Natural Gas - CC,megawatts,2026-06-21T19:10:01.199571+00:00,9184.2
2021,Arkansas,AR,NGGT,Natural Gas - GT,megawatts,2026-06-21T19:10:01.199571+00:00,1405.6
2021,Arkansas,AR,NGIC,Natural Gas - IC,megawatts,2026-06-21T19:10:01.199571+00:00,36.0
2021,Arkansas,AR,NGST,Natural Gas - ST,megawatts,2026-06-21T19:10:01.199571+00:00,1612.0
2021,Arkansas,AR,NUC,Nuclear,megawatts,2026-06-21T19:10:01.199571+00:00,3635.6
2021,Arkansas,AR,OBM,Other Biomass,megawatts,2026-06-21T19:10:01.199571+00:00,20.2
2021,Arkansas,AR,PET,Petroleum,megawatts,2026-06-21T19:10:01.199571+00:00,18.0
2021,Arkansas,AR,PETIC,Petroleum - IC,megawatts,2026-06-21T19:10:01.199571+00:00,18.0
2021,Arkansas,AR,HPS,Pumped Storage,megawatts,2026-06-21T19:10:01.199571+00:00,60.0
2021,Arkansas,AR,SOL,Solar,megawatts,2026-06-21T19:10:01.199571+00:00,447.4
2021,Arkansas,AR,SOLPV,Solar - PV,megawatts,2026-06-21T19:10:01.199571+00:00,447.4
2021,Arkansas,AR,WOO,Wood,megawatts,2026-06-21T19:10:01.199571+00:00,433.8
2021,California,CA,BAT,Battery,megawatts,2026-06-21T19:10:01.199571+00:00,4655.4
2021,California,CA,COL,Coal,megawatts,2026-06-21T19:10:01.199571+00:00,114.0
2021,California,CA,GEO,Geothermal,megawatts,2026-06-21T19:10:01.199571+00:00,3699.8
2021,California,CA,HYC,Hydroelectric,megawatts,2026-06-21T19:10:01.199571+00:00,20535.0
2021,California,CA,NG,Natural Gas,megawatts,2026-06-21T19:10:01.199571+00:00,74080.6
2021,California,CA,NGCC,Natural Gas - CC,megawatts,2026-06-21T19:10:01.199571+00:00,40955.2
2021,California,CA,NGGT,Natural Gas - GT,megawatts,2026-06-21T19:10:01.199571+00:00,22670.0
2021,California,CA,NGIC,Natural Gas - IC,megawatts,2026-06-21T19:10:01.199571+00:00,783.8
2021,California,CA,NGOTH,Natural Gas - OTH,megawatts,2026-06-21T19:10:01.199571+00:00,307.6
2021,California,CA,NGST,Natural Gas - ST,megawatts,2026-06-21T19:10:01.199571+00:00,9364.0
2021,California,CA,NUC,Nuclear,megawatts,2026-06-21T19:10:01.199571+00:00,4480.0
2021,California,CA,OT,Other,megawatts,2026-06-21T19:10:01.199571+00:00,250.2
2021,California,CA,OBM,Other Biomass,megawatts,2026-06-21T19:10:01.199571+00:00,947.8
2021,California,CA,OOG,Other Gas,megawatts,2026-06-21T19:10:01.199571+00:00,387.8
2021,California,CA,PET,Petroleum,megawatts,2026-06-21T19:10:01.199571+00:00,838.6
2021,California,CA,PETGT,Petroleum - GT,megawatts,2026-06-21T19:10:01.199571+00:00,373.8
2021,California,CA,PETIC,Petroleum - IC,megawatts,2026-06-21T19:10:01.199571+00:00,424.8
2021,California,CA,PETST,Petroleum - ST,megawatts,2026-06-21T19:10:01.199571+00:00,40.0
2021,California,CA,HPS,Pumped Storage,megawatts,2026-06-21T19:10:01.199571+00:00,7823.8
2021,California,CA,SOL,Solar,megawatts,2026-06-21T19:10:01.199571+00:00,30891.4
2021,California,CA,SOLPV,Solar - PV,megawatts,2026-06-21T19:10:01.199571+00:00,28879.800000000003
2021,California,CA,SOLTH,Solar - TH,megawatts,2026-06-21T19:10:01.199571+00:00,2011.6
2021,California,CA,WND,Wind,megawatts,2026-06-21T19:10:01.199571+00:00,12351.400000000001
2021,California,CA,WOO,Wood,megawatts,2026-06-21T19:10:01.199571+00:00,1311.6
2021,Colorado,CO,BAT,Battery,megawatts,2026-06-21T19:10:01.199571+00:00,20.4
2021,Colorado,CO,COL,Coal,megawatts,2026-06-21T19:10:01.199571+00:00,8258.0
2021,Colorado,CO,HYC,Hydroelectric,megawatts,2026-06-21T19:10:01.199571+00:00,1382.0
2021,Colorado,CO,NG,Natural Gas,megawatts,2026-06-21T19:10:01.199571+00:00,13285.0
2021,Colorado,CO,NGCC,Natural Gas - CC,megawatts,2026-06-21T19:10:01.199571+00:00,6509.0
2021,Colorado,CO,NGGT,Natural Gas - GT,megawatts,2026-06-21T19:10:01.199571+00:00,5076.0
2021,Colorado,CO,NGIC,Natural Gas - IC,megawatts,2026-06-21T19:10:01.199571+00:00,468.0
2021,Colorado,CO,NGST,Natural Gas - ST,megawatts,2026-06-21T19:10:01.199571+00:00,1232.0
2021,Colorado,CO,OT,Other,megawatts,2026-06-21T19:10:01.199571+00:00,18.2
2021,Colorado,CO,OBM,Other Biomass,megawatts,2026-06-21T19:10:01.199571+00:00,32.2
2021,Colorado,CO,OOG,Other Gas,megawatts,2026-06-21T19:10:01.199571+00:00,6.0
2021,Colorado,CO,PET,Petroleum,megawatts,2026-06-21T19:10:01.199571+00:00,301.0
2021,Colorado,CO,PETGT,Petroleum - GT,megawatts,2026-06-21T19:10:01.199571+00:00,200.0
2021,Colorado,CO,PETIC,Petroleum - IC,megawatts,2026-06-21T19:10:01.199571+00:00,101.0
2021,Colorado,CO,HPS,Pumped Storage,megawatts,2026-06-21T19:10:01.199571+00:00,1161.6
2021,Colorado,CO,SOL,Solar,megawatts,2026-06-21T19:10:01.199571+00:00,2119.2
2021,Colorado,CO,SOLPV,Solar - PV,megawatts,2026-06-21T19:10:01.199571+00:00,2119.2
2021,Colorado,CO,WND,Wind,megawatts,2026-06-21T19:10:01.199571+00:00,9982.4
2021,Colorado,CO,WOO,Wood,megawatts,2026-06-21T19:10:01.199571+00:00,25.2
2021,Connecticut,CT,BAT,Battery,megawatts,2026-06-21T19:10:01.199571+00:00,3.2
2021,Connecticut,CT,HYC,Hydroelectric,megawatts,2026-06-21T19:10:01.199571+00:00,238.8
2021,Connecticut,CT,NG,Natural Gas,megawatts,2026-06-21T19:10:01.199571+00:00,10944.8
2021,Connecticut,CT,NGCC,Natural Gas - CC,megawatts,2026-06-21T19:10:01.199571+00:00,7865.2
2021,Connecticut,CT,NGGT,Natural Gas - GT,megawatts,2026-06-21T19:10:01.199571+00:00,1159.6
2021,Connecticut,CT,NGIC,Natural Gas - IC,megawatts,2026-06-21T19:10:01.199571+00:00,31.4
2021,Connecticut,CT,NGOTH,Natural Gas - OTH,megawatts,2026-06-21T19:10:01.199571+00:00,109.2
2021,Connecticut,CT,NGST,Natural Gas - ST,megawatts,2026-06-21T19:10:01.199571+00:00,1779.4
2021,Connecticut,CT,NUC,Nuclear,megawatts,2026-06-21T19:10:01.199571+00:00,4194.6
2021,Connecticut,CT,OBM,Other Biomass,megawatts,2026-06-21T19:10:01.199571+00:00,323.2
2021,Connecticut,CT,PET,Petroleum,megawatts,2026-06-21T19:10:01.199571+00:00,3879.8
2021,Connecticut,CT,PETGT,Petroleum - GT,megawatts,2026-06-21T19:10:01.199571+00:00,2119.0
2021,Connecticut,CT,PETIC,Petroleum - IC,megawatts,2026-06-21T19:10:01.199571+00:00,140.8
2021,Connecticut,CT,PETST,Petroleum - ST,megawatts,2026-06-21T19:10:01.199571+00:00,1620.0
2021,Connecticut,CT,HPS,Pumped Storage,megawatts,2026-06-21T19:10:01.199571+00:00,58.8
2021,Connecticut,CT,SOL,Solar,megawatts,2026-06-21T19:10:01.199571+00:00,495.0
2021,Connecticut,CT,SOLPV,Solar - PV,megawatts,2026-06-21T19:10:01.199571+00:00,495.0
2021,Connecticut,CT,WND,Wind,megawatts,2026-06-21T19:10:01.199571+00:00,10.0
2021,Connecticut,CT,WOO,Wood,megawatts,2026-06-21T19:10:01.199571+00:00,75.0
2021,Delaware,DE,COL,Coal,megawatts,2026-06-21T19:10:01.199571+00:00,820.0
2021,Delaware,DE,NG,Natural Gas,megawatts,2026-06-21T19:10:01.199571+00:00,5118.6
2021,Delaware,DE,NGCC,Natural Gas - CC,megawatts,2026-06-21T19:10:01.199571+00:00,3008.0
2021,Delaware,DE,NGGT,Natural Gas - GT,megawatts,2026-06-21T19:10:01.199571+00:00,632.8
2021,Delaware,DE,NGOTH,Natural Gas - OTH,megawatts,2026-06-21T19:10:01.199571+00:00,57.8
2021,Delaware,DE,NGST,Natural Gas - ST,megawatts,2026-06-21T19:10:01.199571+00:00,1420.0
2021,Delaware,DE,OBM,Other Biomass,megawatts,2026-06-21T19:10:01.199571+00:00,28.4
2021,Delaware,DE,OOG,Other Gas,megawatts,2026-06-21T19:10:01.199571+00:00,270.0
2021,Delaware,DE,PET,Petroleum,megawatts,2026-06-21T19:10:01.199571+00:00,228.2
2021,Delaware,DE,PETGT,Petroleum - GT,megawatts,2026-06-21T19:10:01.199571+00:00,228.2
2021,Delaware,DE,SOL,Solar,megawatts,2026-06-21T19:10:01.199571+00:00,76.0
2021,Delaware,DE,SOLPV,Solar - PV,megawatts,2026-06-21T19:10:01.199571+00:00,76.0
2021,Delaware,DE,WND,Wind,megawatts,2026-06-21T19:10:01.199571+00:00,4.0
2021,District of Columbia,DC,NG,Natural Gas,megawatts,2026-06-21T19:10:01.199571+00:00,41.2
2021,District of Columbia,DC,NGGT,Natural Gas - GT,megawatts,2026-06-21T19:10:01.199571+00:00,41.2
2021,District of Columbia,DC,OBM,Other Biomass,megawatts,2026-06-21T19:10:01.199571+00:00,24.0
2021,District of Columbia,DC,SOL,Solar,megawatts,2026-06-21T19:10:01.199571+00:00,30.6
2021,District of Columbia,DC,SOLPV,Solar - PV,megawatts,2026-06-21T19:10:01.199571+00:00,30.6
2021,Florida,FL,BAT,Battery,megawatts,2026-06-21T19:10:01.199571+00:00,1018.0
2021,Florida,FL,COL,Coal,megawatts,2026-06-21T19:10:01.199571+00:00,9552.0
2021,Florida,FL,HYC,Hydroelectric,megawatts,2026-06-21T19:10:01.199571+00:00,87.0
2021,Florida,FL,NG,Natural Gas,megawatts,2026-06-21T19:10:01.199571+00:00,94955.6
2021,Florida,FL,NGCC,Natural Gas - CC,megawatts,2026-06-21T19:10:01.199571+00:00,63974.6
2021,Florida,FL,NGGT,Natural Gas - GT,megawatts,2026-06-21T19:10:01.199571+00:00,19107.2
2021,Florida,FL,NGIC,Natural Gas - IC,megawatts,2026-06-21T19:10:01.199571+00:00,264.0
2021,Florida,FL,NGST,Natural Gas - ST,megawatts,2026-06-21T19:10:01.199571+00:00,11609.8
2021,Florida,FL,NUC,Nuclear,megawatts,2026-06-21T19:10:01.199571+00:00,7332.0
2021,Florida,FL,OT,Other,megawatts,2026-06-21T19:10:01.199571+00:00,625.8
2021,Florida,FL,OBM,Other Biomass,megawatts,2026-06-21T19:10:01.199571+00:00,1412.4
2021,Florida,FL,PET,Petroleum,megawatts,2026-06-21T19:10:01.199571+00:00,3438.4
2021,Florida,FL,PETGT,Petroleum - GT,megawatts,2026-06-21T19:10:01.199571+00:00,3068.0
2021,Florida,FL,PETIC,Petroleum - IC,megawatts,2026-06-21T19:10:01.199571+00:00,252.4
2021,Florida,FL,PETOTH,Petroleum - OTH,megawatts,2026-06-21T19:10:01.199571+00:00,118.0
2021,Florida,FL,SOL,Solar,megawatts,2026-06-21T19:10:01.199571+00:00,9903.6
2021,Florida,FL,SOLPV,Solar - PV,megawatts,2026-06-21T19:10:01.199571+00:00,9903.6
2021,Florida,FL,WOO,Wood,megawatts,2026-06-21T19:10:01.199571+00:00,894.6
2021,Georgia,GA,BAT,Battery,megawatts,2026-06-21T19:10:01.199571+00:00,84.4
2021,Georgia,GA,COL,Coal,megawatts,2026-06-21T19:10:01.199571+00:00,16768.0
2021,Georgia,GA,HYC,Hydroelectric,megawatts,2026-06-21T19:10:01.199571+00:00,3970.0
2021,Georgia,GA,NG,Natural Gas,megawatts,2026-06-21T19:10:01.199571+00:00,33453.8
2021,Georgia,GA,NGCC,Natural Gas - CC,megawatts,2026-06-21T19:10:01.199571+00:00,16153.4
2021,Georgia,GA,NGGT,Natural Gas - GT,megawatts,2026-06-21T19:10:01.199571+00:00,15600.2
2021,Georgia,GA,NGIC,Natural Gas - IC,megawatts,2026-06-21T19:10:01.199571+00:00,14.0
2021,Georgia,GA,NGOTH,Natural Gas - OTH,megawatts,2026-06-21T19:10:01.199571+00:00,0.4
2021,Georgia,GA,NGST,Natural Gas - ST,megawatts,2026-06-21T19:10:01.199571+00:00,1685.8
2021,Georgia,GA,NUC,Nuclear,megawatts,2026-06-21T19:10:01.199571+00:00,8122.0
2021,Georgia,GA,OT,Other,megawatts,2026-06-21T19:10:01.199571+00:00,88.0
2021,Georgia,GA,OBM,Other Biomass,megawatts,2026-06-21T19:10:01.199571+00:00,112.0
2021,Georgia,GA,PET,Petroleum,megawatts,2026-06-21T19:10:01.199571+00:00,2059.6
2021,Georgia,GA,PETGT,Petroleum - GT,megawatts,2026-06-21T19:10:01.199571+00:00,1692.0
2021,Georgia,GA,PETIC,Petroleum - IC,megawatts,2026-06-21T19:10:01.199571+00:00,200.0
2021,Georgia,GA,PETST,Petroleum - ST,megawatts,2026-06-21T19:10:01.199571+00:00,167.6
2021,Georgia,GA,HPS,Pumped Storage,megawatts,2026-06-21T19:10:01.199571+00:00,3794.8
2021,Georgia,GA,SOL,Solar,megawatts,2026-06-21T19:10:01.199571+00:00,6136.8
2021,Georgia,GA,SOLPV,Solar - PV,megawatts,2026-06-21T19:10:01.199571+00:00,6136.8
2021,Georgia,GA,WOO,Wood,megawatts,2026-06-21T19:10:01.199571+00:00,1910.8
2021,Hawaii,HI,BAT,Battery,megawatts,2026-06-21T19:10:01.199571+00:00,151.8
2021,Hawaii,HI,COL,Coal,megawatts,2026-06-21T19:10:01.199571+00:00,360.0
2021,Hawaii,HI,GEO,Geothermal,megawatts,2026-06-21T19:10:01.199571+00:00,86.0
2021,Hawaii,HI,HYC,Hydroelectric,megawatts,2026-06-21T19:10:01.199571+00:00,64.80000000000001
2021,Hawaii,HI,OBM,Other Biomass,megawatts,2026-06-21T19:10:01.199571+00:00,307.8
2021,Hawaii,HI,PET,Petroleum,megawatts,2026-06-21T19:10:01.199571+00:00,4013.0
2021,Hawaii,HI,PETGT,Petroleum - GT,megawatts,2026-06-21T19:10:01.199571+00:00,727.4
2021,Hawaii,HI,PETIC,Petroleum - IC,megawatts,2026-06-21T19:10:01.199571+00:00,370.0
2021,Hawaii,HI,PETOTH,Petroleum - OTH,megawatts,2026-06-21T19:10:01.199571+00:00,879.2
2021,Hawaii,HI,PETST,Petroleum - ST,megawatts,2026-06-21T19:10:01.199571+00:00,2036.4
2021,Hawaii,HI,SOL,Solar,megawatts,2026-06-21T19:10:01.199571+00:00,576.2
2021,Hawaii,HI,SOLPV,Solar - PV,megawatts,2026-06-21T19:10:01.199571+00:00,576.2
2021,Hawaii,HI,WND,Wind,megawatts,2026-06-21T19:10:01.199571+00:00,466.4
2021,Idaho,ID,COL,Coal,megawatts,2026-06-21T19:10:01.199571+00:00,10.0
2021,Idaho,ID,GEO,Geothermal,megawatts,2026-06-21T19:10:01.199571+00:00,20.0
2021,Idaho,ID,HYC,Hydroelectric,megawatts,2026-06-21T19:10:01.199571+00:00,5247.6
2021,Idaho,ID,NG,Natural Gas,megawatts,2026-06-21T19:10:01.199571+00:00,2235.8
2021,Idaho,ID,NGCC,Natural Gas - CC,megawatts,2026-06-21T19:10:01.199571+00:00,1098.6
2021,Idaho,ID,NGGT,Natural Gas - GT,megawatts,2026-06-21T19:10:01.199571+00:00,1113.8
2021,Idaho,ID,NGST,Natural Gas - ST,megawatts,2026-06-21T19:10:01.199571+00:00,23.4
2021,Idaho,ID,OT,Other,megawatts,2026-06-21T19:10:01.199571+00:00,29.6
2021,Idaho,ID,OBM,Other Biomass,megawatts,2026-06-21T19:10:01.199571+00:00,40.4
2021,Idaho,ID,PET,Petroleum,megawatts,2026-06-21T19:10:01.199571+00:00,10.8
2021,Idaho,ID,PETIC,Petroleum - IC,megawatts,2026-06-21T19:10:01.199571+00:00,10.8
2021,Idaho,ID,SOL,Solar,megawatts,2026-06-21T19:10:01.199571+00:00,484.0
2021,Idaho,ID,SOLPV,Solar - PV,megawatts,2026-06-21T19:10:01.199571+00:00,484.0
2021,Idaho,ID,WND,Wind,megawatts,2026-06-21T19:10:01.199571+00:00,1940.8
2021,Idaho,ID,WOO,Wood,megawatts,2026-06-21T19:10:01.199571+00:00,132.2
2021,Illinois,IL,BAT,Battery,megawatts,2026-06-21T19:10:01.199571+00:00,271.4
2021,Illinois,IL,COL,Coal,megawatts,2026-06-21T19:10:01.199571+00:00,19095.6
2021,Illinois,IL,HYC,Hydroelectric,megawatts,2026-06-21T19:10:01.199571+00:00,65.8
2021,Illinois,IL,NG,Natural Gas,megawatts,2026-06-21T19:10:01.199571+00:00,31596.8
2021,Illinois,IL,NGCC,Natural Gas - CC,megawatts,2026-06-21T19:10:01.199571+00:00,7123.6
2021,Illinois,IL,NGGT,Natural Gas - GT,megawatts,2026-06-21T19:10:01.199571+00:00,21024.0
2021,Illinois,IL,NGIC,Natural Gas - IC,megawatts,2026-06-21T19:10:01.199571+00:00,372.2
2021,Illinois,IL,NGST,Natural Gas - ST,megawatts,2026-06-21T19:10:01.199571+00:00,3077.0
2021,Illinois,IL,NUC,Nuclear,megawatts,2026-06-21T19:10:01.199571+00:00,23164.8
2021,Illinois,IL,OT,Other,megawatts,2026-06-21T19:10:01.199571+00:00,156.0
2021,Illinois,IL,OBM,Other Biomass,megawatts,2026-06-21T19:10:01.199571+00:00,146.4
2021,Illinois,IL,OOG,Other Gas,megawatts,2026-06-21T19:10:01.199571+00:00,73.0
2021,Illinois,IL,PET,Petroleum,megawatts,2026-06-21T19:10:01.199571+00:00,1547.8
2021,Illinois,IL,PETGT,Petroleum - GT,megawatts,2026-06-21T19:10:01.199571+00:00,946.2
2021,Illinois,IL,PETIC,Petroleum - IC,megawatts,2026-06-21T19:10:01.199571+00:00,601.6
2021,Illinois,IL,SOL,Solar,megawatts,2026-06-21T19:10:01.199571+00:00,1294.0
2021,Illinois,IL,SOLPV,Solar - PV,megawatts,2026-06-21T19:10:01.199571+00:00,1294.0
2021,Illinois,IL,WND,Wind,megawatts,2026-06-21T19:10:01.199571+00:00,14346.2
2021,Indiana,IN,BAT,Battery,megawatts,2026-06-21T19:10:01.199571+00:00,72.0
2021,Indiana,IN,COL,Coal,megawatts,2026-06-21T19:10:01.199571+00:00,27670.4
2021,Indiana,IN,HYC,Hydroelectric,megawatts,2026-06-21T19:10:01.199571+00:00,138.2
2021,Indiana,IN,NG,Natural Gas,megawatts,2026-06-21T19:10:01.199571+00:00,15932.4
2021,Indiana,IN,NGCC,Natural Gas - CC,megawatts,2026-06-21T19:10:01.199571+00:00,7750.0
2021,Indiana,IN,NGGT,Natural Gas - GT,megawatts,2026-06-21T19:10:01.199571+00:00,6676.6
2021,Indiana,IN,NGIC,Natural Gas - IC,megawatts,2026-06-21T19:10:01.199571+00:00,49.0
2021,Indiana,IN,NGST,Natural Gas - ST,megawatts,2026-06-21T19:10:01.199571+00:00,1456.8
2021,Indiana,IN,OT,Other,megawatts,2026-06-21T19:10:01.199571+00:00,176.0
2021,Indiana,IN,OBM,Other Biomass,megawatts,2026-06-21T19:10:01.199571+00:00,144.2
2021,Indiana,IN,OOG,Other Gas,megawatts,2026-06-21T19:10:01.199571+00:00,1238.6
2021,Indiana,IN,PET,Petroleum,megawatts,2026-06-21T19:10:01.199571+00:00,191.6
2021,Indiana,IN,PETGT,Petroleum - GT,megawatts,2026-06-21T19:10:01.199571+00:00,74.0
2021,Indiana,IN,PETIC,Petroleum - IC,megawatts,2026-06-21T19:10:01.199571+00:00,117.6
2021,Indiana,IN,SOL,Solar,megawatts,2026-06-21T19:10:01.199571+00:00,1213.4
2021,Indiana,IN,SOLPV,Solar - PV,megawatts,2026-06-21T19:10:01.199571+00:00,1213.4
2021,Indiana,IN,WND,Wind,megawatts,2026-06-21T19:10:01.199571+00:00,6906.2
2021,Iowa,IA,BAT,Battery,megawatts,2026-06-21T19:10:01.199571+00:00,7.8
2021,Iowa,IA,COL,Coal,megawatts,2026-06-21T19:10:01.199571+00:00,10535.0
2021,Iowa,IA,HYC,Hydroelectric,megawatts,2026-06-21T19:10:01.199571+00:00,410.79999999999995
2021,Iowa,IA,NG,Natural Gas,megawatts,2026-06-21T19:10:01.199571+00:00,7020.0
2021,Iowa,IA,NGCC,Natural Gas - CC,megawatts,2026-06-21T19:10:01.199571+00:00,3465.4
2021,Iowa,IA,NGGT,Natural Gas - GT,megawatts,2026-06-21T19:10:01.199571+00:00,2386.0
2021,Iowa,IA,NGIC,Natural Gas - IC,megawatts,2026-06-21T19:10:01.199571+00:00,328.4
2021,Iowa,IA,NGST,Natural Gas - ST,megawatts,2026-06-21T19:10:01.199571+00:00,840.2
2021,Iowa,IA,OBM,Other Biomass,megawatts,2026-06-21T19:10:01.199571+00:00,41.2
2021,Iowa,IA,PET,Petroleum,megawatts,2026-06-21T19:10:01.199571+00:00,1809.8
2021,Iowa,IA,PETGT,Petroleum - GT,megawatts,2026-06-21T19:10:01.199571+00:00,564.8
2021,Iowa,IA,PETIC,Petroleum - IC,megawatts,2026-06-21T19:10:01.199571+00:00,1181.0
2021,Iowa,IA,PETST,Petroleum - ST,megawatts,2026-06-21T19:10:01.199571+00:00,64.0
2021,Iowa,IA,SOL,Solar,megawatts,2026-06-21T19:10:01.199571+00:00,236.0
2021,Iowa,IA,SOLPV,Solar - PV,megawatts,2026-06-21T19:10:01.199571+00:00,236.0
2021,Iowa,IA,WND,Wind,megawatts,2026-06-21T19:10:01.199571+00:00,23480.6
2021,Kansas,KS,COL,Coal,megawatts,2026-06-21T19:10:01.199571+00:00,9049.2
2021,Kansas,KS,HYC,Hydroelectric,megawatts,2026-06-21T19:10:01.199571+00:00,14.0
2021,Kansas,KS,NG,Natural Gas,megawatts,2026-06-21T19:10:01.199571+00:00,7603.6
2021,Kansas,KS,NGCC,Natural Gas - CC,megawatts,2026-06-21T19:10:01.199571+00:00,532.0
2021,Kansas,KS,NGGT,Natural Gas - GT,megawatts,2026-06-21T19:10:01.199571+00:00,4394.2
2021,Kansas,KS,NGIC,Natural Gas - IC,megawatts,2026-06-21T19:10:01.199571+00:00,1065.4
2021,Kansas,KS,NGST,Natural Gas - ST,megawatts,2026-06-21T19:10:01.199571+00:00,1612.0
2021,Kansas,KS,NUC,Nuclear,megawatts,2026-06-21T19:10:01.199571+00:00,2450.0
2021,Kansas,KS,OT,Other,megawatts,2026-06-21T19:10:01.199571+00:00,1.6
2021,Kansas,KS,OBM,Other Biomass,megawatts,2026-06-21T19:10:01.199571+00:00,18.0
2021,Kansas,KS,PET,Petroleum,megawatts,2026-06-21T19:10:01.199571+00:00,1191.6
2021,Kansas,KS,PETGT,Petroleum - GT,megawatts,2026-06-21T19:10:01.199571+00:00,454.8
2021,Kansas,KS,PETIC,Petroleum - IC,megawatts,2026-06-21T19:10:01.199571+00:00,736.8
2021,Kansas,KS,SOL,Solar,megawatts,2026-06-21T19:10:01.199571+00:00,60.4
2021,Kansas,KS,SOLPV,Solar - PV,megawatts,2026-06-21T19:10:01.199571+00:00,60.4
2021,Kansas,KS,WND,Wind,megawatts,2026-06-21T19:10:01.199571+00:00,16476.2
2021,Kentucky,KY,COL,Coal,megawatts,2026-06-21T19:10:01.199571+00:00,18806.0
2021,Kentucky,KY,HYC,Hydroelectric,megawatts,2026-06-21T19:10:01.199571+00:00,2274.8
2021,Kentucky,KY,NG,Natural Gas,megawatts,2026-06-21T19:10:01.199571+00:00,13857.2
2021,Kentucky,KY,NGCC,Natural Gas - CC,megawatts,2026-06-21T19:10:01.199571+00:00,3526.0
2021,Kentucky,KY,NGGT,Natural Gas - GT,megawatts,2026-06-21T19:10:01.199571+00:00,9811.2
2021,Kentucky,KY,NGST,Natural Gas - ST,megawatts,2026-06-21T19:10:01.199571+00:00,520.0
2021,Kentucky,KY,OBM,Other Biomass,megawatts,2026-06-21T19:10:01.199571+00:00,44.4
2021,Kentucky,KY,PET,Petroleum,megawatts,2026-06-21T19:10:01.199571+00:00,23.8
2021,Kentucky,KY,PETIC,Petroleum - IC,megawatts,2026-06-21T19:10:01.199571+00:00,23.8
2021,Kentucky,KY,SOL,Solar,megawatts,2026-06-21T19:10:01.199571+00:00,54.8
2021,Kentucky,KY,SOLPV,Solar - PV,megawatts,2026-06-21T19:10:01.199571+00:00,54.8
2021,Kentucky,KY,WOO,Wood,megawatts,2026-06-21T19:10:01.199571+00:00,104.6
2021,Louisiana,LA,BAT,Battery,megawatts,2026-06-21T19:10:01.199571+00:00,1.0
2021,Louisiana,LA,COL,Coal,megawatts,2026-06-21T19:10:01.199571+00:00,4228.6
2021,Louisiana,LA,HYC,Hydroelectric,megawatts,2026-06-21T19:10:01.199571+00:00,384.0
2021,Louisiana,LA,NG,Natural Gas,megawatts,2026-06-21T19:10:01.199571+00:00,37150.6
2021,Louisiana,LA,NGCC,Natural Gas - CC,megawatts,2026-06-21T19:10:01.199571+00:00,19260.4
2021,Louisiana,LA,NGGT,Natural Gas - GT,megawatts,2026-06-21T19:10:01.199571+00:00,5971.4
2021,Louisiana,LA,NGIC,Natural Gas - IC,megawatts,2026-06-21T19:10:01.199571+00:00,169.8
2021,Louisiana,LA,NGST,Natural Gas - ST,megawatts,2026-06-21T19:10:01.199571+00:00,11749.0
2021,Louisiana,LA,NUC,Nuclear,megawatts,2026-06-21T19:10:01.199571+00:00,4265.8
2021,Louisiana,LA,OT,Other,megawatts,2026-06-21T19:10:01.199571+00:00,660.2
2021,Louisiana,LA,OBM,Other Biomass,megawatts,2026-06-21T19:10:01.199571+00:00,28.2
2021,Louisiana,LA,OOG,Other Gas,megawatts,2026-06-21T19:10:01.199571+00:00,319.0
2021,Louisiana,LA,PET,Petroleum,megawatts,2026-06-21T19:10:01.199571+00:00,1729.8
2021,Louisiana,LA,PETGT,Petroleum - GT,megawatts,2026-06-21T19:10:01.199571+00:00,64.2
2021,Louisiana,LA,PETIC,Petroleum - IC,megawatts,2026-06-21T19:10:01.199571+00:00,35.2
2021,Louisiana,LA,PETST,Petroleum - ST,megawatts,2026-06-21T19:10:01.199571+00:00,1630.4
2021,Louisiana,LA,SOL,Solar,megawatts,2026-06-21T19:10:01.199571+00:00,149.0
2021,Louisiana,LA,SOLPV,Solar - PV,megawatts,2026-06-21T19:10:01.199571+00:00,149.0
2021,Louisiana,LA,WOO,Wood,megawatts,2026-06-21T19:10:01.199571+00:00,816.0
2021,Maine,ME,BAT,Battery,megawatts,2026-06-21T19:10:01.199571+00:00,92.6
2021,Maine,ME,HYC,Hydroelectric,megawatts,2026-06-21T19:10:01.199571+00:00,1451.6
2021,Maine,ME,NG,Natural Gas,megawatts,2026-06-21T19:10:01.199571+00:00,3374.6
2021,Maine,ME,NGCC,Natural Gas - CC,megawatts,2026-06-21T19:10:01.199571+00:00,2565.6
2021,Maine,ME,NGGT,Natural Gas - GT,megawatts,2026-06-21T19:10:01.199571+00:00,624.0
2021,Maine,ME,NGST,Natural Gas - ST,megawatts,2026-06-21T19:10:01.199571+00:00,185.0
2021,Maine,ME,OT,Other,megawatts,2026-06-21T19:10:01.199571+00:00,44.0
2021,Maine,ME,OBM,Other Biomass,megawatts,2026-06-21T19:10:01.199571+00:00,77.2
2021,Maine,ME,PET,Petroleum,megawatts,2026-06-21T19:10:01.199571+00:00,1689.4
2021,Maine,ME,PETGT,Petroleum - GT,megawatts,2026-06-21T19:10:01.199571+00:00,64.0
2021,Maine,ME,PETIC,Petroleum - IC,megawatts,2026-06-21T19:10:01.199571+00:00,3.6
2021,Maine,ME,PETST,Petroleum - ST,megawatts,2026-06-21T19:10:01.199571+00:00,1621.8
2021,Maine,ME,SOL,Solar,megawatts,2026-06-21T19:10:01.199571+00:00,402.6
2021,Maine,ME,SOLPV,Solar - PV,megawatts,2026-06-21T19:10:01.199571+00:00,402.6
2021,Maine,ME,WND,Wind,megawatts,2026-06-21T19:10:01.199571+00:00,2019.0
2021,Maine,ME,WOO,Wood,megawatts,2026-06-21T19:10:01.199571+00:00,900.0
2021,Maryland,MD,BAT,Battery,megawatts,2026-06-21T19:10:01.199571+00:00,10.0
2021,Maryland,MD,COL,Coal,megawatts,2026-06-21T19:10:01.199571+00:00,5926.0
2021,Maryland,MD,HYC,Hydroelectric,megawatts,2026-06-21T19:10:01.199571+00:00,1180.0
2021,Maryland,MD,NG,Natural Gas,megawatts,2026-06-21T19:10:01.199571+00:00,11388.8
2021,Maryland,MD,NGCC,Natural Gas - CC,megawatts,2026-06-21T19:10:01.199571+00:00,5452.0
2021,Maryland,MD,NGGT,Natural Gas - GT,megawatts,2026-06-21T19:10:01.199571+00:00,3517.8
2021,Maryland,MD,NGIC,Natural Gas - IC,megawatts,2026-06-21T19:10:01.199571+00:00,19.4
2021,Maryland,MD,NGST,Natural Gas - ST,megawatts,2026-06-21T19:10:01.199571+00:00,2399.6
2021,Maryland,MD,NUC,Nuclear,megawatts,2026-06-21T19:10:01.199571+00:00,3415.6
2021,Maryland,MD,OBM,Other Biomass,megawatts,2026-06-21T19:10:01.199571+00:00,272.0
2021,Maryland,MD,PET,Petroleum,megawatts,2026-06-21T19:10:01.199571+00:00,2628.6000000000004
2021,Maryland,MD,PETGT,Petroleum - GT,megawatts,2026-06-21T19:10:01.199571+00:00,1108.2
2021,Maryland,MD,PETIC,Petroleum - IC,megawatts,2026-06-21T19:10:01.199571+00:00,168.4
2021,Maryland,MD,PETST,Petroleum - ST,megawatts,2026-06-21T19:10:01.199571+00:00,1352.0
2021,Maryland,MD,SOL,Solar,megawatts,2026-06-21T19:10:01.199571+00:00,805.4
2021,Maryland,MD,SOLPV,Solar - PV,megawatts,2026-06-21T19:10:01.199571+00:00,805.4
2021,Maryland,MD,WND,Wind,megawatts,2026-06-21T19:10:01.199571+00:00,380.0
2021,Maryland,MD,WOO,Wood,megawatts,2026-06-21T19:10:01.199571+00:00,5.2
2021,Massachusetts,MA,BAT,Battery,megawatts,2026-06-21T19:10:01.199571+00:00,365.4
2021,Massachusetts,MA,HYC,Hydroelectric,megawatts,2026-06-21T19:10:01.199571+00:00,535.4
2021,Massachusetts,MA,NG,Natural Gas,megawatts,2026-06-21T19:10:01.199571+00:00,14240.8
2021,Massachusetts,MA,NGCC,Natural Gas - CC,megawatts,2026-06-21T19:10:01.199571+00:00,12336.4
2021,Massachusetts,MA,NGGT,Natural Gas - GT,megawatts,2026-06-21T19:10:01.199571+00:00,1715.2
2021,Massachusetts,MA,NGIC,Natural Gas - IC,megawatts,2026-06-21T19:10:01.199571+00:00,72.0
2021,Massachusetts,MA,NGOTH,Natural Gas - OTH,megawatts,2026-06-21T19:10:01.199571+00:00,7.8
2021,Massachusetts,MA,NGST,Natural Gas - ST,megawatts,2026-06-21T19:10:01.199571+00:00,109.4
2021,Massachusetts,MA,OBM,Other Biomass,megawatts,2026-06-21T19:10:01.199571+00:00,538.6
2021,Massachusetts,MA,PET,Petroleum,megawatts,2026-06-21T19:10:01.199571+00:00,3577.0
2021,Massachusetts,MA,PETGT,Petroleum - GT,megawatts,2026-06-21T19:10:01.199571+00:00,920.8
2021,Massachusetts,MA,PETIC,Petroleum - IC,megawatts,2026-06-21T19:10:01.199571+00:00,226.60000000000002
2021,Massachusetts,MA,PETOTH,Petroleum - OTH,megawatts,2026-06-21T19:10:01.199571+00:00,192.0
2021,Massachusetts,MA,PETST,Petroleum - ST,megawatts,2026-06-21T19:10:01.199571+00:00,2237.6
2021,Massachusetts,MA,HPS,Pumped Storage,megawatts,2026-06-21T19:10:01.199571+00:00,3602.0
2021,Massachusetts,MA,SOL,Solar,megawatts,2026-06-21T19:10:01.199571+00:00,2394.4
2021,Massachusetts,MA,SOLPV,Solar - PV,megawatts,2026-06-21T19:10:01.199571+00:00,2394.4
2021,Massachusetts,MA,WND,Wind,megawatts,2026-06-21T19:10:01.199571+00:00,211.4
2021,Massachusetts,MA,WOO,Wood,megawatts,2026-06-21T19:10:01.199571+00:00,29.8
2021,Michigan,MI,BAT,Battery,megawatts,2026-06-21T19:10:01.199571+00:00,2.6
2021,Michigan,MI,COL,Coal,megawatts,2026-06-21T19:10:01.199571+00:00,16069.8
2021,Michigan,MI,HYC,Hydroelectric,megawatts,2026-06-21T19:10:01.199571+00:00,527.0
2021,Michigan,MI,NG,Natural Gas,megawatts,2026-06-21T19:10:01.199571+00:00,21643.0
2021,Michigan,MI,NGCC,Natural Gas - CC,megawatts,2026-06-21T19:10:01.199571+00:00,8885.2
2021,Michigan,MI,NGGT,Natural Gas - GT,megawatts,2026-06-21T19:10:01.199571+00:00,7696.8
2021,Michigan,MI,NGIC,Natural Gas - IC,megawatts,2026-06-21T19:10:01.199571+00:00,716.8
2021,Michigan,MI,NGST,Natural Gas - ST,megawatts,2026-06-21T19:10:01.199571+00:00,4344.2
2021,Michigan,MI,NUC,Nuclear,megawatts,2026-06-21T19:10:01.199571+00:00,8227.6
2021,Michigan,MI,OBM,Other Biomass,megawatts,2026-06-21T19:10:01.199571+00:00,324.0
2021,Michigan,MI,OOG,Other Gas,megawatts,2026-06-21T19:10:01.199571+00:00,500.0
2021,Michigan,MI,PET,Petroleum,megawatts,2026-06-21T19:10:01.199571+00:00,981.6
2021,Michigan,MI,PETGT,Petroleum - GT,megawatts,2026-06-21T19:10:01.199571+00:00,428.6
2021,Michigan,MI,PETIC,Petroleum - IC,megawatts,2026-06-21T19:10:01.199571+00:00,458.6
2021,Michigan,MI,PETST,Petroleum - ST,megawatts,2026-06-21T19:10:01.199571+00:00,94.4
2021,Michigan,MI,HPS,Pumped Storage,megawatts,2026-06-21T19:10:01.199571+00:00,4287.6
2021,Michigan,MI,SOL,Solar,megawatts,2026-06-21T19:10:01.199571+00:00,706.6
2021,Michigan,MI,SOLPV,Solar - PV,megawatts,2026-06-21T19:10:01.199571+00:00,706.6
2021,Michigan,MI,WND,Wind,megawatts,2026-06-21T19:10:01.199571+00:00,6335.6
2021,Michigan,MI,WOO,Wood,megawatts,2026-06-21T19:10:01.199571+00:00,676.0
2021,Minnesota,MN,BAT,Battery,megawatts,2026-06-21T19:10:01.199571+00:00,30.0
2021,Minnesota,MN,COL,Coal,megawatts,2026-06-21T19:10:01.199571+00:00,8018.2
2021,Minnesota,MN,HYC,Hydroelectric,megawatts,2026-06-21T19:10:01.199571+00:00,429.0
2021,Minnesota,MN,NG,Natural Gas,megawatts,2026-06-21T19:10:01.199571+00:00,11006.6
2021,Minnesota,MN,NGCC,Natural Gas - CC,megawatts,2026-06-21T19:10:01.199571+00:00,5065.8
2021,Minnesota,MN,NGGT,Natural Gas - GT,megawatts,2026-06-21T19:10:01.199571+00:00,5102.8
2021,Minnesota,MN,NGIC,Natural Gas - IC,megawatts,2026-06-21T19:10:01.199571+00:00,470.0
2021,Minnesota,MN,NGST,Natural Gas - ST,megawatts,2026-06-21T19:10:01.199571+00:00,368.0
2021,Minnesota,MN,NUC,Nuclear,megawatts,2026-06-21T19:10:01.199571+00:00,3314.0
2021,Minnesota,MN,OT,Other,megawatts,2026-06-21T19:10:01.199571+00:00,12.2
2021,Minnesota,MN,OBM,Other Biomass,megawatts,2026-06-21T19:10:01.199571+00:00,236.6
2021,Minnesota,MN,PET,Petroleum,megawatts,2026-06-21T19:10:01.199571+00:00,1538.0
2021,Minnesota,MN,PETGT,Petroleum - GT,megawatts,2026-06-21T19:10:01.199571+00:00,707.0
2021,Minnesota,MN,PETIC,Petroleum - IC,megawatts,2026-06-21T19:10:01.199571+00:00,831.0
2021,Minnesota,MN,SOL,Solar,megawatts,2026-06-21T19:10:01.199571+00:00,2187.0
2021,Minnesota,MN,SOLPV,Solar - PV,megawatts,2026-06-21T19:10:01.199571+00:00,2187.0
2021,Minnesota,MN,WND,Wind,megawatts,2026-06-21T19:10:01.199571+00:00,9388.2
2021,Minnesota,MN,WOO,Wood,megawatts,2026-06-21T19:10:01.199571+00:00,412.0
2021,Mississippi,MS,COL,Coal,megawatts,2026-06-21T19:10:01.199571+00:00,2888.0
2021,Mississippi,MS,NG,Natural Gas,megawatts,2026-06-21T19:10:01.199571+00:00,22619.0
2021,Mississippi,MS,NGCC,Natural Gas - CC,megawatts,2026-06-21T19:10:01.199571+00:00,15710.0
2021,Mississippi,MS,NGGT,Natural Gas - GT,megawatts,2026-06-21T19:10:01.199571+00:00,2739.2
2021,Mississippi,MS,NGIC,Natural Gas - IC,megawatts,2026-06-21T19:10:01.199571+00:00,45.2
2021,Mississippi,MS,NGST,Natural Gas - ST,megawatts,2026-06-21T19:10:01.199571+00:00,4124.6
2021,Mississippi,MS,NUC,Nuclear,megawatts,2026-06-21T19:10:01.199571+00:00,2802.0
2021,Mississippi,MS,OT,Other,megawatts,2026-06-21T19:10:01.199571+00:00,2.8
2021,Mississippi,MS,OBM,Other Biomass,megawatts,2026-06-21T19:10:01.199571+00:00,3.2
2021,Mississippi,MS,PET,Petroleum,megawatts,2026-06-21T19:10:01.199571+00:00,18.0
2021,Mississippi,MS,PETIC,Petroleum - IC,megawatts,2026-06-21T19:10:01.199571+00:00,18.0
2021,Mississippi,MS,SOL,Solar,megawatts,2026-06-21T19:10:01.199571+00:00,438.6
2021,Mississippi,MS,SOLPV,Solar - PV,megawatts,2026-06-21T19:10:01.199571+00:00,438.6
2021,Mississippi,MS,WOO,Wood,megawatts,2026-06-21T19:10:01.199571+00:00,438.6
2021,Missouri,MO,BAT,Battery,megawatts,2026-06-21T19:10:01.199571+00:00,4.4
2021,Missouri,MO,COL,Coal,megawatts,2026-06-21T19:10:01.199571+00:00,20484.4
2021,Missouri,MO,HYC,Hydroelectric,megawatts,2026-06-21T19:10:01.199571+00:00,1097.0
2021,Missouri,MO,NG,Natural Gas,megawatts,2026-06-21T19:10:01.199571+00:00,11624.8
2021,Missouri,MO,NGCC,Natural Gas - CC,megawatts,2026-06-21T19:10:01.199571+00:00,3798.0
2021,Missouri,MO,NGGT,Natural Gas - GT,megawatts,2026-06-21T19:10:01.199571+00:00,6689.8
2021,Missouri,MO,NGIC,Natural Gas - IC,megawatts,2026-06-21T19:10:01.199571+00:00,158.8
2021,Missouri,MO,NGST,Natural Gas - ST,megawatts,2026-06-21T19:10:01.199571+00:00,978.2
2021,Missouri,MO,NUC,Nuclear,megawatts,2026-06-21T19:10:01.199571+00:00,2494.0
2021,Missouri,MO,OBM,Other Biomass,megawatts,2026-06-21T19:10:01.199571+00:00,28.2
2021,Missouri,MO,PET,Petroleum,megawatts,2026-06-21T19:10:01.199571+00:00,2226.8
2021,Missouri,MO,PETGT,Petroleum - GT,megawatts,2026-06-21T19:10:01.199571+00:00,1640.6
2021,Missouri,MO,PETIC,Petroleum - IC,megawatts,2026-06-21T19:10:01.199571+00:00,586.2
2021,Missouri,MO,HPS,Pumped Storage,megawatts,2026-06-21T19:10:01.199571+00:00,1314.0
2021,Missouri,MO,SOL,Solar,megawatts,2026-06-21T19:10:01.199571+00:00,152.0
2021,Missouri,MO,SOLPV,Solar - PV,megawatts,2026-06-21T19:10:01.199571+00:00,152.0
2021,Missouri,MO,WND,Wind,megawatts,2026-06-21T19:10:01.199571+00:00,4243.799999999999
2021,Montana,MT,COL,Coal,megawatts,2026-06-21T19:10:01.199571+00:00,3261.0
2021,Montana,MT,HYC,Hydroelectric,megawatts,2026-06-21T19:10:01.199571+00:00,5641.0
2021,Montana,MT,NG,Natural Gas,megawatts,2026-06-21T19:10:01.199571+00:00,776.0
2021,Montana,MT,NGGT,Natural Gas - GT,megawatts,2026-06-21T19:10:01.199571+00:00,631.6
2021,Montana,MT,NGIC,Natural Gas - IC,megawatts,2026-06-21T19:10:01.199571+00:00,144.4
2021,Montana,MT,OT,Other,megawatts,2026-06-21T19:10:01.199571+00:00,80.0
2021,Montana,MT,OBM,Other Biomass,megawatts,2026-06-21T19:10:01.199571+00:00,3.2
2021,Montana,MT,OOG,Other Gas,megawatts,2026-06-21T19:10:01.199571+00:00,3.0
2021,Montana,MT,PET,Petroleum,megawatts,2026-06-21T19:10:01.199571+00:00,104.0
2021,Montana,MT,PETST,Petroleum - ST,megawatts,2026-06-21T19:10:01.199571+00:00,104.0
2021,Montana,MT,SOL,Solar,megawatts,2026-06-21T19:10:01.199571+00:00,34.0
2021,Montana,MT,SOLPV,Solar - PV,megawatts,2026-06-21T19:10:01.199571+00:00,34.0
2021,Montana,MT,WND,Wind,megawatts,2026-06-21T19:10:01.199571+00:00,2225.4
2021,Montana,MT,WOO,Wood,megawatts,2026-06-21T19:10:01.199571+00:00,6.0
2021,Nebraska,NE,BAT,Battery,megawatts,2026-06-21T19:10:01.199571+00:00,5.8
2021,Nebraska,NE,COL,Coal,megawatts,2026-06-21T19:10:01.199571+00:00,7734.0
2021,Nebraska,NE,HYC,Hydroelectric,megawatts,2026-06-21T19:10:01.199571+00:00,559.4
2021,Nebraska,NE,NG,Natural Gas,megawatts,2026-06-21T19:10:01.199571+00:00,3847.0
2021,Nebraska,NE,NGCC,Natural Gas - CC,megawatts,2026-06-21T19:10:01.199571+00:00,677.0
2021,Nebraska,NE,NGGT,Natural Gas - GT,megawatts,2026-06-21T19:10:01.199571+00:00,2155.2
2021,Nebraska,NE,NGIC,Natural Gas - IC,megawatts,2026-06-21T19:10:01.199571+00:00,251.0
2021,Nebraska,NE,NGST,Natural Gas - ST,megawatts,2026-06-21T19:10:01.199571+00:00,763.8
2021,Nebraska,NE,NUC,Nuclear,megawatts,2026-06-21T19:10:01.199571+00:00,1540.0
2021,Nebraska,NE,OBM,Other Biomass,megawatts,2026-06-21T19:10:01.199571+00:00,31.0
2021,Nebraska,NE,PET,Petroleum,megawatts,2026-06-21T19:10:01.199571+00:00,818.6
2021,Nebraska,NE,PETGT,Petroleum - GT,megawatts,2026-06-21T19:10:01.199571+00:00,552.8
2021,Nebraska,NE,PETIC,Petroleum - IC,megawatts,2026-06-21T19:10:01.199571+00:00,265.8
2021,Nebraska,NE,SOL,Solar,megawatts,2026-06-21T19:10:01.199571+00:00,64.2
2021,Nebraska,NE,SOLPV,Solar - PV,megawatts,2026-06-21T19:10:01.199571+00:00,64.2
2021,Nebraska,NE,WND,Wind,megawatts,2026-06-21T19:10:01.199571+00:00,5911.2
2021,Nevada,NV,BAT,Battery,megawatts,2026-06-21T19:10:01.199571+00:00,250.0
2021,Nevada,NV,COL,Coal,megawatts,2026-06-21T19:10:01.199571+00:00,1480.8
2021,Nevada,NV,GEO,Geothermal,megawatts,2026-06-21T19:10:01.199571+00:00,1190.0
2021,Nevada,NV,HYC,Hydroelectric,megawatts,2026-06-21T19:10:01.199571+00:00,2103.4
2021,Nevada,NV,NG,Natural Gas,megawatts,2026-06-21T19:10:01.199571+00:00,14150.4
2021,Nevada,NV,NGCC,Natural Gas - CC,megawatts,2026-06-21T19:10:01.199571+00:00,10890.0
2021,Nevada,NV,NGGT,Natural Gas - GT,megawatts,2026-06-21T19:10:01.199571+00:00,2371.2
2021,Nevada,NV,NGIC,Natural Gas - IC,megawatts,2026-06-21T19:10:01.199571+00:00,221.2
2021,Nevada,NV,NGST,Natural Gas - ST,megawatts,2026-06-21T19:10:01.199571+00:00,668.0
2021,Nevada,NV,OT,Other,megawatts,2026-06-21T19:10:01.199571+00:00,13.0
2021,Nevada,NV,OBM,Other Biomass,megawatts,2026-06-21T19:10:01.199571+00:00,19.6
2021,Nevada,NV,PET,Petroleum,megawatts,2026-06-21T19:10:01.199571+00:00,12.0
2021,Nevada,NV,PETIC,Petroleum - IC,megawatts,2026-06-21T19:10:01.199571+00:00,12.0
2021,Nevada,NV,SOL,Solar,megawatts,2026-06-21T19:10:01.199571+00:00,6207.2
2021,Nevada,NV,SOLPV,Solar - PV,megawatts,2026-06-21T19:10:01.199571+00:00,5850.2
2021,Nevada,NV,SOLTH,Solar - TH,megawatts,2026-06-21T19:10:01.199571+00:00,357.0
2021,Nevada,NV,WND,Wind,megawatts,2026-06-21T19:10:01.199571+00:00,300.0
2021,New Hampshire,NH,COL,Coal,megawatts,2026-06-21T19:10:01.199571+00:00,1067.8
2021,New Hampshire,NH,HYC,Hydroelectric,megawatts,2026-06-21T19:10:01.199571+00:00,1008.0
2021,New Hampshire,NH,NG,Natural Gas,megawatts,2026-06-21T19:10:01.199571+00:00,3285.0
2021,New Hampshire,NH,NGCC,Natural Gas - CC,megawatts,2026-06-21T19:10:01.199571+00:00,2477.0
2021,New Hampshire,NH,NGGT,Natural Gas - GT,megawatts,2026-06-21T19:10:01.199571+00:00,7.6
2021,New Hampshire,NH,NGST,Natural Gas - ST,megawatts,2026-06-21T19:10:01.199571+00:00,800.4
2021,New Hampshire,NH,NUC,Nuclear,megawatts,2026-06-21T19:10:01.199571+00:00,2496.2
2021,New Hampshire,NH,OBM,Other Biomass,megawatts,2026-06-21T19:10:01.199571+00:00,62.2
2021,New Hampshire,NH,PET,Petroleum,megawatts,2026-06-21T19:10:01.199571+00:00,188.0
2021,New Hampshire,NH,PETGT,Petroleum - GT,megawatts,2026-06-21T19:10:01.199571+00:00,164.2
2021,New Hampshire,NH,PETIC,Petroleum - IC,megawatts,2026-06-21T19:10:01.199571+00:00,9.8
2021,New Hampshire,NH,PETST,Petroleum - ST,megawatts,2026-06-21T19:10:01.199571+00:00,14.0
2021,New Hampshire,NH,SOL,Solar,megawatts,2026-06-21T19:10:01.199571+00:00,4.8
2021,New Hampshire,NH,SOLPV,Solar - PV,megawatts,2026-06-21T19:10:01.199571+00:00,4.8
2021,New Hampshire,NH,WND,Wind,megawatts,2026-06-21T19:10:01.199571+00:00,423.8
2021,New Hampshire,NH,WOO,Wood,megawatts,2026-06-21T19:10:01.199571+00:00,389.4
2021,New Jersey,NJ,BAT,Battery,megawatts,2026-06-21T19:10:01.199571+00:00,85.4
2021,New Jersey,NJ,COL,Coal,megawatts,2026-06-21T19:10:01.199571+00:00,926.0
2021,New Jersey,NJ,HYC,Hydroelectric,megawatts,2026-06-21T19:10:01.199571+00:00,24.6
2021,New Jersey,NJ,NG,Natural Gas,megawatts,2026-06-21T19:10:01.199571+00:00,23406.2
2021,New Jersey,NJ,NGCC,Natural Gas - CC,megawatts,2026-06-21T19:10:01.199571+00:00,17176.8
2021,New Jersey,NJ,NGGT,Natural Gas - GT,megawatts,2026-06-21T19:10:01.199571+00:00,6078.0
2021,New Jersey,NJ,NGIC,Natural Gas - IC,megawatts,2026-06-21T19:10:01.199571+00:00,83.2
2021,New Jersey,NJ,NGOTH,Natural Gas - OTH,megawatts,2026-06-21T19:10:01.199571+00:00,25.2
2021,New Jersey,NJ,NGST,Natural Gas - ST,megawatts,2026-06-21T19:10:01.199571+00:00,43.0
2021,New Jersey,NJ,NUC,Nuclear,megawatts,2026-06-21T19:10:01.199571+00:00,6913.4
2021,New Jersey,NJ,OT,Other,megawatts,2026-06-21T19:10:01.199571+00:00,22.4
2021,New Jersey,NJ,OBM,Other Biomass,megawatts,2026-06-21T19:10:01.199571+00:00,387.6
2021,New Jersey,NJ,OOG,Other Gas,megawatts,2026-06-21T19:10:01.199571+00:00,58.0
2021,New Jersey,NJ,PET,Petroleum,megawatts,2026-06-21T19:10:01.199571+00:00,215.4
2021,New Jersey,NJ,PETGT,Petroleum - GT,megawatts,2026-06-21T19:10:01.199571+00:00,122.6
2021,New Jersey,NJ,PETIC,Petroleum - IC,megawatts,2026-06-21T19:10:01.199571+00:00,69.6
2021,New Jersey,NJ,PETOTH,Petroleum - OTH,megawatts,2026-06-21T19:10:01.199571+00:00,23.2
2021,New Jersey,NJ,HPS,Pumped Storage,megawatts,2026-06-21T19:10:01.199571+00:00,840.0
2021,New Jersey,NJ,SOL,Solar,megawatts,2026-06-21T19:10:01.199571+00:00,2048.0
2021,New Jersey,NJ,SOLPV,Solar - PV,megawatts,2026-06-21T19:10:01.199571+00:00,2048.0
2021,New Jersey,NJ,WND,Wind,megawatts,2026-06-21T19:10:01.199571+00:00,15.2
2021,New Mexico,NM,BAT,Battery,megawatts,2026-06-21T19:10:01.199571+00:00,3.6
2021,New Mexico,NM,COL,Coal,megawatts,2026-06-21T19:10:01.199571+00:00,4774.0
2021,New Mexico,NM,GEO,Geothermal,megawatts,2026-06-21T19:10:01.199571+00:00,17.2
2021,New Mexico,NM,HYC,Hydroelectric,megawatts,2026-06-21T19:10:01.199571+00:00,165.4
2021,New Mexico,NM,NG,Natural Gas,megawatts,2026-06-21T19:10:01.199571+00:00,6256.8
2021,New Mexico,NM,NGCC,Natural Gas - CC,megawatts,2026-06-21T19:10:01.199571+00:00,2968.2
2021,New Mexico,NM,NGGT,Natural Gas - GT,megawatts,2026-06-21T19:10:01.199571+00:00,1609.2
2021,New Mexico,NM,NGIC,Natural Gas - IC,megawatts,2026-06-21T19:10:01.199571+00:00,95.4
2021,New Mexico,NM,NGST,Natural Gas - ST,megawatts,2026-06-21T19:10:01.199571+00:00,1584.0
2021,New Mexico,NM,OT,Other,megawatts,2026-06-21T19:10:01.199571+00:00,1.4
2021,New Mexico,NM,OBM,Other Biomass,megawatts,2026-06-21T19:10:01.199571+00:00,10.8
2021,New Mexico,NM,PET,Petroleum,megawatts,2026-06-21T19:10:01.199571+00:00,373.4
2021,New Mexico,NM,PETGT,Petroleum - GT,megawatts,2026-06-21T19:10:01.199571+00:00,315.4
2021,New Mexico,NM,PETIC,Petroleum - IC,megawatts,2026-06-21T19:10:01.199571+00:00,58.0
2021,New Mexico,NM,SOL,Solar,megawatts,2026-06-21T19:10:01.199571+00:00,1477.4
2021,New Mexico,NM,SOLPV,Solar - PV,megawatts,2026-06-21T19:10:01.199571+00:00,1477.4
2021,New Mexico,NM,WND,Wind,megawatts,2026-06-21T19:10:01.199571+00:00,8531.8
2021,New York,NY,BAT,Battery,megawatts,2026-06-21T19:10:01.199571+00:00,129.6
2021,New York,NY,COL,Coal,megawatts,2026-06-21T19:10:01.199571+00:00,890.0
2021,New York,NY,HYC,Hydroelectric,megawatts,2026-06-21T19:10:01.199571+00:00,9131.6
2021,New York,NY,NG,Natural Gas,megawatts,2026-06-21T19:10:01.199571+00:00,45838.6
2021,New York,NY,NGCC,Natural Gas - CC,megawatts,2026-06-21T19:10:01.199571+00:00,19893.800000000003
2021,New York,NY,NGGT,Natural Gas - GT,megawatts,2026-06-21T19:10:01.199571+00:00,6179.0
2021,New York,NY,NGIC,Natural Gas - IC,megawatts,2026-06-21T19:10:01.199571+00:00,107.4
2021,New York,NY,NGOTH,Natural Gas - OTH,megawatts,2026-06-21T19:10:01.199571+00:00,82.0
2021,New York,NY,NGST,Natural Gas - ST,megawatts,2026-06-21T19:10:01.199571+00:00,19576.4
2021,New York,NY,NUC,Nuclear,megawatts,2026-06-21T19:10:01.199571+00:00,6682.6
2021,New York,NY,OT,Other,megawatts,2026-06-21T19:10:01.199571+00:00,40.0
2021,New York,NY,OBM,Other Biomass,megawatts,2026-06-21T19:10:01.199571+00:00,762.6
2021,New York,NY,PET,Petroleum,megawatts,2026-06-21T19:10:01.199571+00:00,7106.4
2021,New York,NY,PETGT,Petroleum - GT,megawatts,2026-06-21T19:10:01.199571+00:00,3180.8
2021,New York,NY,PETIC,Petroleum - IC,megawatts,2026-06-21T19:10:01.199571+00:00,663.2
2021,New York,NY,PETST,Petroleum - ST,megawatts,2026-06-21T19:10:01.199571+00:00,3262.4
2021,New York,NY,HPS,Pumped Storage,megawatts,2026-06-21T19:10:01.199571+00:00,2813.6
2021,New York,NY,SOL,Solar,megawatts,2026-06-21T19:10:01.199571+00:00,1848.6
2021,New York,NY,SOLPV,Solar - PV,megawatts,2026-06-21T19:10:01.199571+00:00,1848.6
2021,New York,NY,WND,Wind,megawatts,2026-06-21T19:10:01.199571+00:00,4379.6
2021,New York,NY,WOO,Wood,megawatts,2026-06-21T19:10:01.199571+00:00,156.0
2021,North Carolina,NC,BAT,Battery,megawatts,2026-06-21T19:10:01.199571+00:00,43.2
2021,North Carolina,NC,COL,Coal,megawatts,2026-06-21T19:10:01.199571+00:00,18517.4
2021,North Carolina,NC,HYC,Hydroelectric,megawatts,2026-06-21T19:10:01.199571+00:00,4011.4
2021,North Carolina,NC,NG,Natural Gas,megawatts,2026-06-21T19:10:01.199571+00:00,23115.0
2021,North Carolina,NC,NGCC,Natural Gas - CC,megawatts,2026-06-21T19:10:01.199571+00:00,11108.0
2021,North Carolina,NC,NGGT,Natural Gas - GT,megawatts,2026-06-21T19:10:01.199571+00:00,12005.0
2021,North Carolina,NC,NGST,Natural Gas - ST,megawatts,2026-06-21T19:10:01.199571+00:00,2.0
2021,North Carolina,NC,NUC,Nuclear,megawatts,2026-06-21T19:10:01.199571+00:00,10299.2
2021,North Carolina,NC,OT,Other,megawatts,2026-06-21T19:10:01.199571+00:00,108.0
2021,North Carolina,NC,OBM,Other Biomass,megawatts,2026-06-21T19:10:01.199571+00:00,154.0
2021,North Carolina,NC,PET,Petroleum,megawatts,2026-06-21T19:10:01.199571+00:00,1004.0
2021,North Carolina,NC,PETGT,Petroleum - GT,megawatts,2026-06-21T19:10:01.199571+00:00,352.0
2021,North Carolina,NC,PETIC,Petroleum - IC,megawatts,2026-06-21T19:10:01.199571+00:00,322.0
2021,North Carolina,NC,PETOTH,Petroleum - OTH,megawatts,2026-06-21T19:10:01.199571+00:00,330.0
2021,North Carolina,NC,HPS,Pumped Storage,megawatts,2026-06-21T19:10:01.199571+00:00,172.0
2021,North Carolina,NC,SOL,Solar,megawatts,2026-06-21T19:10:01.199571+00:00,11466.0
2021,North Carolina,NC,SOLPV,Solar - PV,megawatts,2026-06-21T19:10:01.199571+00:00,11466.0
2021,North Carolina,NC,WND,Wind,megawatts,2026-06-21T19:10:01.199571+00:00,416.0
2021,North Carolina,NC,WOO,Wood,megawatts,2026-06-21T19:10:01.199571+00:00,734.6
2021,North Dakota,ND,COL,Coal,megawatts,2026-06-21T19:10:01.199571+00:00,8037.0
2021,North Dakota,ND,HYC,Hydroelectric,megawatts,2026-06-21T19:10:01.199571+00:00,1020.0
2021,North Dakota,ND,NG,Natural Gas,megawatts,2026-06-21T19:10:01.199571+00:00,1121.6
2021,North Dakota,ND,NGGT,Natural Gas - GT,megawatts,2026-06-21T19:10:01.199571+00:00,908.0
2021,North Dakota,ND,NGIC,Natural Gas - IC,megawatts,2026-06-21T19:10:01.199571+00:00,213.6
2021,North Dakota,ND,OT,Other,megawatts,2026-06-21T19:10:01.199571+00:00,10.6
2021,North Dakota,ND,OBM,Other Biomass,megawatts,2026-06-21T19:10:01.199571+00:00,19.6
2021,North Dakota,ND,OOG,Other Gas,megawatts,2026-06-21T19:10:01.199571+00:00,16.8
2021,North Dakota,ND,PET,Petroleum,megawatts,2026-06-21T19:10:01.199571+00:00,126.4
2021,North Dakota,ND,PETGT,Petroleum - GT,megawatts,2026-06-21T19:10:01.199571+00:00,83.4
2021,North Dakota,ND,PETIC,Petroleum - IC,megawatts,2026-06-21T19:10:01.199571+00:00,43.0
2021,North Dakota,ND,WND,Wind,megawatts,2026-06-21T19:10:01.199571+00:00,8653.4
2021,Ohio,OH,BAT,Battery,megawatts,2026-06-21T19:10:01.199571+00:00,53.6
2021,Ohio,OH,COL,Coal,megawatts,2026-06-21T19:10:01.199571+00:00,20023.0
2021,Ohio,OH,HYC,Hydroelectric,megawatts,2026-06-21T19:10:01.199571+00:00,203.8
2021,Ohio,OH,NG,Natural Gas,megawatts,2026-06-21T19:10:01.199571+00:00,28928.800000000003
2021,Ohio,OH,NGCC,Natural Gas - CC,megawatts,2026-06-21T19:10:01.199571+00:00,17530.4
2021,Ohio,OH,NGGT,Natural Gas - GT,megawatts,2026-06-21T19:10:01.199571+00:00,11192.4
2021,Ohio,OH,NGIC,Natural Gas - IC,megawatts,2026-06-21T19:10:01.199571+00:00,74.8
2021,Ohio,OH,NGST,Natural Gas - ST,megawatts,2026-06-21T19:10:01.199571+00:00,131.2
2021,Ohio,OH,NUC,Nuclear,megawatts,2026-06-21T19:10:01.199571+00:00,4268.0
2021,Ohio,OH,OBM,Other Biomass,megawatts,2026-06-21T19:10:01.199571+00:00,185.0
2021,Ohio,OH,OOG,Other Gas,megawatts,2026-06-21T19:10:01.199571+00:00,358.2
2021,Ohio,OH,PET,Petroleum,megawatts,2026-06-21T19:10:01.199571+00:00,1301.4
2021,Ohio,OH,PETGT,Petroleum - GT,megawatts,2026-06-21T19:10:01.199571+00:00,628.0
2021,Ohio,OH,PETIC,Petroleum - IC,megawatts,2026-06-21T19:10:01.199571+00:00,383.4
2021,Ohio,OH,PETOTH,Petroleum - OTH,megawatts,2026-06-21T19:10:01.199571+00:00,12.0
2021,Ohio,OH,PETST,Petroleum - ST,megawatts,2026-06-21T19:10:01.199571+00:00,278.0
2021,Ohio,OH,SOL,Solar,megawatts,2026-06-21T19:10:01.199571+00:00,959.6
2021,Ohio,OH,SOLPV,Solar - PV,megawatts,2026-06-21T19:10:01.199571+00:00,959.6
2021,Ohio,OH,WND,Wind,megawatts,2026-06-21T19:10:01.199571+00:00,2194.6
2021,Ohio,OH,WOO,Wood,megawatts,2026-06-21T19:10:01.199571+00:00,89.2
2021,Oklahoma,OK,BAT,Battery,megawatts,2026-06-21T19:10:01.199571+00:00,20.0
2021,Oklahoma,OK,COL,Coal,megawatts,2026-06-21T19:10:01.199571+00:00,6494.0
2021,Oklahoma,OK,HYC,Hydroelectric,megawatts,2026-06-21T19:10:01.199571+00:00,1681.2
2021,Oklahoma,OK,NG,Natural Gas,megawatts,2026-06-21T19:10:01.199571+00:00,29726.6
2021,Oklahoma,OK,NGCC,Natural Gas - CC,megawatts,2026-06-21T19:10:01.199571+00:00,14679.8
2021,Oklahoma,OK,NGGT,Natural Gas - GT,megawatts,2026-06-21T19:10:01.199571+00:00,3272.6
2021,Oklahoma,OK,NGIC,Natural Gas - IC,megawatts,2026-06-21T19:10:01.199571+00:00,147.60000000000002
2021,Oklahoma,OK,NGST,Natural Gas - ST,megawatts,2026-06-21T19:10:01.199571+00:00,11626.6
2021,Oklahoma,OK,OBM,Other Biomass,megawatts,2026-06-21T19:10:01.199571+00:00,36.8
2021,Oklahoma,OK,PET,Petroleum,megawatts,2026-06-21T19:10:01.199571+00:00,148.8
2021,Oklahoma,OK,PETIC,Petroleum - IC,megawatts,2026-06-21T19:10:01.199571+00:00,148.8
2021,Oklahoma,OK,HPS,Pumped Storage,megawatts,2026-06-21T19:10:01.199571+00:00,516.0
2021,Oklahoma,OK,SOL,Solar,megawatts,2026-06-21T19:10:01.199571+00:00,85.0
2021,Oklahoma,OK,SOLPV,Solar - PV,megawatts,2026-06-21T19:10:01.199571+00:00,85.0
2021,Oklahoma,OK,WND,Wind,megawatts,2026-06-21T19:10:01.199571+00:00,20823.6
2021,Oklahoma,OK,WOO,Wood,megawatts,2026-06-21T19:10:01.199571+00:00,115.6
2021,Oregon,OR,BAT,Battery,megawatts,2026-06-21T19:10:01.199571+00:00,10.0
2021,Oregon,OR,GEO,Geothermal,megawatts,2026-06-21T19:10:01.199571+00:00,39.0
2021,Oregon,OR,HYC,Hydroelectric,megawatts,2026-06-21T19:10:01.199571+00:00,16668.8
2021,Oregon,OR,NG,Natural Gas,megawatts,2026-06-21T19:10:01.199571+00:00,7496.8
2021,Oregon,OR,NGCC,Natural Gas - CC,megawatts,2026-06-21T19:10:01.199571+00:00,6790.4
2021,Oregon,OR,NGGT,Natural Gas - GT,megawatts,2026-06-21T19:10:01.199571+00:00,248.0
2021,Oregon,OR,NGIC,Natural Gas - IC,megawatts,2026-06-21T19:10:01.199571+00:00,458.4
2021,Oregon,OR,OBM,Other Biomass,megawatts,2026-06-21T19:10:01.199571+00:00,105.19999999999999
2021,Oregon,OR,PET,Petroleum,megawatts,2026-06-21T19:10:01.199571+00:00,13.2
2021,Oregon,OR,PETIC,Petroleum - IC,megawatts,2026-06-21T19:10:01.199571+00:00,13.2
2021,Oregon,OR,SOL,Solar,megawatts,2026-06-21T19:10:01.199571+00:00,1452.8000000000002
2021,Oregon,OR,SOLPV,Solar - PV,megawatts,2026-06-21T19:10:01.199571+00:00,1452.8000000000002
2021,Oregon,OR,WND,Wind,megawatts,2026-06-21T19:10:01.199571+00:00,7531.6
2021,Oregon,OR,WOO,Wood,megawatts,2026-06-21T19:10:01.199571+00:00,517.4
2021,Pennsylvania,PA,BAT,Battery,megawatts,2026-06-21T19:10:01.199571+00:00,69.2
2021,Pennsylvania,PA,COL,Coal,megawatts,2026-06-21T19:10:01.199571+00:00,19999.2
2021,Pennsylvania,PA,HYC,Hydroelectric,megawatts,2026-06-21T19:10:01.199571+00:00,1859.2
2021,Pennsylvania,PA,NG,Natural Gas,megawatts,2026-06-21T19:10:01.199571+00:00,48937.2
2021,Pennsylvania,PA,NGCC,Natural Gas - CC,megawatts,2026-06-21T19:10:01.199571+00:00,37593.4
2021,Pennsylvania,PA,NGGT,Natural Gas - GT,megawatts,2026-06-21T19:10:01.199571+00:00,3906.4
2021,Pennsylvania,PA,NGIC,Natural Gas - IC,megawatts,2026-06-21T19:10:01.199571+00:00,509.20000000000005
2021,Pennsylvania,PA,NGST,Natural Gas - ST,megawatts,2026-06-21T19:10:01.199571+00:00,6928.2
2021,Pennsylvania,PA,NUC,Nuclear,megawatts,2026-06-21T19:10:01.199571+00:00,18186.4
2021,Pennsylvania,PA,OT,Other,megawatts,2026-06-21T19:10:01.199571+00:00,40.0
2021,Pennsylvania,PA,OBM,Other Biomass,megawatts,2026-06-21T19:10:01.199571+00:00,739.2
2021,Pennsylvania,PA,OOG,Other Gas,megawatts,2026-06-21T19:10:01.199571+00:00,171.8
2021,Pennsylvania,PA,PET,Petroleum,megawatts,2026-06-21T19:10:01.199571+00:00,3096.8
2021,Pennsylvania,PA,PETGT,Petroleum - GT,megawatts,2026-06-21T19:10:01.199571+00:00,2959.4
2021,Pennsylvania,PA,PETIC,Petroleum - IC,megawatts,2026-06-21T19:10:01.199571+00:00,137.4
2021,Pennsylvania,PA,HPS,Pumped Storage,megawatts,2026-06-21T19:10:01.199571+00:00,3044.0
2021,Pennsylvania,PA,SOL,Solar,megawatts,2026-06-21T19:10:01.199571+00:00,309.4
2021,Pennsylvania,PA,SOLPV,Solar - PV,megawatts,2026-06-21T19:10:01.199571+00:00,309.4
2021,Pennsylvania,PA,WND,Wind,megawatts,2026-06-21T19:10:01.199571+00:00,2920.0
2021,Pennsylvania,PA,WOO,Wood,megawatts,2026-06-21T19:10:01.199571+00:00,160.4
2021,Rhode Island,RI,HYC,Hydroelectric,megawatts,2026-06-21T19:10:01.199571+00:00,5.4
2021,Rhode Island,RI,NG,Natural Gas,megawatts,2026-06-21T19:10:01.199571+00:00,3546.0
2021,Rhode Island,RI,NGCC,Natural Gas - CC,megawatts,2026-06-21T19:10:01.199571+00:00,3470.4
2021,Rhode Island,RI,NGGT,Natural Gas - GT,megawatts,2026-06-21T19:10:01.199571+00:00,24.8
2021,Rhode Island,RI,NGIC,Natural Gas - IC,megawatts,2026-06-21T19:10:01.199571+00:00,29.0
2021,Rhode Island,RI,NGST,Natural Gas - ST,megawatts,2026-06-21T19:10:01.199571+00:00,21.8
2021,Rhode Island,RI,OBM,Other Biomass,megawatts,2026-06-21T19:10:01.199571+00:00,80.2
2021,Rhode Island,RI,PET,Petroleum,megawatts,2026-06-21T19:10:01.199571+00:00,14.2
2021,Rhode Island,RI,PETIC,Petroleum - IC,megawatts,2026-06-21T19:10:01.199571+00:00,14.2
2021,Rhode Island,RI,SOL,Solar,megawatts,2026-06-21T19:10:01.199571+00:00,461.8
2021,Rhode Island,RI,SOLPV,Solar - PV,megawatts,2026-06-21T19:10:01.199571+00:00,461.8
2021,Rhode Island,RI,WND,Wind,megawatts,2026-06-21T19:10:01.199571+00:00,154.6
2021,South Carolina,SC,BAT,Battery,megawatts,2026-06-21T19:10:01.199571+00:00,8.0
2021,South Carolina,SC,COL,Coal,megawatts,2026-06-21T19:10:01.199571+00:00,9578.0
2021,South Carolina,SC,HYC,Hydroelectric,megawatts,2026-06-21T19:10:01.199571+00:00,2623.8
2021,South Carolina,SC,NG,Natural Gas,megawatts,2026-06-21T19:10:01.199571+00:00,13541.8
2021,South Carolina,SC,NGCC,Natural Gas - CC,megawatts,2026-06-21T19:10:01.199571+00:00,6392.0
2021,South Carolina,SC,NGGT,Natural Gas - GT,megawatts,2026-06-21T19:10:01.199571+00:00,5249.8
2021,South Carolina,SC,NGST,Natural Gas - ST,megawatts,2026-06-21T19:10:01.199571+00:00,1900.0
2021,South Carolina,SC,NUC,Nuclear,megawatts,2026-06-21T19:10:01.199571+00:00,13200.8
2021,South Carolina,SC,OBM,Other Biomass,megawatts,2026-06-21T19:10:01.199571+00:00,92.2
2021,South Carolina,SC,PET,Petroleum,megawatts,2026-06-21T19:10:01.199571+00:00,455.2
2021,South Carolina,SC,PETGT,Petroleum - GT,megawatts,2026-06-21T19:10:01.199571+00:00,336.0
2021,South Carolina,SC,PETIC,Petroleum - IC,megawatts,2026-06-21T19:10:01.199571+00:00,119.2
2021,South Carolina,SC,HPS,Pumped Storage,megawatts,2026-06-21T19:10:01.199571+00:00,5752.0
2021,South Carolina,SC,SOL,Solar,megawatts,2026-06-21T19:10:01.199571+00:00,2268.6
2021,South Carolina,SC,SOLPV,Solar - PV,megawatts,2026-06-21T19:10:01.199571+00:00,2268.6
2021,South Carolina,SC,WOO,Wood,megawatts,2026-06-21T19:10:01.199571+00:00,1015.2
2021,South Dakota,SD,BAT,Battery,megawatts,2026-06-21T19:10:01.199571+00:00,1.6
2021,South Dakota,SD,COL,Coal,megawatts,2026-06-21T19:10:01.199571+00:00,948.0
2021,South Dakota,SD,HYC,Hydroelectric,megawatts,2026-06-21T19:10:01.199571+00:00,3196.0
2021,South Dakota,SD,NG,Natural Gas,megawatts,2026-06-21T19:10:01.199571+00:00,2437.4
2021,South Dakota,SD,NGCC,Natural Gas - CC,megawatts,2026-06-21T19:10:01.199571+00:00,590.0
2021,South Dakota,SD,NGGT,Natural Gas - GT,megawatts,2026-06-21T19:10:01.199571+00:00,1815.0
2021,South Dakota,SD,NGIC,Natural Gas - IC,megawatts,2026-06-21T19:10:01.199571+00:00,17.4
2021,South Dakota,SD,NGST,Natural Gas - ST,megawatts,2026-06-21T19:10:01.199571+00:00,15.0
2021,South Dakota,SD,PET,Petroleum,megawatts,2026-06-21T19:10:01.199571+00:00,430.2
2021,South Dakota,SD,PETGT,Petroleum - GT,megawatts,2026-06-21T19:10:01.199571+00:00,370.8
2021,South Dakota,SD,PETIC,Petroleum - IC,megawatts,2026-06-21T19:10:01.199571+00:00,59.4
2021,South Dakota,SD,SOL,Solar,megawatts,2026-06-21T19:10:01.199571+00:00,2.0
2021,South Dakota,SD,SOLPV,Solar - PV,megawatts,2026-06-21T19:10:01.199571+00:00,2.0
2021,South Dakota,SD,WND,Wind,megawatts,2026-06-21T19:10:01.199571+00:00,5534.4
2021,South Dakota,SD,WOO,Wood,megawatts,2026-06-21T19:10:01.199571+00:00,10.8
2021,Tennessee,TN,COL,Coal,megawatts,2026-06-21T19:10:01.199571+00:00,11680.6
2021,Tennessee,TN,HYC,Hydroelectric,megawatts,2026-06-21T19:10:01.199571+00:00,5217.2
2021,Tennessee,TN,NG,Natural Gas,megawatts,2026-06-21T19:10:01.199571+00:00,12707.6
2021,Tennessee,TN,NGCC,Natural Gas - CC,megawatts,2026-06-21T19:10:01.199571+00:00,4910.2
2021,Tennessee,TN,NGGT,Natural Gas - GT,megawatts,2026-06-21T19:10:01.199571+00:00,7665.0
2021,Tennessee,TN,NGIC,Natural Gas - IC,megawatts,2026-06-21T19:10:01.199571+00:00,6.4
2021,Tennessee,TN,NGST,Natural Gas - ST,megawatts,2026-06-21T19:10:01.199571+00:00,126.0
2021,Tennessee,TN,NUC,Nuclear,megawatts,2026-06-21T19:10:01.199571+00:00,9045.4
2021,Tennessee,TN,OBM,Other Biomass,megawatts,2026-06-21T19:10:01.199571+00:00,28.4
2021,Tennessee,TN,PET,Petroleum,megawatts,2026-06-21T19:10:01.199571+00:00,86.4
2021,Tennessee,TN,PETIC,Petroleum - IC,megawatts,2026-06-21T19:10:01.199571+00:00,86.4
2021,Tennessee,TN,HPS,Pumped Storage,megawatts,2026-06-21T19:10:01.199571+00:00,3232.6
2021,Tennessee,TN,SOL,Solar,megawatts,2026-06-21T19:10:01.199571+00:00,382.2
2021,Tennessee,TN,SOLPV,Solar - PV,megawatts,2026-06-21T19:10:01.199571+00:00,382.2
2021,Tennessee,TN,WND,Wind,megawatts,2026-06-21T19:10:01.199571+00:00,58.2
2021,Tennessee,TN,WOO,Wood,megawatts,2026-06-21T19:10:01.199571+00:00,364.0
2021,Texas,TX,BAT,Battery,megawatts,2026-06-21T19:10:01.199571+00:00,1583.8
2021,Texas,TX,COL,Coal,megawatts,2026-06-21T19:10:01.199571+00:00,36283.2
2021,Texas,TX,HYC,Hydroelectric,megawatts,2026-06-21T19:10:01.199571+00:00,1412.1999999999998
2021,Texas,TX,NG,Natural Gas,megawatts,2026-06-21T19:10:01.199571+00:00,141803.2
2021,Texas,TX,NGCC,Natural Gas - CC,megawatts,2026-06-21T19:10:01.199571+00:00,84524.2
2021,Texas,TX,NGGT,Natural Gas - GT,megawatts,2026-06-21T19:10:01.199571+00:00,21787.4
2021,Texas,TX,NGIC,Natural Gas - IC,megawatts,2026-06-21T19:10:01.199571+00:00,2032.0
2021,Texas,TX,NGST,Natural Gas - ST,megawatts,2026-06-21T19:10:01.199571+00:00,33459.6
2021,Texas,TX,NUC,Nuclear,megawatts,2026-06-21T19:10:01.199571+00:00,9960.0
2021,Texas,TX,OT,Other,megawatts,2026-06-21T19:10:01.199571+00:00,448.0
2021,Texas,TX,OBM,Other Biomass,megawatts,2026-06-21T19:10:01.199571+00:00,131.4
2021,Texas,TX,OOG,Other Gas,megawatts,2026-06-21T19:10:01.199571+00:00,359.6
2021,Texas,TX,PET,Petroleum,megawatts,2026-06-21T19:10:01.199571+00:00,486.20000000000005
2021,Texas,TX,PETIC,Petroleum - IC,megawatts,2026-06-21T19:10:01.199571+00:00,358.6
2021,Texas,TX,PETST,Petroleum - ST,megawatts,2026-06-21T19:10:01.199571+00:00,127.6
2021,Texas,TX,SOL,Solar,megawatts,2026-06-21T19:10:01.199571+00:00,17676.0
2021,Texas,TX,SOLPV,Solar - PV,megawatts,2026-06-21T19:10:01.199571+00:00,17676.0
2021,Texas,TX,WND,Wind,megawatts,2026-06-21T19:10:01.199571+00:00,68740.6
2021,Texas,TX,WOO,Wood,megawatts,2026-06-21T19:10:01.199571+00:00,618.4
2021,United States,US,BAT,Battery,megawatts,2026-06-21T19:10:01.199571+00:00,9493.4
2021,United States,US,COL,Coal,megawatts,2026-06-21T19:10:01.199571+00:00,419651.4
2021,United States,US,GEO,Geothermal,megawatts,2026-06-21T19:10:01.199571+00:00,5193.4
2021,United States,US,HYC,Hydroelectric,megawatts,2026-06-21T19:10:01.199571+00:00,159819.4
2021,United States,US,NG,Natural Gas,megawatts,2026-06-21T19:10:01.199571+00:00,983740.4
2021,United States,US,NGCC,Natural Gas - CC,megawatts,2026-06-21T19:10:01.199571+00:00,560095.0
2021,United States,US,NGGT,Natural Gas - GT,megawatts,2026-06-21T19:10:01.199571+00:00,264812.8
2021,United States,US,NGIC,Natural Gas - IC,megawatts,2026-06-21T19:10:01.199571+00:00,10455.4
2021,United States,US,NGOTH,Natural Gas - OTH,megawatts,2026-06-21T19:10:01.199571+00:00,810.0
2021,United States,US,NGST,Natural Gas - ST,megawatts,2026-06-21T19:10:01.199571+00:00,147567.2
2021,United States,US,NUC,Nuclear,megawatts,2026-06-21T19:10:01.199571+00:00,191092.8
2021,United States,US,OT,Other,megawatts,2026-06-21T19:10:01.199571+00:00,3129.2
2021,United States,US,OBM,Other Biomass,megawatts,2026-06-21T19:10:01.199571+00:00,8938.4
2021,United States,US,OOG,Other Gas,megawatts,2026-06-21T19:10:01.199571+00:00,3776.0
2021,United States,US,PET,Petroleum,megawatts,2026-06-21T19:10:01.199571+00:00,56411.0
2021,United States,US,PETGT,Petroleum - GT,megawatts,2026-06-21T19:10:01.199571+00:00,27378.2
2021,United States,US,PETIC,Petroleum - IC,megawatts,2026-06-21T19:10:01.199571+00:00,11029.4
2021,United States,US,PETOTH,Petroleum - OTH,megawatts,2026-06-21T19:10:01.199571+00:00,1656.4
2021,United States,US,PETST,Petroleum - ST,megawatts,2026-06-21T19:10:01.199571+00:00,16347.0
2021,United States,US,HPS,Pumped Storage,megawatts,2026-06-21T19:10:01.199571+00:00,46015.4
2021,United States,US,SOL,Solar,megawatts,2026-06-21T19:10:01.199571+00:00,123100.2
2021,United States,US,SOLPV,Solar - PV,megawatts,2026-06-21T19:10:01.199571+00:00,120140.2
2021,United States,US,SOLTH,Solar - TH,megawatts,2026-06-21T19:10:01.199571+00:00,2960.0
2021,United States,US,WND,Wind,megawatts,2026-06-21T19:10:01.199571+00:00,265506.8
2021,United States,US,WOO,Wood,megawatts,2026-06-21T19:10:01.199571+00:00,15846.4
2021,Utah,UT,COL,Coal,megawatts,2026-06-21T19:10:01.199571+00:00,9162.0
2021,Utah,UT,GEO,Geothermal,megawatts,2026-06-21T19:10:01.199571+00:00,141.4
2021,Utah,UT,HYC,Hydroelectric,megawatts,2026-06-21T19:10:01.199571+00:00,519.4
2021,Utah,UT,NG,Natural Gas,megawatts,2026-06-21T19:10:01.199571+00:00,5361.0
2021,Utah,UT,NGCC,Natural Gas - CC,megawatts,2026-06-21T19:10:01.199571+00:00,3660.0
2021,Utah,UT,NGGT,Natural Gas - GT,megawatts,2026-06-21T19:10:01.199571+00:00,1069.2
2021,Utah,UT,NGIC,Natural Gas - IC,megawatts,2026-06-21T19:10:01.199571+00:00,156.8
2021,Utah,UT,NGST,Natural Gas - ST,megawatts,2026-06-21T19:10:01.199571+00:00,475.0
2021,Utah,UT,OT,Other,megawatts,2026-06-21T19:10:01.199571+00:00,80.4
2021,Utah,UT,OBM,Other Biomass,megawatts,2026-06-21T19:10:01.199571+00:00,25.6
2021,Utah,UT,PET,Petroleum,megawatts,2026-06-21T19:10:01.199571+00:00,55.6
2021,Utah,UT,PETIC,Petroleum - IC,megawatts,2026-06-21T19:10:01.199571+00:00,55.6
2021,Utah,UT,SOL,Solar,megawatts,2026-06-21T19:10:01.199571+00:00,2911.6
2021,Utah,UT,SOLPV,Solar - PV,megawatts,2026-06-21T19:10:01.199571+00:00,2911.4
2021,Utah,UT,SOLTH,Solar - TH,megawatts,2026-06-21T19:10:01.199571+00:00,0.2
2021,Utah,UT,WND,Wind,megawatts,2026-06-21T19:10:01.199571+00:00,779.4
2021,Vermont,VT,BAT,Battery,megawatts,2026-06-21T19:10:01.199571+00:00,21.8
2021,Vermont,VT,HYC,Hydroelectric,megawatts,2026-06-21T19:10:01.199571+00:00,662.5999999999999
2021,Vermont,VT,OBM,Other Biomass,megawatts,2026-06-21T19:10:01.199571+00:00,18.2
2021,Vermont,VT,PET,Petroleum,megawatts,2026-06-21T19:10:01.199571+00:00,252.0
2021,Vermont,VT,PETGT,Petroleum - GT,megawatts,2026-06-21T19:10:01.199571+00:00,237.6
2021,Vermont,VT,PETIC,Petroleum - IC,megawatts,2026-06-21T19:10:01.199571+00:00,14.4
2021,Vermont,VT,SOL,Solar,megawatts,2026-06-21T19:10:01.199571+00:00,267.4
2021,Vermont,VT,SOLPV,Solar - PV,megawatts,2026-06-21T19:10:01.199571+00:00,267.4
2021,Vermont,VT,WND,Wind,megawatts,2026-06-21T19:10:01.199571+00:00,300.4
2021,Vermont,VT,WOO,Wood,megawatts,2026-06-21T19:10:01.199571+00:00,145.4
2021,Virginia,VA,COL,Coal,megawatts,2026-06-21T19:10:01.199571+00:00,5072.0
2021,Virginia,VA,HYC,Hydroelectric,megawatts,2026-06-21T19:10:01.199571+00:00,1732.0
2021,Virginia,VA,NG,Natural Gas,megawatts,2026-06-21T19:10:01.199571+00:00,27412.4
2021,Virginia,VA,NGCC,Natural Gas - CC,megawatts,2026-06-21T19:10:01.199571+00:00,17757.6
2021,Virginia,VA,NGGT,Natural Gas - GT,megawatts,2026-06-21T19:10:01.199571+00:00,8490.6
2021,Virginia,VA,NGIC,Natural Gas - IC,megawatts,2026-06-21T19:10:01.199571+00:00,2.6
2021,Virginia,VA,NGST,Natural Gas - ST,megawatts,2026-06-21T19:10:01.199571+00:00,1161.6
2021,Virginia,VA,NUC,Nuclear,megawatts,2026-06-21T19:10:01.199571+00:00,7136.0
2021,Virginia,VA,OT,Other,megawatts,2026-06-21T19:10:01.199571+00:00,192.0
2021,Virginia,VA,OBM,Other Biomass,megawatts,2026-06-21T19:10:01.199571+00:00,615.8
2021,Virginia,VA,PET,Petroleum,megawatts,2026-06-21T19:10:01.199571+00:00,3099.0
2021,Virginia,VA,PETGT,Petroleum - GT,megawatts,2026-06-21T19:10:01.199571+00:00,1241.0
2021,Virginia,VA,PETIC,Petroleum - IC,megawatts,2026-06-21T19:10:01.199571+00:00,278.0
2021,Virginia,VA,PETST,Petroleum - ST,megawatts,2026-06-21T19:10:01.199571+00:00,1580.0
2021,Virginia,VA,HPS,Pumped Storage,megawatts,2026-06-21T19:10:01.199571+00:00,6482.0
2021,Virginia,VA,SOL,Solar,megawatts,2026-06-21T19:10:01.199571+00:00,4274.200000000001
2021,Virginia,VA,SOLPV,Solar - PV,megawatts,2026-06-21T19:10:01.199571+00:00,4274.200000000001
2021,Virginia,VA,WND,Wind,megawatts,2026-06-21T19:10:01.199571+00:00,24.0
2021,Virginia,VA,WOO,Wood,megawatts,2026-06-21T19:10:01.199571+00:00,991.2
2021,Washington,WA,BAT,Battery,megawatts,2026-06-21T19:10:01.199571+00:00,12.0
2021,Washington,WA,COL,Coal,megawatts,2026-06-21T19:10:01.199571+00:00,1340.0
2021,Washington,WA,HYC,Hydroelectric,megawatts,2026-06-21T19:10:01.199571+00:00,42717.2
2021,Washington,WA,NG,Natural Gas,megawatts,2026-06-21T19:10:01.199571+00:00,6754.8
2021,Washington,WA,NGCC,Natural Gas - CC,megawatts,2026-06-21T19:10:01.199571+00:00,5253.2
2021,Washington,WA,NGGT,Natural Gas - GT,megawatts,2026-06-21T19:10:01.199571+00:00,1438.4
2021,Washington,WA,NGIC,Natural Gas - IC,megawatts,2026-06-21T19:10:01.199571+00:00,53.2
2021,Washington,WA,NGST,Natural Gas - ST,megawatts,2026-06-21T19:10:01.199571+00:00,10.0
2021,Washington,WA,NUC,Nuclear,megawatts,2026-06-21T19:10:01.199571+00:00,2302.0
2021,Washington,WA,OBM,Other Biomass,megawatts,2026-06-21T19:10:01.199571+00:00,74.4
2021,Washington,WA,PET,Petroleum,megawatts,2026-06-21T19:10:01.199571+00:00,30.4
2021,Washington,WA,PETIC,Petroleum - IC,megawatts,2026-06-21T19:10:01.199571+00:00,30.4
2021,Washington,WA,HPS,Pumped Storage,megawatts,2026-06-21T19:10:01.199571+00:00,628.0
2021,Washington,WA,SOL,Solar,megawatts,2026-06-21T19:10:01.199571+00:00,46.8
2021,Washington,WA,SOLPV,Solar - PV,megawatts,2026-06-21T19:10:01.199571+00:00,46.8
2021,Washington,WA,WND,Wind,megawatts,2026-06-21T19:10:01.199571+00:00,6749.8
2021,Washington,WA,WOO,Wood,megawatts,2026-06-21T19:10:01.199571+00:00,562.0
2021,West Virginia,WV,BAT,Battery,megawatts,2026-06-21T19:10:01.199571+00:00,95.0
2021,West Virginia,WV,COL,Coal,megawatts,2026-06-21T19:10:01.199571+00:00,25116.0
2021,West Virginia,WV,HYC,Hydroelectric,megawatts,2026-06-21T19:10:01.199571+00:00,681.6
2021,West Virginia,WV,NG,Natural Gas,megawatts,2026-06-21T19:10:01.199571+00:00,2410.0
2021,West Virginia,WV,NGGT,Natural Gas - GT,megawatts,2026-06-21T19:10:01.199571+00:00,2179.0
2021,West Virginia,WV,NGST,Natural Gas - ST,megawatts,2026-06-21T19:10:01.199571+00:00,231.0
2021,West Virginia,WV,OBM,Other Biomass,megawatts,2026-06-21T19:10:01.199571+00:00,6.4
2021,West Virginia,WV,PET,Petroleum,megawatts,2026-06-21T19:10:01.199571+00:00,22.0
2021,West Virginia,WV,PETGT,Petroleum - GT,megawatts,2026-06-21T19:10:01.199571+00:00,22.0
2021,West Virginia,WV,WND,Wind,megawatts,2026-06-21T19:10:01.199571+00:00,1482.0
2021,Wisconsin,WI,COL,Coal,megawatts,2026-06-21T19:10:01.199571+00:00,10540.2
2021,Wisconsin,WI,HYC,Hydroelectric,megawatts,2026-06-21T19:10:01.199571+00:00,819.0
2021,Wisconsin,WI,NG,Natural Gas,megawatts,2026-06-21T19:10:01.199571+00:00,14689.8
2021,Wisconsin,WI,NGCC,Natural Gas - CC,megawatts,2026-06-21T19:10:01.199571+00:00,7028.4
2021,Wisconsin,WI,NGGT,Natural Gas - GT,megawatts,2026-06-21T19:10:01.199571+00:00,6493.6
2021,Wisconsin,WI,NGIC,Natural Gas - IC,megawatts,2026-06-21T19:10:01.199571+00:00,43.8
2021,Wisconsin,WI,NGST,Natural Gas - ST,megawatts,2026-06-21T19:10:01.199571+00:00,1124.0
2021,Wisconsin,WI,NUC,Nuclear,megawatts,2026-06-21T19:10:01.199571+00:00,2385.4
2021,Wisconsin,WI,OBM,Other Biomass,megawatts,2026-06-21T19:10:01.199571+00:00,165.2
2021,Wisconsin,WI,PET,Petroleum,megawatts,2026-06-21T19:10:01.199571+00:00,1273.0
2021,Wisconsin,WI,PETGT,Petroleum - GT,megawatts,2026-06-21T19:10:01.199571+00:00,752.6
2021,Wisconsin,WI,PETIC,Petroleum - IC,megawatts,2026-06-21T19:10:01.199571+00:00,403.6
2021,Wisconsin,WI,PETST,Petroleum - ST,megawatts,2026-06-21T19:10:01.199571+00:00,116.8
2021,Wisconsin,WI,SOL,Solar,megawatts,2026-06-21T19:10:01.199571+00:00,1005.2
2021,Wisconsin,WI,SOLPV,Solar - PV,megawatts,2026-06-21T19:10:01.199571+00:00,1005.2
2021,Wisconsin,WI,WND,Wind,megawatts,2026-06-21T19:10:01.199571+00:00,1448.6
2021,Wisconsin,WI,WOO,Wood,megawatts,2026-06-21T19:10:01.199571+00:00,530.2
2021,Wyoming,WY,COL,Coal,megawatts,2026-06-21T19:10:01.199571+00:00,12138.0
2021,Wyoming,WY,HYC,Hydroelectric,megawatts,2026-06-21T19:10:01.199571+00:00,614.2
2021,Wyoming,WY,NG,Natural Gas,megawatts,2026-06-21T19:10:01.199571+00:00,1198.4
2021,Wyoming,WY,NGCC,Natural Gas - CC,megawatts,2026-06-21T19:10:01.199571+00:00,188.0
2021,Wyoming,WY,NGGT,Natural Gas - GT,megawatts,2026-06-21T19:10:01.199571+00:00,494.6
2021,Wyoming,WY,NGIC,Natural Gas - IC,megawatts,2026-06-21T19:10:01.199571+00:00,21.8
2021,Wyoming,WY,NGST,Natural Gas - ST,megawatts,2026-06-21T19:10:01.199571+00:00,494.0
2021,Wyoming,WY,OT,Other,megawatts,2026-06-21T19:10:01.199571+00:00,24.8
2021,Wyoming,WY,OOG,Other Gas,megawatts,2026-06-21T19:10:01.199571+00:00,6.6
2021,Wyoming,WY,PET,Petroleum,megawatts,2026-06-21T19:10:01.199571+00:00,11.6
2021,Wyoming,WY,PETIC,Petroleum - IC,megawatts,2026-06-21T19:10:01.199571+00:00,11.6
2021,Wyoming,WY,SOL,Solar,megawatts,2026-06-21T19:10:01.199571+00:00,184.0
2021,Wyoming,WY,SOLPV,Solar - PV,megawatts,2026-06-21T19:10:01.199571+00:00,184.0
2021,Wyoming,WY,WND,Wind,megawatts,2026-06-21T19:10:01.199571+00:00,6013.8
2020,Alabama,AL,BAT,Battery,megawatts,2026-06-21T19:10:01.199571+00:00,2.0
2020,Alabama,AL,COL,Coal,megawatts,2026-06-21T19:10:01.199571+00:00,9456.0
2020,Alabama,AL,HYC,Hydroelectric,megawatts,2026-06-21T19:10:01.199571+00:00,6583.6
2020,Alabama,AL,NG,Natural Gas,megawatts,2026-06-21T19:10:01.199571+00:00,28597.0
2020,Alabama,AL,NGCC,Natural Gas - CC,megawatts,2026-06-21T19:10:01.199571+00:00,19510.6
2020,Alabama,AL,NGGT,Natural Gas - GT,megawatts,2026-06-21T19:10:01.199571+00:00,5151.6
2020,Alabama,AL,NGOTH,Natural Gas - OTH,megawatts,2026-06-21T19:10:01.199571+00:00,220.0
2020,Alabama,AL,NGST,Natural Gas - ST,megawatts,2026-06-21T19:10:01.199571+00:00,3714.8
2020,Alabama,AL,NUC,Nuclear,megawatts,2026-06-21T19:10:01.199571+00:00,11089.0
2020,Alabama,AL,OBM,Other Biomass,megawatts,2026-06-21T19:10:01.199571+00:00,12.8
2020,Alabama,AL,OOG,Other Gas,megawatts,2026-06-21T19:10:01.199571+00:00,39.6
2020,Alabama,AL,PET,Petroleum,megawatts,2026-06-21T19:10:01.199571+00:00,85.2
2020,Alabama,AL,PETGT,Petroleum - GT,megawatts,2026-06-21T19:10:01.199571+00:00,32.0
2020,Alabama,AL,PETIC,Petroleum - IC,megawatts,2026-06-21T19:10:01.199571+00:00,53.2
2020,Alabama,AL,SOL,Solar,megawatts,2026-06-21T19:10:01.199571+00:00,388.2
2020,Alabama,AL,SOLPV,Solar - PV,megawatts,2026-06-21T19:10:01.199571+00:00,388.2
2020,Alabama,AL,WOO,Wood,megawatts,2026-06-21T19:10:01.199571+00:00,1224.4
2020,Alaska,AK,BAT,Battery,megawatts,2026-06-21T19:10:01.199571+00:00,90.4
2020,Alaska,AK,COL,Coal,megawatts,2026-06-21T19:10:01.199571+00:00,337.8
2020,Alaska,AK,HYC,Hydroelectric,megawatts,2026-06-21T19:10:01.199571+00:00,941.2
2020,Alaska,AK,NG,Natural Gas,megawatts,2026-06-21T19:10:01.199571+00:00,2546.2
2020,Alaska,AK,NGCC,Natural Gas - CC,megawatts,2026-06-21T19:10:01.199571+00:00,954.4
2020,Alaska,AK,NGGT,Natural Gas - GT,megawatts,2026-06-21T19:10:01.199571+00:00,1237.0
2020,Alaska,AK,NGIC,Natural Gas - IC,megawatts,2026-06-21T19:10:01.199571+00:00,354.8
2020,Alaska,AK,OT,Other,megawatts,2026-06-21T19:10:01.199571+00:00,4.0
2020,Alaska,AK,OBM,Other Biomass,megawatts,2026-06-21T19:10:01.199571+00:00,14.0
2020,Alaska,AK,PET,Petroleum,megawatts,2026-06-21T19:10:01.199571+00:00,1479.8
2020,Alaska,AK,PETGT,Petroleum - GT,megawatts,2026-06-21T19:10:01.199571+00:00,474.0
2020,Alaska,AK,PETIC,Petroleum - IC,megawatts,2026-06-21T19:10:01.199571+00:00,903.8
2020,Alaska,AK,PETOTH,Petroleum - OTH,megawatts,2026-06-21T19:10:01.199571+00:00,102.0
2020,Alaska,AK,WND,Wind,megawatts,2026-06-21T19:10:01.199571+00:00,119.6
2020,Arizona,AZ,BAT,Battery,megawatts,2026-06-21T19:10:01.199571+00:00,84.0
2020,Arizona,AZ,COL,Coal,megawatts,2026-06-21T19:10:01.199571+00:00,5886.0
2020,Arizona,AZ,HYC,Hydroelectric,megawatts,2026-06-21T19:10:01.199571+00:00,5441.8
2020,Arizona,AZ,NG,Natural Gas,megawatts,2026-06-21T19:10:01.199571+00:00,28202.4
2020,Arizona,AZ,NGCC,Natural Gas - CC,megawatts,2026-06-21T19:10:01.199571+00:00,19837.2
2020,Arizona,AZ,NGGT,Natural Gas - GT,megawatts,2026-06-21T19:10:01.199571+00:00,5798.0
2020,Arizona,AZ,NGIC,Natural Gas - IC,megawatts,2026-06-21T19:10:01.199571+00:00,377.2
2020,Arizona,AZ,NGST,Natural Gas - ST,megawatts,2026-06-21T19:10:01.199571+00:00,2190.0
2020,Arizona,AZ,NUC,Nuclear,megawatts,2026-06-21T19:10:01.199571+00:00,7874.0
2020,Arizona,AZ,OBM,Other Biomass,megawatts,2026-06-21T19:10:01.199571+00:00,6.4
2020,Arizona,AZ,PET,Petroleum,megawatts,2026-06-21T19:10:01.199571+00:00,181.0
2020,Arizona,AZ,PETGT,Petroleum - GT,megawatts,2026-06-21T19:10:01.199571+00:00,172.0
2020,Arizona,AZ,PETIC,Petroleum - IC,megawatts,2026-06-21T19:10:01.199571+00:00,9.0
2020,Arizona,AZ,HPS,Pumped Storage,megawatts,2026-06-21T19:10:01.199571+00:00,432.6
2020,Arizona,AZ,SOL,Solar,megawatts,2026-06-21T19:10:01.199571+00:00,4837.200000000001
2020,Arizona,AZ,SOLPV,Solar - PV,megawatts,2026-06-21T19:10:01.199571+00:00,4246.0
2020,Arizona,AZ,SOLTH,Solar - TH,megawatts,2026-06-21T19:10:01.199571+00:00,591.2
2020,Arizona,AZ,WND,Wind,megawatts,2026-06-21T19:10:01.199571+00:00,1234.6
2020,Arizona,AZ,WOO,Wood,megawatts,2026-06-21T19:10:01.199571+00:00,49.4
2020,Arkansas,AR,BAT,Battery,megawatts,2026-06-21T19:10:01.199571+00:00,24.0
2020,Arkansas,AR,COL,Coal,megawatts,2026-06-21T19:10:01.199571+00:00,10256.2
2020,Arkansas,AR,HYC,Hydroelectric,megawatts,2026-06-21T19:10:01.199571+00:00,2531.6000000000004
2020,Arkansas,AR,NG,Natural Gas,megawatts,2026-06-21T19:10:01.199571+00:00,12247.8
2020,Arkansas,AR,NGCC,Natural Gas - CC,megawatts,2026-06-21T19:10:01.199571+00:00,9194.2
2020,Arkansas,AR,NGGT,Natural Gas - GT,megawatts,2026-06-21T19:10:01.199571+00:00,1405.6
2020,Arkansas,AR,NGIC,Natural Gas - IC,megawatts,2026-06-21T19:10:01.199571+00:00,36.0
2020,Arkansas,AR,NGST,Natural Gas - ST,megawatts,2026-06-21T19:10:01.199571+00:00,1612.0
2020,Arkansas,AR,NUC,Nuclear,megawatts,2026-06-21T19:10:01.199571+00:00,3635.6
2020,Arkansas,AR,OBM,Other Biomass,megawatts,2026-06-21T19:10:01.199571+00:00,36.2
2020,Arkansas,AR,PET,Petroleum,megawatts,2026-06-21T19:10:01.199571+00:00,18.0
2020,Arkansas,AR,PETIC,Petroleum - IC,megawatts,2026-06-21T19:10:01.199571+00:00,18.0
2020,Arkansas,AR,HPS,Pumped Storage,megawatts,2026-06-21T19:10:01.199571+00:00,60.0
2020,Arkansas,AR,SOL,Solar,megawatts,2026-06-21T19:10:01.199571+00:00,427.4
2020,Arkansas,AR,SOLPV,Solar - PV,megawatts,2026-06-21T19:10:01.199571+00:00,427.4
2020,Arkansas,AR,WOO,Wood,megawatts,2026-06-21T19:10:01.199571+00:00,433.8
2020,California,CA,BAT,Battery,megawatts,2026-06-21T19:10:01.199571+00:00,1048.6
2020,California,CA,COL,Coal,megawatts,2026-06-21T19:10:01.199571+00:00,114.0
2020,California,CA,GEO,Geothermal,megawatts,2026-06-21T19:10:01.199571+00:00,3699.8
2020,California,CA,HYC,Hydroelectric,megawatts,2026-06-21T19:10:01.199571+00:00,20535.4
2020,California,CA,NG,Natural Gas,megawatts,2026-06-21T19:10:01.199571+00:00,73960.2
2020,California,CA,NGCC,Natural Gas - CC,megawatts,2026-06-21T19:10:01.199571+00:00,40885.2
2020,California,CA,NGGT,Natural Gas - GT,megawatts,2026-06-21T19:10:01.199571+00:00,22691.8
2020,California,CA,NGIC,Natural Gas - IC,megawatts,2026-06-21T19:10:01.199571+00:00,775.0
2020,California,CA,NGOTH,Natural Gas - OTH,megawatts,2026-06-21T19:10:01.199571+00:00,266.6
2020,California,CA,NGST,Natural Gas - ST,megawatts,2026-06-21T19:10:01.199571+00:00,9341.599999999999
2020,California,CA,NUC,Nuclear,megawatts,2026-06-21T19:10:01.199571+00:00,4480.0
2020,California,CA,OT,Other,megawatts,2026-06-21T19:10:01.199571+00:00,248.4
2020,California,CA,OBM,Other Biomass,megawatts,2026-06-21T19:10:01.199571+00:00,999.8
2020,California,CA,OOG,Other Gas,megawatts,2026-06-21T19:10:01.199571+00:00,415.2
2020,California,CA,PET,Petroleum,megawatts,2026-06-21T19:10:01.199571+00:00,840.2
2020,California,CA,PETGT,Petroleum - GT,megawatts,2026-06-21T19:10:01.199571+00:00,375.4
2020,California,CA,PETIC,Petroleum - IC,megawatts,2026-06-21T19:10:01.199571+00:00,424.8
2020,California,CA,PETST,Petroleum - ST,megawatts,2026-06-21T19:10:01.199571+00:00,40.0
2020,California,CA,HPS,Pumped Storage,megawatts,2026-06-21T19:10:01.199571+00:00,7823.8
2020,California,CA,SOL,Solar,megawatts,2026-06-21T19:10:01.199571+00:00,28687.0
2020,California,CA,SOLPV,Solar - PV,megawatts,2026-06-21T19:10:01.199571+00:00,26139.4
2020,California,CA,SOLTH,Solar - TH,megawatts,2026-06-21T19:10:01.199571+00:00,2547.6
2020,California,CA,WND,Wind,megawatts,2026-06-21T19:10:01.199571+00:00,11897.400000000001
2020,California,CA,WOO,Wood,megawatts,2026-06-21T19:10:01.199571+00:00,1360.8
2020,Colorado,CO,BAT,Battery,megawatts,2026-06-21T19:10:01.199571+00:00,18.4
2020,Colorado,CO,COL,Coal,megawatts,2026-06-21T19:10:01.199571+00:00,8412.0
2020,Colorado,CO,HYC,Hydroelectric,megawatts,2026-06-21T19:10:01.199571+00:00,1382.0
2020,Colorado,CO,NG,Natural Gas,megawatts,2026-06-21T19:10:01.199571+00:00,13121.0
2020,Colorado,CO,NGCC,Natural Gas - CC,megawatts,2026-06-21T19:10:01.199571+00:00,6499.0
2020,Colorado,CO,NGGT,Natural Gas - GT,megawatts,2026-06-21T19:10:01.199571+00:00,5076.0
2020,Colorado,CO,NGIC,Natural Gas - IC,megawatts,2026-06-21T19:10:01.199571+00:00,468.0
2020,Colorado,CO,NGST,Natural Gas - ST,megawatts,2026-06-21T19:10:01.199571+00:00,1078.0
2020,Colorado,CO,OT,Other,megawatts,2026-06-21T19:10:01.199571+00:00,18.2
2020,Colorado,CO,OBM,Other Biomass,megawatts,2026-06-21T19:10:01.199571+00:00,32.2
2020,Colorado,CO,OOG,Other Gas,megawatts,2026-06-21T19:10:01.199571+00:00,6.0
2020,Colorado,CO,PET,Petroleum,megawatts,2026-06-21T19:10:01.199571+00:00,304.0
2020,Colorado,CO,PETGT,Petroleum - GT,megawatts,2026-06-21T19:10:01.199571+00:00,200.0
2020,Colorado,CO,PETIC,Petroleum - IC,megawatts,2026-06-21T19:10:01.199571+00:00,104.0
2020,Colorado,CO,HPS,Pumped Storage,megawatts,2026-06-21T19:10:01.199571+00:00,1161.6
2020,Colorado,CO,SOL,Solar,megawatts,2026-06-21T19:10:01.199571+00:00,1361.8
2020,Colorado,CO,SOLPV,Solar - PV,megawatts,2026-06-21T19:10:01.199571+00:00,1361.8
2020,Colorado,CO,WND,Wind,megawatts,2026-06-21T19:10:01.199571+00:00,9421.6
2020,Colorado,CO,WOO,Wood,megawatts,2026-06-21T19:10:01.199571+00:00,25.2
2020,Connecticut,CT,BAT,Battery,megawatts,2026-06-21T19:10:01.199571+00:00,3.2
2020,Connecticut,CT,COL,Coal,megawatts,2026-06-21T19:10:01.199571+00:00,515.2
2020,Connecticut,CT,HYC,Hydroelectric,megawatts,2026-06-21T19:10:01.199571+00:00,238.8
2020,Connecticut,CT,NG,Natural Gas,megawatts,2026-06-21T19:10:01.199571+00:00,10937.8
2020,Connecticut,CT,NGCC,Natural Gas - CC,megawatts,2026-06-21T19:10:01.199571+00:00,7884.2
2020,Connecticut,CT,NGGT,Natural Gas - GT,megawatts,2026-06-21T19:10:01.199571+00:00,1143.4
2020,Connecticut,CT,NGIC,Natural Gas - IC,megawatts,2026-06-21T19:10:01.199571+00:00,31.8
2020,Connecticut,CT,NGOTH,Natural Gas - OTH,megawatts,2026-06-21T19:10:01.199571+00:00,100.2
2020,Connecticut,CT,NGST,Natural Gas - ST,megawatts,2026-06-21T19:10:01.199571+00:00,1778.2
2020,Connecticut,CT,NUC,Nuclear,megawatts,2026-06-21T19:10:01.199571+00:00,4146.2
2020,Connecticut,CT,OBM,Other Biomass,megawatts,2026-06-21T19:10:01.199571+00:00,324.8
2020,Connecticut,CT,PET,Petroleum,megawatts,2026-06-21T19:10:01.199571+00:00,3924.6
2020,Connecticut,CT,PETGT,Petroleum - GT,megawatts,2026-06-21T19:10:01.199571+00:00,2163.8
2020,Connecticut,CT,PETIC,Petroleum - IC,megawatts,2026-06-21T19:10:01.199571+00:00,140.8
2020,Connecticut,CT,PETST,Petroleum - ST,megawatts,2026-06-21T19:10:01.199571+00:00,1620.0
2020,Connecticut,CT,HPS,Pumped Storage,megawatts,2026-06-21T19:10:01.199571+00:00,58.8
2020,Connecticut,CT,SOL,Solar,megawatts,2026-06-21T19:10:01.199571+00:00,326.0
2020,Connecticut,CT,SOLPV,Solar - PV,megawatts,2026-06-21T19:10:01.199571+00:00,326.0
2020,Connecticut,CT,WND,Wind,megawatts,2026-06-21T19:10:01.199571+00:00,2.0
2020,Connecticut,CT,WOO,Wood,megawatts,2026-06-21T19:10:01.199571+00:00,75.0
2020,Delaware,DE,COL,Coal,megawatts,2026-06-21T19:10:01.199571+00:00,820.0
2020,Delaware,DE,NG,Natural Gas,megawatts,2026-06-21T19:10:01.199571+00:00,5324.8
2020,Delaware,DE,NGCC,Natural Gas - CC,megawatts,2026-06-21T19:10:01.199571+00:00,3008.0
2020,Delaware,DE,NGGT,Natural Gas - GT,megawatts,2026-06-21T19:10:01.199571+00:00,632.8
2020,Delaware,DE,NGOTH,Natural Gas - OTH,megawatts,2026-06-21T19:10:01.199571+00:00,57.8
2020,Delaware,DE,NGST,Natural Gas - ST,megawatts,2026-06-21T19:10:01.199571+00:00,1626.2
2020,Delaware,DE,OBM,Other Biomass,megawatts,2026-06-21T19:10:01.199571+00:00,24.4
2020,Delaware,DE,OOG,Other Gas,megawatts,2026-06-21T19:10:01.199571+00:00,270.0
2020,Delaware,DE,PET,Petroleum,megawatts,2026-06-21T19:10:01.199571+00:00,228.2
2020,Delaware,DE,PETGT,Petroleum - GT,megawatts,2026-06-21T19:10:01.199571+00:00,228.2
2020,Delaware,DE,SOL,Solar,megawatts,2026-06-21T19:10:01.199571+00:00,73.4
2020,Delaware,DE,SOLPV,Solar - PV,megawatts,2026-06-21T19:10:01.199571+00:00,73.4
2020,Delaware,DE,WND,Wind,megawatts,2026-06-21T19:10:01.199571+00:00,4.0
2020,District of Columbia,DC,NG,Natural Gas,megawatts,2026-06-21T19:10:01.199571+00:00,41.2
2020,District of Columbia,DC,NGGT,Natural Gas - GT,megawatts,2026-06-21T19:10:01.199571+00:00,41.2
2020,District of Columbia,DC,OBM,Other Biomass,megawatts,2026-06-21T19:10:01.199571+00:00,24.0
2020,District of Columbia,DC,SOL,Solar,megawatts,2026-06-21T19:10:01.199571+00:00,18.6
2020,District of Columbia,DC,SOLPV,Solar - PV,megawatts,2026-06-21T19:10:01.199571+00:00,18.6
2020,Florida,FL,BAT,Battery,megawatts,2026-06-21T19:10:01.199571+00:00,58.0
2020,Florida,FL,COL,Coal,megawatts,2026-06-21T19:10:01.199571+00:00,13270.0
2020,Florida,FL,HYC,Hydroelectric,megawatts,2026-06-21T19:10:01.199571+00:00,87.0
2020,Florida,FL,NG,Natural Gas,megawatts,2026-06-21T19:10:01.199571+00:00,89022.0
2020,Florida,FL,NGCC,Natural Gas - CC,megawatts,2026-06-21T19:10:01.199571+00:00,63616.4
2020,Florida,FL,NGGT,Natural Gas - GT,megawatts,2026-06-21T19:10:01.199571+00:00,15778.6
2020,Florida,FL,NGIC,Natural Gas - IC,megawatts,2026-06-21T19:10:01.199571+00:00,329.2
2020,Florida,FL,NGST,Natural Gas - ST,megawatts,2026-06-21T19:10:01.199571+00:00,9297.8
2020,Florida,FL,NUC,Nuclear,megawatts,2026-06-21T19:10:01.199571+00:00,7332.0
2020,Florida,FL,OT,Other,megawatts,2026-06-21T19:10:01.199571+00:00,625.8
2020,Florida,FL,OBM,Other Biomass,megawatts,2026-06-21T19:10:01.199571+00:00,1435.4
2020,Florida,FL,PET,Petroleum,megawatts,2026-06-21T19:10:01.199571+00:00,3373.2
2020,Florida,FL,PETGT,Petroleum - GT,megawatts,2026-06-21T19:10:01.199571+00:00,3068.0
2020,Florida,FL,PETIC,Petroleum - IC,megawatts,2026-06-21T19:10:01.199571+00:00,187.2
2020,Florida,FL,PETOTH,Petroleum - OTH,megawatts,2026-06-21T19:10:01.199571+00:00,118.0
2020,Florida,FL,SOL,Solar,megawatts,2026-06-21T19:10:01.199571+00:00,7576.6
2020,Florida,FL,SOLPV,Solar - PV,megawatts,2026-06-21T19:10:01.199571+00:00,7576.6
2020,Florida,FL,WOO,Wood,megawatts,2026-06-21T19:10:01.199571+00:00,885.8
2020,Georgia,GA,BAT,Battery,megawatts,2026-06-21T19:10:01.199571+00:00,4.4
2020,Georgia,GA,COL,Coal,megawatts,2026-06-21T19:10:01.199571+00:00,16832.0
2020,Georgia,GA,HYC,Hydroelectric,megawatts,2026-06-21T19:10:01.199571+00:00,3970.0
2020,Georgia,GA,NG,Natural Gas,megawatts,2026-06-21T19:10:01.199571+00:00,33277.2
2020,Georgia,GA,NGCC,Natural Gas - CC,megawatts,2026-06-21T19:10:01.199571+00:00,15996.6
2020,Georgia,GA,NGGT,Natural Gas - GT,megawatts,2026-06-21T19:10:01.199571+00:00,15580.4
2020,Georgia,GA,NGIC,Natural Gas - IC,megawatts,2026-06-21T19:10:01.199571+00:00,14.0
2020,Georgia,GA,NGOTH,Natural Gas - OTH,megawatts,2026-06-21T19:10:01.199571+00:00,0.4
2020,Georgia,GA,NGST,Natural Gas - ST,megawatts,2026-06-21T19:10:01.199571+00:00,1685.8
2020,Georgia,GA,NUC,Nuclear,megawatts,2026-06-21T19:10:01.199571+00:00,8122.0
2020,Georgia,GA,OBM,Other Biomass,megawatts,2026-06-21T19:10:01.199571+00:00,107.6
2020,Georgia,GA,PET,Petroleum,megawatts,2026-06-21T19:10:01.199571+00:00,2059.6
2020,Georgia,GA,PETGT,Petroleum - GT,megawatts,2026-06-21T19:10:01.199571+00:00,1692.0
2020,Georgia,GA,PETIC,Petroleum - IC,megawatts,2026-06-21T19:10:01.199571+00:00,200.0
2020,Georgia,GA,PETST,Petroleum - ST,megawatts,2026-06-21T19:10:01.199571+00:00,167.6
2020,Georgia,GA,HPS,Pumped Storage,megawatts,2026-06-21T19:10:01.199571+00:00,3794.8
2020,Georgia,GA,SOL,Solar,megawatts,2026-06-21T19:10:01.199571+00:00,4391.4
2020,Georgia,GA,SOLPV,Solar - PV,megawatts,2026-06-21T19:10:01.199571+00:00,4391.4
2020,Georgia,GA,WOO,Wood,megawatts,2026-06-21T19:10:01.199571+00:00,1998.8
2020,Hawaii,HI,BAT,Battery,megawatts,2026-06-21T19:10:01.199571+00:00,122.0
2020,Hawaii,HI,COL,Coal,megawatts,2026-06-21T19:10:01.199571+00:00,360.0
2020,Hawaii,HI,GEO,Geothermal,megawatts,2026-06-21T19:10:01.199571+00:00,86.0
2020,Hawaii,HI,HYC,Hydroelectric,megawatts,2026-06-21T19:10:01.199571+00:00,64.80000000000001
2020,Hawaii,HI,OT,Other,megawatts,2026-06-21T19:10:01.199571+00:00,53.2
2020,Hawaii,HI,OBM,Other Biomass,megawatts,2026-06-21T19:10:01.199571+00:00,307.8
2020,Hawaii,HI,PET,Petroleum,megawatts,2026-06-21T19:10:01.199571+00:00,3959.8
2020,Hawaii,HI,PETGT,Petroleum - GT,megawatts,2026-06-21T19:10:01.199571+00:00,674.2
2020,Hawaii,HI,PETIC,Petroleum - IC,megawatts,2026-06-21T19:10:01.199571+00:00,370.0
2020,Hawaii,HI,PETOTH,Petroleum - OTH,megawatts,2026-06-21T19:10:01.199571+00:00,879.2
2020,Hawaii,HI,PETST,Petroleum - ST,megawatts,2026-06-21T19:10:01.199571+00:00,2036.4
2020,Hawaii,HI,SOL,Solar,megawatts,2026-06-21T19:10:01.199571+00:00,567.0
2020,Hawaii,HI,SOLPV,Solar - PV,megawatts,2026-06-21T19:10:01.199571+00:00,567.0
2020,Hawaii,HI,WND,Wind,megawatts,2026-06-21T19:10:01.199571+00:00,466.4
2020,Idaho,ID,COL,Coal,megawatts,2026-06-21T19:10:01.199571+00:00,10.0
2020,Idaho,ID,GEO,Geothermal,megawatts,2026-06-21T19:10:01.199571+00:00,20.0
2020,Idaho,ID,HYC,Hydroelectric,megawatts,2026-06-21T19:10:01.199571+00:00,5534.799999999999
2020,Idaho,ID,NG,Natural Gas,megawatts,2026-06-21T19:10:01.199571+00:00,2222.8
2020,Idaho,ID,NGCC,Natural Gas - CC,megawatts,2026-06-21T19:10:01.199571+00:00,1095.4
2020,Idaho,ID,NGGT,Natural Gas - GT,megawatts,2026-06-21T19:10:01.199571+00:00,1104.0
2020,Idaho,ID,NGST,Natural Gas - ST,megawatts,2026-06-21T19:10:01.199571+00:00,23.4
2020,Idaho,ID,OT,Other,megawatts,2026-06-21T19:10:01.199571+00:00,29.6
2020,Idaho,ID,OBM,Other Biomass,megawatts,2026-06-21T19:10:01.199571+00:00,40.4
2020,Idaho,ID,PET,Petroleum,megawatts,2026-06-21T19:10:01.199571+00:00,10.8
2020,Idaho,ID,PETIC,Petroleum - IC,megawatts,2026-06-21T19:10:01.199571+00:00,10.8
2020,Idaho,ID,SOL,Solar,megawatts,2026-06-21T19:10:01.199571+00:00,484.0
2020,Idaho,ID,SOLPV,Solar - PV,megawatts,2026-06-21T19:10:01.199571+00:00,484.0
2020,Idaho,ID,WND,Wind,megawatts,2026-06-21T19:10:01.199571+00:00,1940.8
2020,Idaho,ID,WOO,Wood,megawatts,2026-06-21T19:10:01.199571+00:00,132.2
2020,Illinois,IL,BAT,Battery,megawatts,2026-06-21T19:10:01.199571+00:00,265.4
2020,Illinois,IL,COL,Coal,megawatts,2026-06-21T19:10:01.199571+00:00,19304.0
2020,Illinois,IL,HYC,Hydroelectric,megawatts,2026-06-21T19:10:01.199571+00:00,68.2
2020,Illinois,IL,NG,Natural Gas,megawatts,2026-06-21T19:10:01.199571+00:00,31523.2
2020,Illinois,IL,NGCC,Natural Gas - CC,megawatts,2026-06-21T19:10:01.199571+00:00,7155.4
2020,Illinois,IL,NGGT,Natural Gas - GT,megawatts,2026-06-21T19:10:01.199571+00:00,21114.4
2020,Illinois,IL,NGIC,Natural Gas - IC,megawatts,2026-06-21T19:10:01.199571+00:00,375.2
2020,Illinois,IL,NGST,Natural Gas - ST,megawatts,2026-06-21T19:10:01.199571+00:00,2878.2
2020,Illinois,IL,NUC,Nuclear,megawatts,2026-06-21T19:10:01.199571+00:00,23164.8
2020,Illinois,IL,OT,Other,megawatts,2026-06-21T19:10:01.199571+00:00,156.0
2020,Illinois,IL,OBM,Other Biomass,megawatts,2026-06-21T19:10:01.199571+00:00,160.4
2020,Illinois,IL,OOG,Other Gas,megawatts,2026-06-21T19:10:01.199571+00:00,73.0
2020,Illinois,IL,PET,Petroleum,megawatts,2026-06-21T19:10:01.199571+00:00,1329.2
2020,Illinois,IL,PETGT,Petroleum - GT,megawatts,2026-06-21T19:10:01.199571+00:00,728.2
2020,Illinois,IL,PETIC,Petroleum - IC,megawatts,2026-06-21T19:10:01.199571+00:00,601.0
2020,Illinois,IL,SOL,Solar,megawatts,2026-06-21T19:10:01.199571+00:00,239.2
2020,Illinois,IL,SOLPV,Solar - PV,megawatts,2026-06-21T19:10:01.199571+00:00,239.2
2020,Illinois,IL,WND,Wind,megawatts,2026-06-21T19:10:01.199571+00:00,12601.2
2020,Indiana,IN,BAT,Battery,megawatts,2026-06-21T19:10:01.199571+00:00,76.0
2020,Indiana,IN,COL,Coal,megawatts,2026-06-21T19:10:01.199571+00:00,30483.800000000003
2020,Indiana,IN,HYC,Hydroelectric,megawatts,2026-06-21T19:10:01.199571+00:00,132.4
2020,Indiana,IN,NG,Natural Gas,megawatts,2026-06-21T19:10:01.199571+00:00,15743.2
2020,Indiana,IN,NGCC,Natural Gas - CC,megawatts,2026-06-21T19:10:01.199571+00:00,7750.0
2020,Indiana,IN,NGGT,Natural Gas - GT,megawatts,2026-06-21T19:10:01.199571+00:00,6487.4
2020,Indiana,IN,NGIC,Natural Gas - IC,megawatts,2026-06-21T19:10:01.199571+00:00,49.0
2020,Indiana,IN,NGST,Natural Gas - ST,megawatts,2026-06-21T19:10:01.199571+00:00,1456.8
2020,Indiana,IN,OT,Other,megawatts,2026-06-21T19:10:01.199571+00:00,176.0
2020,Indiana,IN,OBM,Other Biomass,megawatts,2026-06-21T19:10:01.199571+00:00,144.4
2020,Indiana,IN,OOG,Other Gas,megawatts,2026-06-21T19:10:01.199571+00:00,1238.6
2020,Indiana,IN,PET,Petroleum,megawatts,2026-06-21T19:10:01.199571+00:00,196.6
2020,Indiana,IN,PETGT,Petroleum - GT,megawatts,2026-06-21T19:10:01.199571+00:00,74.0
2020,Indiana,IN,PETIC,Petroleum - IC,megawatts,2026-06-21T19:10:01.199571+00:00,122.6
2020,Indiana,IN,SOL,Solar,megawatts,2026-06-21T19:10:01.199571+00:00,556.4
2020,Indiana,IN,SOLPV,Solar - PV,megawatts,2026-06-21T19:10:01.199571+00:00,556.4
2020,Indiana,IN,WND,Wind,megawatts,2026-06-21T19:10:01.199571+00:00,5880.8
2020,Iowa,IA,BAT,Battery,megawatts,2026-06-21T19:10:01.199571+00:00,2.8
2020,Iowa,IA,COL,Coal,megawatts,2026-06-21T19:10:01.199571+00:00,10568.0
2020,Iowa,IA,HYC,Hydroelectric,megawatts,2026-06-21T19:10:01.199571+00:00,300.79999999999995
2020,Iowa,IA,NG,Natural Gas,megawatts,2026-06-21T19:10:01.199571+00:00,7389.4
2020,Iowa,IA,NGCC,Natural Gas - CC,megawatts,2026-06-21T19:10:01.199571+00:00,3632.4
2020,Iowa,IA,NGGT,Natural Gas - GT,megawatts,2026-06-21T19:10:01.199571+00:00,2456.8
2020,Iowa,IA,NGIC,Natural Gas - IC,megawatts,2026-06-21T19:10:01.199571+00:00,213.0
2020,Iowa,IA,NGST,Natural Gas - ST,megawatts,2026-06-21T19:10:01.199571+00:00,1087.2
2020,Iowa,IA,OBM,Other Biomass,megawatts,2026-06-21T19:10:01.199571+00:00,41.2
2020,Iowa,IA,PET,Petroleum,megawatts,2026-06-21T19:10:01.199571+00:00,1683.2
2020,Iowa,IA,PETGT,Petroleum - GT,megawatts,2026-06-21T19:10:01.199571+00:00,408.2
2020,Iowa,IA,PETIC,Petroleum - IC,megawatts,2026-06-21T19:10:01.199571+00:00,1211.0
2020,Iowa,IA,PETST,Petroleum - ST,megawatts,2026-06-21T19:10:01.199571+00:00,64.0
2020,Iowa,IA,SOL,Solar,megawatts,2026-06-21T19:10:01.199571+00:00,36.0
2020,Iowa,IA,SOLPV,Solar - PV,megawatts,2026-06-21T19:10:01.199571+00:00,36.0
2020,Iowa,IA,WND,Wind,megawatts,2026-06-21T19:10:01.199571+00:00,22645.0
2020,Kansas,KS,COL,Coal,megawatts,2026-06-21T19:10:01.199571+00:00,9043.2
2020,Kansas,KS,HYC,Hydroelectric,megawatts,2026-06-21T19:10:01.199571+00:00,14.0
2020,Kansas,KS,NG,Natural Gas,megawatts,2026-06-21T19:10:01.199571+00:00,7637.6
2020,Kansas,KS,NGCC,Natural Gas - CC,megawatts,2026-06-21T19:10:01.199571+00:00,532.0
2020,Kansas,KS,NGGT,Natural Gas - GT,megawatts,2026-06-21T19:10:01.199571+00:00,4352.0
2020,Kansas,KS,NGIC,Natural Gas - IC,megawatts,2026-06-21T19:10:01.199571+00:00,1141.6
2020,Kansas,KS,NGST,Natural Gas - ST,megawatts,2026-06-21T19:10:01.199571+00:00,1612.0
2020,Kansas,KS,NUC,Nuclear,megawatts,2026-06-21T19:10:01.199571+00:00,2450.0
2020,Kansas,KS,OT,Other,megawatts,2026-06-21T19:10:01.199571+00:00,1.6
2020,Kansas,KS,OBM,Other Biomass,megawatts,2026-06-21T19:10:01.199571+00:00,18.0
2020,Kansas,KS,PET,Petroleum,megawatts,2026-06-21T19:10:01.199571+00:00,1100.4
2020,Kansas,KS,PETGT,Petroleum - GT,megawatts,2026-06-21T19:10:01.199571+00:00,424.4
2020,Kansas,KS,PETIC,Petroleum - IC,megawatts,2026-06-21T19:10:01.199571+00:00,676.0
2020,Kansas,KS,SOL,Solar,megawatts,2026-06-21T19:10:01.199571+00:00,60.4
2020,Kansas,KS,SOLPV,Solar - PV,megawatts,2026-06-21T19:10:01.199571+00:00,60.4
2020,Kansas,KS,WND,Wind,megawatts,2026-06-21T19:10:01.199571+00:00,13637.2
2020,Kentucky,KY,COL,Coal,megawatts,2026-06-21T19:10:01.199571+00:00,18806.0
2020,Kentucky,KY,HYC,Hydroelectric,megawatts,2026-06-21T19:10:01.199571+00:00,2269.8
2020,Kentucky,KY,NG,Natural Gas,megawatts,2026-06-21T19:10:01.199571+00:00,13897.2
2020,Kentucky,KY,NGCC,Natural Gas - CC,megawatts,2026-06-21T19:10:01.199571+00:00,3526.0
2020,Kentucky,KY,NGGT,Natural Gas - GT,megawatts,2026-06-21T19:10:01.199571+00:00,9851.2
2020,Kentucky,KY,NGST,Natural Gas - ST,megawatts,2026-06-21T19:10:01.199571+00:00,520.0
2020,Kentucky,KY,OBM,Other Biomass,megawatts,2026-06-21T19:10:01.199571+00:00,44.4
2020,Kentucky,KY,PET,Petroleum,megawatts,2026-06-21T19:10:01.199571+00:00,23.8
2020,Kentucky,KY,PETIC,Petroleum - IC,megawatts,2026-06-21T19:10:01.199571+00:00,23.8
2020,Kentucky,KY,SOL,Solar,megawatts,2026-06-21T19:10:01.199571+00:00,52.2
2020,Kentucky,KY,SOLPV,Solar - PV,megawatts,2026-06-21T19:10:01.199571+00:00,52.2
2020,Kentucky,KY,WOO,Wood,megawatts,2026-06-21T19:10:01.199571+00:00,104.6
2020,Louisiana,LA,BAT,Battery,megawatts,2026-06-21T19:10:01.199571+00:00,1.0
2020,Louisiana,LA,COL,Coal,megawatts,2026-06-21T19:10:01.199571+00:00,5528.0
2020,Louisiana,LA,HYC,Hydroelectric,megawatts,2026-06-21T19:10:01.199571+00:00,384.0
2020,Louisiana,LA,NG,Natural Gas,megawatts,2026-06-21T19:10:01.199571+00:00,36736.6
2020,Louisiana,LA,NGCC,Natural Gas - CC,megawatts,2026-06-21T19:10:01.199571+00:00,19276.6
2020,Louisiana,LA,NGGT,Natural Gas - GT,megawatts,2026-06-21T19:10:01.199571+00:00,5452.6
2020,Louisiana,LA,NGIC,Natural Gas - IC,megawatts,2026-06-21T19:10:01.199571+00:00,183.8
2020,Louisiana,LA,NGST,Natural Gas - ST,megawatts,2026-06-21T19:10:01.199571+00:00,11823.599999999999
2020,Louisiana,LA,NUC,Nuclear,megawatts,2026-06-21T19:10:01.199571+00:00,4265.8
2020,Louisiana,LA,OT,Other,megawatts,2026-06-21T19:10:01.199571+00:00,659.4
2020,Louisiana,LA,OBM,Other Biomass,megawatts,2026-06-21T19:10:01.199571+00:00,28.2
2020,Louisiana,LA,OOG,Other Gas,megawatts,2026-06-21T19:10:01.199571+00:00,877.8
2020,Louisiana,LA,PET,Petroleum,megawatts,2026-06-21T19:10:01.199571+00:00,1711.4
2020,Louisiana,LA,PETGT,Petroleum - GT,megawatts,2026-06-21T19:10:01.199571+00:00,64.2
2020,Louisiana,LA,PETIC,Petroleum - IC,megawatts,2026-06-21T19:10:01.199571+00:00,21.2
2020,Louisiana,LA,PETST,Petroleum - ST,megawatts,2026-06-21T19:10:01.199571+00:00,1626.0
2020,Louisiana,LA,SOL,Solar,megawatts,2026-06-21T19:10:01.199571+00:00,149.0
2020,Louisiana,LA,SOLPV,Solar - PV,megawatts,2026-06-21T19:10:01.199571+00:00,149.0
2020,Louisiana,LA,WOO,Wood,megawatts,2026-06-21T19:10:01.199571+00:00,816.0
2020,Maine,ME,BAT,Battery,megawatts,2026-06-21T19:10:01.199571+00:00,82.8
2020,Maine,ME,HYC,Hydroelectric,megawatts,2026-06-21T19:10:01.199571+00:00,1459.6
2020,Maine,ME,NG,Natural Gas,megawatts,2026-06-21T19:10:01.199571+00:00,3214.6
2020,Maine,ME,NGCC,Natural Gas - CC,megawatts,2026-06-21T19:10:01.199571+00:00,2565.6
2020,Maine,ME,NGGT,Natural Gas - GT,megawatts,2026-06-21T19:10:01.199571+00:00,624.0
2020,Maine,ME,NGST,Natural Gas - ST,megawatts,2026-06-21T19:10:01.199571+00:00,25.0
2020,Maine,ME,OT,Other,megawatts,2026-06-21T19:10:01.199571+00:00,44.0
2020,Maine,ME,OBM,Other Biomass,megawatts,2026-06-21T19:10:01.199571+00:00,80.8
2020,Maine,ME,PET,Petroleum,megawatts,2026-06-21T19:10:01.199571+00:00,1689.4
2020,Maine,ME,PETGT,Petroleum - GT,megawatts,2026-06-21T19:10:01.199571+00:00,64.0
2020,Maine,ME,PETIC,Petroleum - IC,megawatts,2026-06-21T19:10:01.199571+00:00,3.6
2020,Maine,ME,PETST,Petroleum - ST,megawatts,2026-06-21T19:10:01.199571+00:00,1621.8
2020,Maine,ME,SOL,Solar,megawatts,2026-06-21T19:10:01.199571+00:00,129.8
2020,Maine,ME,SOLPV,Solar - PV,megawatts,2026-06-21T19:10:01.199571+00:00,129.8
2020,Maine,ME,WND,Wind,megawatts,2026-06-21T19:10:01.199571+00:00,1988.4
2020,Maine,ME,WOO,Wood,megawatts,2026-06-21T19:10:01.199571+00:00,1060.0
2020,Maryland,MD,BAT,Battery,megawatts,2026-06-21T19:10:01.199571+00:00,10.0
2020,Maryland,MD,COL,Coal,megawatts,2026-06-21T19:10:01.199571+00:00,7266.0
2020,Maryland,MD,HYC,Hydroelectric,megawatts,2026-06-21T19:10:01.199571+00:00,1180.0
2020,Maryland,MD,NG,Natural Gas,megawatts,2026-06-21T19:10:01.199571+00:00,11981.4
2020,Maryland,MD,NGCC,Natural Gas - CC,megawatts,2026-06-21T19:10:01.199571+00:00,5441.8
2020,Maryland,MD,NGGT,Natural Gas - GT,megawatts,2026-06-21T19:10:01.199571+00:00,3703.4
2020,Maryland,MD,NGIC,Natural Gas - IC,megawatts,2026-06-21T19:10:01.199571+00:00,19.4
2020,Maryland,MD,NGST,Natural Gas - ST,megawatts,2026-06-21T19:10:01.199571+00:00,2816.8
2020,Maryland,MD,NUC,Nuclear,megawatts,2026-06-21T19:10:01.199571+00:00,3451.6
2020,Maryland,MD,OT,Other,megawatts,2026-06-21T19:10:01.199571+00:00,12.0
2020,Maryland,MD,OBM,Other Biomass,megawatts,2026-06-21T19:10:01.199571+00:00,276.6
2020,Maryland,MD,PET,Petroleum,megawatts,2026-06-21T19:10:01.199571+00:00,2339.0
2020,Maryland,MD,PETGT,Petroleum - GT,megawatts,2026-06-21T19:10:01.199571+00:00,1068.2
2020,Maryland,MD,PETIC,Petroleum - IC,megawatts,2026-06-21T19:10:01.199571+00:00,170.8
2020,Maryland,MD,PETST,Petroleum - ST,megawatts,2026-06-21T19:10:01.199571+00:00,1100.0
2020,Maryland,MD,SOL,Solar,megawatts,2026-06-21T19:10:01.199571+00:00,715.4
2020,Maryland,MD,SOLPV,Solar - PV,megawatts,2026-06-21T19:10:01.199571+00:00,715.4
2020,Maryland,MD,WND,Wind,megawatts,2026-06-21T19:10:01.199571+00:00,380.0
2020,Maryland,MD,WOO,Wood,megawatts,2026-06-21T19:10:01.199571+00:00,5.2
2020,Massachusetts,MA,BAT,Battery,megawatts,2026-06-21T19:10:01.199571+00:00,142.0
2020,Massachusetts,MA,HYC,Hydroelectric,megawatts,2026-06-21T19:10:01.199571+00:00,532.6
2020,Massachusetts,MA,NG,Natural Gas,megawatts,2026-06-21T19:10:01.199571+00:00,14349.8
2020,Massachusetts,MA,NGCC,Natural Gas - CC,megawatts,2026-06-21T19:10:01.199571+00:00,12288.2
2020,Massachusetts,MA,NGGT,Natural Gas - GT,megawatts,2026-06-21T19:10:01.199571+00:00,1715.8000000000002
2020,Massachusetts,MA,NGIC,Natural Gas - IC,megawatts,2026-06-21T19:10:01.199571+00:00,47.8
2020,Massachusetts,MA,NGOTH,Natural Gas - OTH,megawatts,2026-06-21T19:10:01.199571+00:00,4.0
2020,Massachusetts,MA,NGST,Natural Gas - ST,megawatts,2026-06-21T19:10:01.199571+00:00,294.0
2020,Massachusetts,MA,OBM,Other Biomass,megawatts,2026-06-21T19:10:01.199571+00:00,538.6
2020,Massachusetts,MA,PET,Petroleum,megawatts,2026-06-21T19:10:01.199571+00:00,4703.8
2020,Massachusetts,MA,PETGT,Petroleum - GT,megawatts,2026-06-21T19:10:01.199571+00:00,946.4
2020,Massachusetts,MA,PETIC,Petroleum - IC,megawatts,2026-06-21T19:10:01.199571+00:00,251.0
2020,Massachusetts,MA,PETOTH,Petroleum - OTH,megawatts,2026-06-21T19:10:01.199571+00:00,192.0
2020,Massachusetts,MA,PETST,Petroleum - ST,megawatts,2026-06-21T19:10:01.199571+00:00,3314.4
2020,Massachusetts,MA,HPS,Pumped Storage,megawatts,2026-06-21T19:10:01.199571+00:00,3536.0
2020,Massachusetts,MA,SOL,Solar,megawatts,2026-06-21T19:10:01.199571+00:00,1960.8
2020,Massachusetts,MA,SOLPV,Solar - PV,megawatts,2026-06-21T19:10:01.199571+00:00,1960.8
2020,Massachusetts,MA,WND,Wind,megawatts,2026-06-21T19:10:01.199571+00:00,211.4
2020,Massachusetts,MA,WOO,Wood,megawatts,2026-06-21T19:10:01.199571+00:00,29.8
2020,Michigan,MI,BAT,Battery,megawatts,2026-06-21T19:10:01.199571+00:00,2.0
2020,Michigan,MI,COL,Coal,megawatts,2026-06-21T19:10:01.199571+00:00,16658.6
2020,Michigan,MI,HYC,Hydroelectric,megawatts,2026-06-21T19:10:01.199571+00:00,528.8
2020,Michigan,MI,NG,Natural Gas,megawatts,2026-06-21T19:10:01.199571+00:00,21126.6
2020,Michigan,MI,NGCC,Natural Gas - CC,megawatts,2026-06-21T19:10:01.199571+00:00,8907.2
2020,Michigan,MI,NGGT,Natural Gas - GT,megawatts,2026-06-21T19:10:01.199571+00:00,7693.8
2020,Michigan,MI,NGIC,Natural Gas - IC,megawatts,2026-06-21T19:10:01.199571+00:00,709.2
2020,Michigan,MI,NGST,Natural Gas - ST,megawatts,2026-06-21T19:10:01.199571+00:00,3816.4
2020,Michigan,MI,NUC,Nuclear,megawatts,2026-06-21T19:10:01.199571+00:00,8173.0
2020,Michigan,MI,OBM,Other Biomass,megawatts,2026-06-21T19:10:01.199571+00:00,340.0
2020,Michigan,MI,OOG,Other Gas,megawatts,2026-06-21T19:10:01.199571+00:00,500.0
2020,Michigan,MI,PET,Petroleum,megawatts,2026-06-21T19:10:01.199571+00:00,1012.0
2020,Michigan,MI,PETGT,Petroleum - GT,megawatts,2026-06-21T19:10:01.199571+00:00,463.4
2020,Michigan,MI,PETIC,Petroleum - IC,megawatts,2026-06-21T19:10:01.199571+00:00,454.2
2020,Michigan,MI,PETST,Petroleum - ST,megawatts,2026-06-21T19:10:01.199571+00:00,94.4
2020,Michigan,MI,HPS,Pumped Storage,megawatts,2026-06-21T19:10:01.199571+00:00,4470.0
2020,Michigan,MI,SOL,Solar,megawatts,2026-06-21T19:10:01.199571+00:00,450.0
2020,Michigan,MI,SOLPV,Solar - PV,megawatts,2026-06-21T19:10:01.199571+00:00,450.0
2020,Michigan,MI,WND,Wind,megawatts,2026-06-21T19:10:01.199571+00:00,5268.6
2020,Michigan,MI,WOO,Wood,megawatts,2026-06-21T19:10:01.199571+00:00,676.0
2020,Minnesota,MN,BAT,Battery,megawatts,2026-06-21T19:10:01.199571+00:00,32.0
2020,Minnesota,MN,COL,Coal,megawatts,2026-06-21T19:10:01.199571+00:00,8294.2
2020,Minnesota,MN,HYC,Hydroelectric,megawatts,2026-06-21T19:10:01.199571+00:00,429.0
2020,Minnesota,MN,NG,Natural Gas,megawatts,2026-06-21T19:10:01.199571+00:00,10924.0
2020,Minnesota,MN,NGCC,Natural Gas - CC,megawatts,2026-06-21T19:10:01.199571+00:00,4966.0
2020,Minnesota,MN,NGGT,Natural Gas - GT,megawatts,2026-06-21T19:10:01.199571+00:00,5117.0
2020,Minnesota,MN,NGIC,Natural Gas - IC,megawatts,2026-06-21T19:10:01.199571+00:00,473.0
2020,Minnesota,MN,NGST,Natural Gas - ST,megawatts,2026-06-21T19:10:01.199571+00:00,368.0
2020,Minnesota,MN,NUC,Nuclear,megawatts,2026-06-21T19:10:01.199571+00:00,3314.0
2020,Minnesota,MN,OT,Other,megawatts,2026-06-21T19:10:01.199571+00:00,33.4
2020,Minnesota,MN,OBM,Other Biomass,megawatts,2026-06-21T19:10:01.199571+00:00,236.6
2020,Minnesota,MN,PET,Petroleum,megawatts,2026-06-21T19:10:01.199571+00:00,1558.2
2020,Minnesota,MN,PETGT,Petroleum - GT,megawatts,2026-06-21T19:10:01.199571+00:00,731.0
2020,Minnesota,MN,PETIC,Petroleum - IC,megawatts,2026-06-21T19:10:01.199571+00:00,827.2
2020,Minnesota,MN,SOL,Solar,megawatts,2026-06-21T19:10:01.199571+00:00,2037.6
2020,Minnesota,MN,SOLPV,Solar - PV,megawatts,2026-06-21T19:10:01.199571+00:00,2037.6
2020,Minnesota,MN,WND,Wind,megawatts,2026-06-21T19:10:01.199571+00:00,8616.599999999999
2020,Minnesota,MN,WOO,Wood,megawatts,2026-06-21T19:10:01.199571+00:00,412.0
2020,Mississippi,MS,COL,Coal,megawatts,2026-06-21T19:10:01.199571+00:00,2888.0
2020,Mississippi,MS,NG,Natural Gas,megawatts,2026-06-21T19:10:01.199571+00:00,22454.6
2020,Mississippi,MS,NGCC,Natural Gas - CC,megawatts,2026-06-21T19:10:01.199571+00:00,15710.8
2020,Mississippi,MS,NGGT,Natural Gas - GT,megawatts,2026-06-21T19:10:01.199571+00:00,2737.0
2020,Mississippi,MS,NGIC,Natural Gas - IC,megawatts,2026-06-21T19:10:01.199571+00:00,45.2
2020,Mississippi,MS,NGST,Natural Gas - ST,megawatts,2026-06-21T19:10:01.199571+00:00,3961.6
2020,Mississippi,MS,NUC,Nuclear,megawatts,2026-06-21T19:10:01.199571+00:00,2802.0
2020,Mississippi,MS,OT,Other,megawatts,2026-06-21T19:10:01.199571+00:00,2.8
2020,Mississippi,MS,OBM,Other Biomass,megawatts,2026-06-21T19:10:01.199571+00:00,3.2
2020,Mississippi,MS,PET,Petroleum,megawatts,2026-06-21T19:10:01.199571+00:00,18.0
2020,Mississippi,MS,PETIC,Petroleum - IC,megawatts,2026-06-21T19:10:01.199571+00:00,18.0
2020,Mississippi,MS,SOL,Solar,megawatts,2026-06-21T19:10:01.199571+00:00,436.2
2020,Mississippi,MS,SOLPV,Solar - PV,megawatts,2026-06-21T19:10:01.199571+00:00,436.2
2020,Mississippi,MS,WOO,Wood,megawatts,2026-06-21T19:10:01.199571+00:00,601.6
2020,Missouri,MO,BAT,Battery,megawatts,2026-06-21T19:10:01.199571+00:00,4.4
2020,Missouri,MO,COL,Coal,megawatts,2026-06-21T19:10:01.199571+00:00,20976.0
2020,Missouri,MO,HYC,Hydroelectric,megawatts,2026-06-21T19:10:01.199571+00:00,1097.0
2020,Missouri,MO,NG,Natural Gas,megawatts,2026-06-21T19:10:01.199571+00:00,11793.2
2020,Missouri,MO,NGCC,Natural Gas - CC,megawatts,2026-06-21T19:10:01.199571+00:00,3644.4
2020,Missouri,MO,NGGT,Natural Gas - GT,megawatts,2026-06-21T19:10:01.199571+00:00,6704.0
2020,Missouri,MO,NGIC,Natural Gas - IC,megawatts,2026-06-21T19:10:01.199571+00:00,256.6
2020,Missouri,MO,NGST,Natural Gas - ST,megawatts,2026-06-21T19:10:01.199571+00:00,1188.2
2020,Missouri,MO,NUC,Nuclear,megawatts,2026-06-21T19:10:01.199571+00:00,2494.0
2020,Missouri,MO,OBM,Other Biomass,megawatts,2026-06-21T19:10:01.199571+00:00,28.2
2020,Missouri,MO,PET,Petroleum,megawatts,2026-06-21T19:10:01.199571+00:00,2189.2
2020,Missouri,MO,PETGT,Petroleum - GT,megawatts,2026-06-21T19:10:01.199571+00:00,1644.8
2020,Missouri,MO,PETIC,Petroleum - IC,megawatts,2026-06-21T19:10:01.199571+00:00,544.4
2020,Missouri,MO,HPS,Pumped Storage,megawatts,2026-06-21T19:10:01.199571+00:00,1314.0
2020,Missouri,MO,SOL,Solar,megawatts,2026-06-21T19:10:01.199571+00:00,127.4
2020,Missouri,MO,SOLPV,Solar - PV,megawatts,2026-06-21T19:10:01.199571+00:00,127.4
2020,Missouri,MO,WND,Wind,megawatts,2026-06-21T19:10:01.199571+00:00,3964.4
2020,Montana,MT,COL,Coal,megawatts,2026-06-21T19:10:01.199571+00:00,3367.2
2020,Montana,MT,HYC,Hydroelectric,megawatts,2026-06-21T19:10:01.199571+00:00,5612.799999999999
2020,Montana,MT,NG,Natural Gas,megawatts,2026-06-21T19:10:01.199571+00:00,776.0
2020,Montana,MT,NGGT,Natural Gas - GT,megawatts,2026-06-21T19:10:01.199571+00:00,631.6
2020,Montana,MT,NGIC,Natural Gas - IC,megawatts,2026-06-21T19:10:01.199571+00:00,144.4
2020,Montana,MT,OT,Other,megawatts,2026-06-21T19:10:01.199571+00:00,80.0
2020,Montana,MT,OBM,Other Biomass,megawatts,2026-06-21T19:10:01.199571+00:00,3.2
2020,Montana,MT,OOG,Other Gas,megawatts,2026-06-21T19:10:01.199571+00:00,3.0
2020,Montana,MT,PET,Petroleum,megawatts,2026-06-21T19:10:01.199571+00:00,104.0
2020,Montana,MT,PETST,Petroleum - ST,megawatts,2026-06-21T19:10:01.199571+00:00,104.0
2020,Montana,MT,SOL,Solar,megawatts,2026-06-21T19:10:01.199571+00:00,34.0
2020,Montana,MT,SOLPV,Solar - PV,megawatts,2026-06-21T19:10:01.199571+00:00,34.0
2020,Montana,MT,WND,Wind,megawatts,2026-06-21T19:10:01.199571+00:00,1745.8000000000002
2020,Montana,MT,WOO,Wood,megawatts,2026-06-21T19:10:01.199571+00:00,6.0
2020,Nebraska,NE,COL,Coal,megawatts,2026-06-21T19:10:01.199571+00:00,7734.0
2020,Nebraska,NE,HYC,Hydroelectric,megawatts,2026-06-21T19:10:01.199571+00:00,559.4
2020,Nebraska,NE,NG,Natural Gas,megawatts,2026-06-21T19:10:01.199571+00:00,3918.4
2020,Nebraska,NE,NGCC,Natural Gas - CC,megawatts,2026-06-21T19:10:01.199571+00:00,677.0
2020,Nebraska,NE,NGGT,Natural Gas - GT,megawatts,2026-06-21T19:10:01.199571+00:00,2211.2
2020,Nebraska,NE,NGIC,Natural Gas - IC,megawatts,2026-06-21T19:10:01.199571+00:00,266.4
2020,Nebraska,NE,NGST,Natural Gas - ST,megawatts,2026-06-21T19:10:01.199571+00:00,763.8
2020,Nebraska,NE,NUC,Nuclear,megawatts,2026-06-21T19:10:01.199571+00:00,1540.0
2020,Nebraska,NE,OBM,Other Biomass,megawatts,2026-06-21T19:10:01.199571+00:00,31.0
2020,Nebraska,NE,PET,Petroleum,megawatts,2026-06-21T19:10:01.199571+00:00,703.0
2020,Nebraska,NE,PETGT,Petroleum - GT,megawatts,2026-06-21T19:10:01.199571+00:00,452.6
2020,Nebraska,NE,PETIC,Petroleum - IC,megawatts,2026-06-21T19:10:01.199571+00:00,250.4
2020,Nebraska,NE,SOL,Solar,megawatts,2026-06-21T19:10:01.199571+00:00,55.400000000000006
2020,Nebraska,NE,SOLPV,Solar - PV,megawatts,2026-06-21T19:10:01.199571+00:00,55.400000000000006
2020,Nebraska,NE,WND,Wind,megawatts,2026-06-21T19:10:01.199571+00:00,5151.6
2020,Nevada,NV,COL,Coal,megawatts,2026-06-21T19:10:01.199571+00:00,1480.8
2020,Nevada,NV,GEO,Geothermal,megawatts,2026-06-21T19:10:01.199571+00:00,1140.4
2020,Nevada,NV,HYC,Hydroelectric,megawatts,2026-06-21T19:10:01.199571+00:00,2103.4
2020,Nevada,NV,NG,Natural Gas,megawatts,2026-06-21T19:10:01.199571+00:00,14150.4
2020,Nevada,NV,NGCC,Natural Gas - CC,megawatts,2026-06-21T19:10:01.199571+00:00,10890.0
2020,Nevada,NV,NGGT,Natural Gas - GT,megawatts,2026-06-21T19:10:01.199571+00:00,2371.2
2020,Nevada,NV,NGIC,Natural Gas - IC,megawatts,2026-06-21T19:10:01.199571+00:00,221.2
2020,Nevada,NV,NGST,Natural Gas - ST,megawatts,2026-06-21T19:10:01.199571+00:00,668.0
2020,Nevada,NV,OT,Other,megawatts,2026-06-21T19:10:01.199571+00:00,13.0
2020,Nevada,NV,OBM,Other Biomass,megawatts,2026-06-21T19:10:01.199571+00:00,19.6
2020,Nevada,NV,PET,Petroleum,megawatts,2026-06-21T19:10:01.199571+00:00,12.0
2020,Nevada,NV,PETIC,Petroleum - IC,megawatts,2026-06-21T19:10:01.199571+00:00,12.0
2020,Nevada,NV,SOL,Solar,megawatts,2026-06-21T19:10:01.199571+00:00,4985.8
2020,Nevada,NV,SOLPV,Solar - PV,megawatts,2026-06-21T19:10:01.199571+00:00,4628.8
2020,Nevada,NV,SOLTH,Solar - TH,megawatts,2026-06-21T19:10:01.199571+00:00,357.0
2020,Nevada,NV,WND,Wind,megawatts,2026-06-21T19:10:01.199571+00:00,300.0
2020,New Hampshire,NH,COL,Coal,megawatts,2026-06-21T19:10:01.199571+00:00,1067.8
2020,New Hampshire,NH,HYC,Hydroelectric,megawatts,2026-06-21T19:10:01.199571+00:00,1008.0
2020,New Hampshire,NH,NG,Natural Gas,megawatts,2026-06-21T19:10:01.199571+00:00,3285.0
2020,New Hampshire,NH,NGCC,Natural Gas - CC,megawatts,2026-06-21T19:10:01.199571+00:00,2477.0
2020,New Hampshire,NH,NGGT,Natural Gas - GT,megawatts,2026-06-21T19:10:01.199571+00:00,7.6
2020,New Hampshire,NH,NGST,Natural Gas - ST,megawatts,2026-06-21T19:10:01.199571+00:00,800.4
2020,New Hampshire,NH,NUC,Nuclear,megawatts,2026-06-21T19:10:01.199571+00:00,2495.6
2020,New Hampshire,NH,OBM,Other Biomass,megawatts,2026-06-21T19:10:01.199571+00:00,62.2
2020,New Hampshire,NH,PET,Petroleum,megawatts,2026-06-21T19:10:01.199571+00:00,188.0
2020,New Hampshire,NH,PETGT,Petroleum - GT,megawatts,2026-06-21T19:10:01.199571+00:00,164.2
2020,New Hampshire,NH,PETIC,Petroleum - IC,megawatts,2026-06-21T19:10:01.199571+00:00,9.8
2020,New Hampshire,NH,PETST,Petroleum - ST,megawatts,2026-06-21T19:10:01.199571+00:00,14.0
2020,New Hampshire,NH,SOL,Solar,megawatts,2026-06-21T19:10:01.199571+00:00,4.8
2020,New Hampshire,NH,SOLPV,Solar - PV,megawatts,2026-06-21T19:10:01.199571+00:00,4.8
2020,New Hampshire,NH,WND,Wind,megawatts,2026-06-21T19:10:01.199571+00:00,423.8
2020,New Hampshire,NH,WOO,Wood,megawatts,2026-06-21T19:10:01.199571+00:00,419.8
2020,New Jersey,NJ,BAT,Battery,megawatts,2026-06-21T19:10:01.199571+00:00,84.2
2020,New Jersey,NJ,COL,Coal,megawatts,2026-06-21T19:10:01.199571+00:00,926.0
2020,New Jersey,NJ,HYC,Hydroelectric,megawatts,2026-06-21T19:10:01.199571+00:00,24.6
2020,New Jersey,NJ,NG,Natural Gas,megawatts,2026-06-21T19:10:01.199571+00:00,23055.0
2020,New Jersey,NJ,NGCC,Natural Gas - CC,megawatts,2026-06-21T19:10:01.199571+00:00,17300.2
2020,New Jersey,NJ,NGGT,Natural Gas - GT,megawatts,2026-06-21T19:10:01.199571+00:00,5611.4
2020,New Jersey,NJ,NGIC,Natural Gas - IC,megawatts,2026-06-21T19:10:01.199571+00:00,83.2
2020,New Jersey,NJ,NGOTH,Natural Gas - OTH,megawatts,2026-06-21T19:10:01.199571+00:00,17.2
2020,New Jersey,NJ,NGST,Natural Gas - ST,megawatts,2026-06-21T19:10:01.199571+00:00,43.0
2020,New Jersey,NJ,NUC,Nuclear,megawatts,2026-06-21T19:10:01.199571+00:00,6913.4
2020,New Jersey,NJ,OT,Other,megawatts,2026-06-21T19:10:01.199571+00:00,22.4
2020,New Jersey,NJ,OBM,Other Biomass,megawatts,2026-06-21T19:10:01.199571+00:00,394.2
2020,New Jersey,NJ,OOG,Other Gas,megawatts,2026-06-21T19:10:01.199571+00:00,58.0
2020,New Jersey,NJ,PET,Petroleum,megawatts,2026-06-21T19:10:01.199571+00:00,615.4
2020,New Jersey,NJ,PETGT,Petroleum - GT,megawatts,2026-06-21T19:10:01.199571+00:00,522.6
2020,New Jersey,NJ,PETIC,Petroleum - IC,megawatts,2026-06-21T19:10:01.199571+00:00,69.6
2020,New Jersey,NJ,PETOTH,Petroleum - OTH,megawatts,2026-06-21T19:10:01.199571+00:00,23.2
2020,New Jersey,NJ,HPS,Pumped Storage,megawatts,2026-06-21T19:10:01.199571+00:00,840.0
2020,New Jersey,NJ,SOL,Solar,megawatts,2026-06-21T19:10:01.199571+00:00,1899.8
2020,New Jersey,NJ,SOLPV,Solar - PV,megawatts,2026-06-21T19:10:01.199571+00:00,1899.8
2020,New Jersey,NJ,WND,Wind,megawatts,2026-06-21T19:10:01.199571+00:00,15.2
2020,New Mexico,NM,BAT,Battery,megawatts,2026-06-21T19:10:01.199571+00:00,3.6
2020,New Mexico,NM,COL,Coal,megawatts,2026-06-21T19:10:01.199571+00:00,4774.0
2020,New Mexico,NM,GEO,Geothermal,megawatts,2026-06-21T19:10:01.199571+00:00,17.2
2020,New Mexico,NM,HYC,Hydroelectric,megawatts,2026-06-21T19:10:01.199571+00:00,165.4
2020,New Mexico,NM,NG,Natural Gas,megawatts,2026-06-21T19:10:01.199571+00:00,6548.2
2020,New Mexico,NM,NGCC,Natural Gas - CC,megawatts,2026-06-21T19:10:01.199571+00:00,2968.2
2020,New Mexico,NM,NGGT,Natural Gas - GT,megawatts,2026-06-21T19:10:01.199571+00:00,1900.6
2020,New Mexico,NM,NGIC,Natural Gas - IC,megawatts,2026-06-21T19:10:01.199571+00:00,95.4
2020,New Mexico,NM,NGST,Natural Gas - ST,megawatts,2026-06-21T19:10:01.199571+00:00,1584.0
2020,New Mexico,NM,OT,Other,megawatts,2026-06-21T19:10:01.199571+00:00,1.4
2020,New Mexico,NM,OBM,Other Biomass,megawatts,2026-06-21T19:10:01.199571+00:00,10.8
2020,New Mexico,NM,PET,Petroleum,megawatts,2026-06-21T19:10:01.199571+00:00,92.0
2020,New Mexico,NM,PETGT,Petroleum - GT,megawatts,2026-06-21T19:10:01.199571+00:00,34.0
2020,New Mexico,NM,PETIC,Petroleum - IC,megawatts,2026-06-21T19:10:01.199571+00:00,58.0
2020,New Mexico,NM,SOL,Solar,megawatts,2026-06-21T19:10:01.199571+00:00,1467.6
2020,New Mexico,NM,SOLPV,Solar - PV,megawatts,2026-06-21T19:10:01.199571+00:00,1467.6
2020,New Mexico,NM,WND,Wind,megawatts,2026-06-21T19:10:01.199571+00:00,5115.8
2020,New York,NY,BAT,Battery,megawatts,2026-06-21T19:10:01.199571+00:00,96.2
2020,New York,NY,COL,Coal,megawatts,2026-06-21T19:10:01.199571+00:00,1040.0
2020,New York,NY,HYC,Hydroelectric,megawatts,2026-06-21T19:10:01.199571+00:00,9116.6
2020,New York,NY,NG,Natural Gas,megawatts,2026-06-21T19:10:01.199571+00:00,45732.8
2020,New York,NY,NGCC,Natural Gas - CC,megawatts,2026-06-21T19:10:01.199571+00:00,19849.800000000003
2020,New York,NY,NGGT,Natural Gas - GT,megawatts,2026-06-21T19:10:01.199571+00:00,6181.0
2020,New York,NY,NGIC,Natural Gas - IC,megawatts,2026-06-21T19:10:01.199571+00:00,116.4
2020,New York,NY,NGOTH,Natural Gas - OTH,megawatts,2026-06-21T19:10:01.199571+00:00,46.2
2020,New York,NY,NGST,Natural Gas - ST,megawatts,2026-06-21T19:10:01.199571+00:00,19539.4
2020,New York,NY,NUC,Nuclear,megawatts,2026-06-21T19:10:01.199571+00:00,8478.6
2020,New York,NY,OT,Other,megawatts,2026-06-21T19:10:01.199571+00:00,40.0
2020,New York,NY,OBM,Other Biomass,megawatts,2026-06-21T19:10:01.199571+00:00,762.6
2020,New York,NY,PET,Petroleum,megawatts,2026-06-21T19:10:01.199571+00:00,6937.0
2020,New York,NY,PETGT,Petroleum - GT,megawatts,2026-06-21T19:10:01.199571+00:00,3172.4
2020,New York,NY,PETIC,Petroleum - IC,megawatts,2026-06-21T19:10:01.199571+00:00,635.8
2020,New York,NY,PETST,Petroleum - ST,megawatts,2026-06-21T19:10:01.199571+00:00,3128.8
2020,New York,NY,HPS,Pumped Storage,megawatts,2026-06-21T19:10:01.199571+00:00,2814.2
2020,New York,NY,SOL,Solar,megawatts,2026-06-21T19:10:01.199571+00:00,1339.4
2020,New York,NY,SOLPV,Solar - PV,megawatts,2026-06-21T19:10:01.199571+00:00,1339.4
2020,New York,NY,WND,Wind,megawatts,2026-06-21T19:10:01.199571+00:00,3972.2
2020,New York,NY,WOO,Wood,megawatts,2026-06-21T19:10:01.199571+00:00,156.0
2020,North Carolina,NC,BAT,Battery,megawatts,2026-06-21T19:10:01.199571+00:00,19.6
2020,North Carolina,NC,COL,Coal,megawatts,2026-06-21T19:10:01.199571+00:00,19871.4
2020,North Carolina,NC,HYC,Hydroelectric,megawatts,2026-06-21T19:10:01.199571+00:00,4018.0
2020,North Carolina,NC,NG,Natural Gas,megawatts,2026-06-21T19:10:01.199571+00:00,23115.0
2020,North Carolina,NC,NGCC,Natural Gas - CC,megawatts,2026-06-21T19:10:01.199571+00:00,11108.0
2020,North Carolina,NC,NGGT,Natural Gas - GT,megawatts,2026-06-21T19:10:01.199571+00:00,12005.0
2020,North Carolina,NC,NGST,Natural Gas - ST,megawatts,2026-06-21T19:10:01.199571+00:00,2.0
2020,North Carolina,NC,NUC,Nuclear,megawatts,2026-06-21T19:10:01.199571+00:00,10299.2
2020,North Carolina,NC,OT,Other,megawatts,2026-06-21T19:10:01.199571+00:00,108.0
2020,North Carolina,NC,OBM,Other Biomass,megawatts,2026-06-21T19:10:01.199571+00:00,195.4
2020,North Carolina,NC,PET,Petroleum,megawatts,2026-06-21T19:10:01.199571+00:00,1004.0
2020,North Carolina,NC,PETGT,Petroleum - GT,megawatts,2026-06-21T19:10:01.199571+00:00,352.0
2020,North Carolina,NC,PETIC,Petroleum - IC,megawatts,2026-06-21T19:10:01.199571+00:00,322.0
2020,North Carolina,NC,PETOTH,Petroleum - OTH,megawatts,2026-06-21T19:10:01.199571+00:00,330.0
2020,North Carolina,NC,HPS,Pumped Storage,megawatts,2026-06-21T19:10:01.199571+00:00,172.0
2020,North Carolina,NC,SOL,Solar,megawatts,2026-06-21T19:10:01.199571+00:00,10043.6
2020,North Carolina,NC,SOLPV,Solar - PV,megawatts,2026-06-21T19:10:01.199571+00:00,10043.6
2020,North Carolina,NC,WND,Wind,megawatts,2026-06-21T19:10:01.199571+00:00,416.0
2020,North Carolina,NC,WOO,Wood,megawatts,2026-06-21T19:10:01.199571+00:00,1020.6
2020,North Dakota,ND,COL,Coal,megawatts,2026-06-21T19:10:01.199571+00:00,7897.6
2020,North Dakota,ND,HYC,Hydroelectric,megawatts,2026-06-21T19:10:01.199571+00:00,1020.0
2020,North Dakota,ND,NG,Natural Gas,megawatts,2026-06-21T19:10:01.199571+00:00,1227.8
2020,North Dakota,ND,NGGT,Natural Gas - GT,megawatts,2026-06-21T19:10:01.199571+00:00,828.0
2020,North Dakota,ND,NGIC,Natural Gas - IC,megawatts,2026-06-21T19:10:01.199571+00:00,213.6
2020,North Dakota,ND,NGST,Natural Gas - ST,megawatts,2026-06-21T19:10:01.199571+00:00,186.2
2020,North Dakota,ND,OT,Other,megawatts,2026-06-21T19:10:01.199571+00:00,10.6
2020,North Dakota,ND,OBM,Other Biomass,megawatts,2026-06-21T19:10:01.199571+00:00,19.6
2020,North Dakota,ND,OOG,Other Gas,megawatts,2026-06-21T19:10:01.199571+00:00,16.8
2020,North Dakota,ND,PET,Petroleum,megawatts,2026-06-21T19:10:01.199571+00:00,126.4
2020,North Dakota,ND,PETGT,Petroleum - GT,megawatts,2026-06-21T19:10:01.199571+00:00,83.4
2020,North Dakota,ND,PETIC,Petroleum - IC,megawatts,2026-06-21T19:10:01.199571+00:00,43.0
2020,North Dakota,ND,WND,Wind,megawatts,2026-06-21T19:10:01.199571+00:00,8055.8
2020,Ohio,OH,BAT,Battery,megawatts,2026-06-21T19:10:01.199571+00:00,66.0
2020,Ohio,OH,COL,Coal,megawatts,2026-06-21T19:10:01.199571+00:00,20001.0
2020,Ohio,OH,HYC,Hydroelectric,megawatts,2026-06-21T19:10:01.199571+00:00,203.8
2020,Ohio,OH,NG,Natural Gas,megawatts,2026-06-21T19:10:01.199571+00:00,25663.4
2020,Ohio,OH,NGCC,Natural Gas - CC,megawatts,2026-06-21T19:10:01.199571+00:00,14082.6
2020,Ohio,OH,NGGT,Natural Gas - GT,megawatts,2026-06-21T19:10:01.199571+00:00,11148.8
2020,Ohio,OH,NGIC,Natural Gas - IC,megawatts,2026-06-21T19:10:01.199571+00:00,73.6
2020,Ohio,OH,NGST,Natural Gas - ST,megawatts,2026-06-21T19:10:01.199571+00:00,358.4
2020,Ohio,OH,NUC,Nuclear,megawatts,2026-06-21T19:10:01.199571+00:00,4268.0
2020,Ohio,OH,OBM,Other Biomass,megawatts,2026-06-21T19:10:01.199571+00:00,189.4
2020,Ohio,OH,OOG,Other Gas,megawatts,2026-06-21T19:10:01.199571+00:00,358.2
2020,Ohio,OH,PET,Petroleum,megawatts,2026-06-21T19:10:01.199571+00:00,1298.2
2020,Ohio,OH,PETGT,Petroleum - GT,megawatts,2026-06-21T19:10:01.199571+00:00,630.8
2020,Ohio,OH,PETIC,Petroleum - IC,megawatts,2026-06-21T19:10:01.199571+00:00,383.4
2020,Ohio,OH,PETOTH,Petroleum - OTH,megawatts,2026-06-21T19:10:01.199571+00:00,12.0
2020,Ohio,OH,PETST,Petroleum - ST,megawatts,2026-06-21T19:10:01.199571+00:00,272.0
2020,Ohio,OH,SOL,Solar,megawatts,2026-06-21T19:10:01.199571+00:00,223.0
2020,Ohio,OH,SOLPV,Solar - PV,megawatts,2026-06-21T19:10:01.199571+00:00,223.0
2020,Ohio,OH,WND,Wind,megawatts,2026-06-21T19:10:01.199571+00:00,1705.0
2020,Ohio,OH,WOO,Wood,megawatts,2026-06-21T19:10:01.199571+00:00,87.2
2020,Oklahoma,OK,BAT,Battery,megawatts,2026-06-21T19:10:01.199571+00:00,20.0
2020,Oklahoma,OK,COL,Coal,megawatts,2026-06-21T19:10:01.199571+00:00,6510.0
2020,Oklahoma,OK,HYC,Hydroelectric,megawatts,2026-06-21T19:10:01.199571+00:00,1699.6
2020,Oklahoma,OK,NG,Natural Gas,megawatts,2026-06-21T19:10:01.199571+00:00,29534.2
2020,Oklahoma,OK,NGCC,Natural Gas - CC,megawatts,2026-06-21T19:10:01.199571+00:00,14669.6
2020,Oklahoma,OK,NGGT,Natural Gas - GT,megawatts,2026-06-21T19:10:01.199571+00:00,3263.2
2020,Oklahoma,OK,NGIC,Natural Gas - IC,megawatts,2026-06-21T19:10:01.199571+00:00,136.8
2020,Oklahoma,OK,NGST,Natural Gas - ST,megawatts,2026-06-21T19:10:01.199571+00:00,11464.6
2020,Oklahoma,OK,OBM,Other Biomass,megawatts,2026-06-21T19:10:01.199571+00:00,39.6
2020,Oklahoma,OK,PET,Petroleum,megawatts,2026-06-21T19:10:01.199571+00:00,159.6
2020,Oklahoma,OK,PETIC,Petroleum - IC,megawatts,2026-06-21T19:10:01.199571+00:00,159.6
2020,Oklahoma,OK,HPS,Pumped Storage,megawatts,2026-06-21T19:10:01.199571+00:00,516.0
2020,Oklahoma,OK,SOL,Solar,megawatts,2026-06-21T19:10:01.199571+00:00,81.0
2020,Oklahoma,OK,SOLPV,Solar - PV,megawatts,2026-06-21T19:10:01.199571+00:00,81.0
2020,Oklahoma,OK,WND,Wind,megawatts,2026-06-21T19:10:01.199571+00:00,18639.0
2020,Oklahoma,OK,WOO,Wood,megawatts,2026-06-21T19:10:01.199571+00:00,115.6
2020,Oregon,OR,BAT,Battery,megawatts,2026-06-21T19:10:01.199571+00:00,10.0
2020,Oregon,OR,GEO,Geothermal,megawatts,2026-06-21T19:10:01.199571+00:00,39.0
2020,Oregon,OR,HYC,Hydroelectric,megawatts,2026-06-21T19:10:01.199571+00:00,16634.0
2020,Oregon,OR,NG,Natural Gas,megawatts,2026-06-21T19:10:01.199571+00:00,7506.8
2020,Oregon,OR,NGCC,Natural Gas - CC,megawatts,2026-06-21T19:10:01.199571+00:00,6790.4
2020,Oregon,OR,NGGT,Natural Gas - GT,megawatts,2026-06-21T19:10:01.199571+00:00,267.6
2020,Oregon,OR,NGIC,Natural Gas - IC,megawatts,2026-06-21T19:10:01.199571+00:00,448.8
2020,Oregon,OR,OBM,Other Biomass,megawatts,2026-06-21T19:10:01.199571+00:00,114.8
2020,Oregon,OR,SOL,Solar,megawatts,2026-06-21T19:10:01.199571+00:00,1148.2
2020,Oregon,OR,SOLPV,Solar - PV,megawatts,2026-06-21T19:10:01.199571+00:00,1148.2
2020,Oregon,OR,WND,Wind,megawatts,2026-06-21T19:10:01.199571+00:00,7507.0
2020,Oregon,OR,WOO,Wood,megawatts,2026-06-21T19:10:01.199571+00:00,517.4
2020,Pennsylvania,PA,BAT,Battery,megawatts,2026-06-21T19:10:01.199571+00:00,56.8
2020,Pennsylvania,PA,COL,Coal,megawatts,2026-06-21T19:10:01.199571+00:00,17186.0
2020,Pennsylvania,PA,HYC,Hydroelectric,megawatts,2026-06-21T19:10:01.199571+00:00,1799.2
2020,Pennsylvania,PA,NG,Natural Gas,megawatts,2026-06-21T19:10:01.199571+00:00,50030.0
2020,Pennsylvania,PA,NGCC,Natural Gas - CC,megawatts,2026-06-21T19:10:01.199571+00:00,36009.8
2020,Pennsylvania,PA,NGGT,Natural Gas - GT,megawatts,2026-06-21T19:10:01.199571+00:00,3863.6
2020,Pennsylvania,PA,NGIC,Natural Gas - IC,megawatts,2026-06-21T19:10:01.199571+00:00,465.20000000000005
2020,Pennsylvania,PA,NGST,Natural Gas - ST,megawatts,2026-06-21T19:10:01.199571+00:00,9691.4
2020,Pennsylvania,PA,NUC,Nuclear,megawatts,2026-06-21T19:10:01.199571+00:00,18186.4
2020,Pennsylvania,PA,OT,Other,megawatts,2026-06-21T19:10:01.199571+00:00,40.0
2020,Pennsylvania,PA,OBM,Other Biomass,megawatts,2026-06-21T19:10:01.199571+00:00,739.8
2020,Pennsylvania,PA,OOG,Other Gas,megawatts,2026-06-21T19:10:01.199571+00:00,171.8
2020,Pennsylvania,PA,PET,Petroleum,megawatts,2026-06-21T19:10:01.199571+00:00,3018.4
2020,Pennsylvania,PA,PETGT,Petroleum - GT,megawatts,2026-06-21T19:10:01.199571+00:00,2893.0
2020,Pennsylvania,PA,PETIC,Petroleum - IC,megawatts,2026-06-21T19:10:01.199571+00:00,125.4
2020,Pennsylvania,PA,HPS,Pumped Storage,megawatts,2026-06-21T19:10:01.199571+00:00,3104.0
2020,Pennsylvania,PA,SOL,Solar,megawatts,2026-06-21T19:10:01.199571+00:00,297.8
2020,Pennsylvania,PA,SOLPV,Solar - PV,megawatts,2026-06-21T19:10:01.199571+00:00,297.8
2020,Pennsylvania,PA,WND,Wind,megawatts,2026-06-21T19:10:01.199571+00:00,2920.0
2020,Pennsylvania,PA,WOO,Wood,megawatts,2026-06-21T19:10:01.199571+00:00,160.4
2020,Rhode Island,RI,HYC,Hydroelectric,megawatts,2026-06-21T19:10:01.199571+00:00,5.4
2020,Rhode Island,RI,NG,Natural Gas,megawatts,2026-06-21T19:10:01.199571+00:00,3656.0
2020,Rhode Island,RI,NGCC,Natural Gas - CC,megawatts,2026-06-21T19:10:01.199571+00:00,3580.4
2020,Rhode Island,RI,NGGT,Natural Gas - GT,megawatts,2026-06-21T19:10:01.199571+00:00,24.8
2020,Rhode Island,RI,NGIC,Natural Gas - IC,megawatts,2026-06-21T19:10:01.199571+00:00,29.0
2020,Rhode Island,RI,NGST,Natural Gas - ST,megawatts,2026-06-21T19:10:01.199571+00:00,21.8
2020,Rhode Island,RI,OBM,Other Biomass,megawatts,2026-06-21T19:10:01.199571+00:00,80.2
2020,Rhode Island,RI,PET,Petroleum,megawatts,2026-06-21T19:10:01.199571+00:00,14.2
2020,Rhode Island,RI,PETIC,Petroleum - IC,megawatts,2026-06-21T19:10:01.199571+00:00,14.2
2020,Rhode Island,RI,SOL,Solar,megawatts,2026-06-21T19:10:01.199571+00:00,357.0
2020,Rhode Island,RI,SOLPV,Solar - PV,megawatts,2026-06-21T19:10:01.199571+00:00,357.0
2020,Rhode Island,RI,WND,Wind,megawatts,2026-06-21T19:10:01.199571+00:00,145.6
2020,South Carolina,SC,BAT,Battery,megawatts,2026-06-21T19:10:01.199571+00:00,8.0
2020,South Carolina,SC,COL,Coal,megawatts,2026-06-21T19:10:01.199571+00:00,9538.0
2020,South Carolina,SC,HYC,Hydroelectric,megawatts,2026-06-21T19:10:01.199571+00:00,2625.8
2020,South Carolina,SC,NG,Natural Gas,megawatts,2026-06-21T19:10:01.199571+00:00,13051.8
2020,South Carolina,SC,NGCC,Natural Gas - CC,megawatts,2026-06-21T19:10:01.199571+00:00,6370.0
2020,South Carolina,SC,NGGT,Natural Gas - GT,megawatts,2026-06-21T19:10:01.199571+00:00,4781.8
2020,South Carolina,SC,NGST,Natural Gas - ST,megawatts,2026-06-21T19:10:01.199571+00:00,1900.0
2020,South Carolina,SC,NUC,Nuclear,megawatts,2026-06-21T19:10:01.199571+00:00,13188.4
2020,South Carolina,SC,OBM,Other Biomass,megawatts,2026-06-21T19:10:01.199571+00:00,92.2
2020,South Carolina,SC,PET,Petroleum,megawatts,2026-06-21T19:10:01.199571+00:00,937.8
2020,South Carolina,SC,PETGT,Petroleum - GT,megawatts,2026-06-21T19:10:01.199571+00:00,816.0
2020,South Carolina,SC,PETIC,Petroleum - IC,megawatts,2026-06-21T19:10:01.199571+00:00,121.8
2020,South Carolina,SC,HPS,Pumped Storage,megawatts,2026-06-21T19:10:01.199571+00:00,5592.0
2020,South Carolina,SC,SOL,Solar,megawatts,2026-06-21T19:10:01.199571+00:00,2194.0
2020,South Carolina,SC,SOLPV,Solar - PV,megawatts,2026-06-21T19:10:01.199571+00:00,2194.0
2020,South Carolina,SC,WOO,Wood,megawatts,2026-06-21T19:10:01.199571+00:00,1016.8
2020,South Dakota,SD,BAT,Battery,megawatts,2026-06-21T19:10:01.199571+00:00,1.6
2020,South Dakota,SD,COL,Coal,megawatts,2026-06-21T19:10:01.199571+00:00,948.0
2020,South Dakota,SD,HYC,Hydroelectric,megawatts,2026-06-21T19:10:01.199571+00:00,3196.0
2020,South Dakota,SD,NG,Natural Gas,megawatts,2026-06-21T19:10:01.199571+00:00,1936.6
2020,South Dakota,SD,NGCC,Natural Gas - CC,megawatts,2026-06-21T19:10:01.199571+00:00,590.0
2020,South Dakota,SD,NGGT,Natural Gas - GT,megawatts,2026-06-21T19:10:01.199571+00:00,1322.0
2020,South Dakota,SD,NGIC,Natural Gas - IC,megawatts,2026-06-21T19:10:01.199571+00:00,17.4
2020,South Dakota,SD,NGST,Natural Gas - ST,megawatts,2026-06-21T19:10:01.199571+00:00,7.2
2020,South Dakota,SD,PET,Petroleum,megawatts,2026-06-21T19:10:01.199571+00:00,430.2
2020,South Dakota,SD,PETGT,Petroleum - GT,megawatts,2026-06-21T19:10:01.199571+00:00,370.8
2020,South Dakota,SD,PETIC,Petroleum - IC,megawatts,2026-06-21T19:10:01.199571+00:00,59.4
2020,South Dakota,SD,SOL,Solar,megawatts,2026-06-21T19:10:01.199571+00:00,2.0
2020,South Dakota,SD,SOLPV,Solar - PV,megawatts,2026-06-21T19:10:01.199571+00:00,2.0
2020,South Dakota,SD,WND,Wind,megawatts,2026-06-21T19:10:01.199571+00:00,4319.200000000001
2020,South Dakota,SD,WOO,Wood,megawatts,2026-06-21T19:10:01.199571+00:00,10.8
2020,Tennessee,TN,COL,Coal,megawatts,2026-06-21T19:10:01.199571+00:00,11690.6
2020,Tennessee,TN,HYC,Hydroelectric,megawatts,2026-06-21T19:10:01.199571+00:00,5217.2
2020,Tennessee,TN,NG,Natural Gas,megawatts,2026-06-21T19:10:01.199571+00:00,12707.6
2020,Tennessee,TN,NGCC,Natural Gas - CC,megawatts,2026-06-21T19:10:01.199571+00:00,4910.2
2020,Tennessee,TN,NGGT,Natural Gas - GT,megawatts,2026-06-21T19:10:01.199571+00:00,7665.0
2020,Tennessee,TN,NGIC,Natural Gas - IC,megawatts,2026-06-21T19:10:01.199571+00:00,6.4
2020,Tennessee,TN,NGST,Natural Gas - ST,megawatts,2026-06-21T19:10:01.199571+00:00,126.0
2020,Tennessee,TN,NUC,Nuclear,megawatts,2026-06-21T19:10:01.199571+00:00,9045.4
2020,Tennessee,TN,OBM,Other Biomass,megawatts,2026-06-21T19:10:01.199571+00:00,28.4
2020,Tennessee,TN,PET,Petroleum,megawatts,2026-06-21T19:10:01.199571+00:00,86.4
2020,Tennessee,TN,PETIC,Petroleum - IC,megawatts,2026-06-21T19:10:01.199571+00:00,86.4
2020,Tennessee,TN,HPS,Pumped Storage,megawatts,2026-06-21T19:10:01.199571+00:00,3232.6
2020,Tennessee,TN,SOL,Solar,megawatts,2026-06-21T19:10:01.199571+00:00,364.4
2020,Tennessee,TN,SOLPV,Solar - PV,megawatts,2026-06-21T19:10:01.199571+00:00,364.4
2020,Tennessee,TN,WND,Wind,megawatts,2026-06-21T19:10:01.199571+00:00,58.2
2020,Tennessee,TN,WOO,Wood,megawatts,2026-06-21T19:10:01.199571+00:00,364.0
2020,Texas,TX,BAT,Battery,megawatts,2026-06-21T19:10:01.199571+00:00,446.2
2020,Texas,TX,COL,Coal,megawatts,2026-06-21T19:10:01.199571+00:00,36283.2
2020,Texas,TX,HYC,Hydroelectric,megawatts,2026-06-21T19:10:01.199571+00:00,1412.1999999999998
2020,Texas,TX,NG,Natural Gas,megawatts,2026-06-21T19:10:01.199571+00:00,137864.0
2020,Texas,TX,NGCC,Natural Gas - CC,megawatts,2026-06-21T19:10:01.199571+00:00,82372.0
2020,Texas,TX,NGGT,Natural Gas - GT,megawatts,2026-06-21T19:10:01.199571+00:00,20331.4
2020,Texas,TX,NGIC,Natural Gas - IC,megawatts,2026-06-21T19:10:01.199571+00:00,1849.4
2020,Texas,TX,NGST,Natural Gas - ST,megawatts,2026-06-21T19:10:01.199571+00:00,33311.2
2020,Texas,TX,NUC,Nuclear,megawatts,2026-06-21T19:10:01.199571+00:00,9960.0
2020,Texas,TX,OT,Other,megawatts,2026-06-21T19:10:01.199571+00:00,448.0
2020,Texas,TX,OBM,Other Biomass,megawatts,2026-06-21T19:10:01.199571+00:00,154.2
2020,Texas,TX,OOG,Other Gas,megawatts,2026-06-21T19:10:01.199571+00:00,515.8
2020,Texas,TX,PET,Petroleum,megawatts,2026-06-21T19:10:01.199571+00:00,213.2
2020,Texas,TX,PETIC,Petroleum - IC,megawatts,2026-06-21T19:10:01.199571+00:00,85.6
2020,Texas,TX,PETST,Petroleum - ST,megawatts,2026-06-21T19:10:01.199571+00:00,127.6
2020,Texas,TX,SOL,Solar,megawatts,2026-06-21T19:10:01.199571+00:00,9765.4
2020,Texas,TX,SOLPV,Solar - PV,megawatts,2026-06-21T19:10:01.199571+00:00,9765.4
2020,Texas,TX,WND,Wind,megawatts,2026-06-21T19:10:01.199571+00:00,60214.0
2020,Texas,TX,WOO,Wood,megawatts,2026-06-21T19:10:01.199571+00:00,617.4
2020,United States,US,BAT,Battery,megawatts,2026-06-21T19:10:01.199571+00:00,3016.4
2020,United States,US,COL,Coal,megawatts,2026-06-21T19:10:01.199571+00:00,431108.4
2020,United States,US,GEO,Geothermal,megawatts,2026-06-21T19:10:01.199571+00:00,5143.8
2020,United States,US,HYC,Hydroelectric,megawatts,2026-06-21T19:10:01.199571+00:00,159848.6
2020,United States,US,NG,Natural Gas,megawatts,2026-06-21T19:10:01.199571+00:00,971614.4
2020,United States,US,NGCC,Natural Gas - CC,megawatts,2026-06-21T19:10:01.199571+00:00,552474.0
2020,United States,US,NGGT,Natural Gas - GT,megawatts,2026-06-21T19:10:01.199571+00:00,258241.8
2020,United States,US,NGIC,Natural Gas - IC,megawatts,2026-06-21T19:10:01.199571+00:00,10350.2
2020,United States,US,NGOTH,Natural Gas - OTH,megawatts,2026-06-21T19:10:01.199571+00:00,712.4000000000001
2020,United States,US,NGST,Natural Gas - ST,megawatts,2026-06-21T19:10:01.199571+00:00,149836.0
2020,United States,US,NUC,Nuclear,megawatts,2026-06-21T19:10:01.199571+00:00,193001.2
2020,United States,US,OT,Other,megawatts,2026-06-21T19:10:01.199571+00:00,3142.2
2020,United States,US,OBM,Other Biomass,megawatts,2026-06-21T19:10:01.199571+00:00,9246.599999999999
2020,United States,US,OOG,Other Gas,megawatts,2026-06-21T19:10:01.199571+00:00,4550.4
2020,United States,US,PET,Petroleum,megawatts,2026-06-21T19:10:01.199571+00:00,55140.6
2020,United States,US,PETGT,Petroleum - GT,megawatts,2026-06-21T19:10:01.199571+00:00,27443.8
2020,United States,US,PETIC,Petroleum - IC,megawatts,2026-06-21T19:10:01.199571+00:00,10592.6
2020,United States,US,PETOTH,Petroleum - OTH,megawatts,2026-06-21T19:10:01.199571+00:00,1656.4
2020,United States,US,PETST,Petroleum - ST,megawatts,2026-06-21T19:10:01.199571+00:00,15447.8
2020,United States,US,HPS,Pumped Storage,megawatts,2026-06-21T19:10:01.199571+00:00,46032.4
2020,United States,US,SOL,Solar,megawatts,2026-06-21T19:10:01.199571+00:00,96108.2
2020,United States,US,SOLPV,Solar - PV,megawatts,2026-06-21T19:10:01.199571+00:00,92612.4
2020,United States,US,SOLTH,Solar - TH,megawatts,2026-06-21T19:10:01.199571+00:00,3495.8
2020,United States,US,WND,Wind,megawatts,2026-06-21T19:10:01.199571+00:00,236757.4
2020,United States,US,WOO,Wood,megawatts,2026-06-21T19:10:01.199571+00:00,16653.0
2020,Utah,UT,COL,Coal,megawatts,2026-06-21T19:10:01.199571+00:00,9162.0
2020,Utah,UT,GEO,Geothermal,megawatts,2026-06-21T19:10:01.199571+00:00,141.4
2020,Utah,UT,HYC,Hydroelectric,megawatts,2026-06-21T19:10:01.199571+00:00,519.2
2020,Utah,UT,NG,Natural Gas,megawatts,2026-06-21T19:10:01.199571+00:00,5371.4
2020,Utah,UT,NGCC,Natural Gas - CC,megawatts,2026-06-21T19:10:01.199571+00:00,3660.0
2020,Utah,UT,NGGT,Natural Gas - GT,megawatts,2026-06-21T19:10:01.199571+00:00,1074.6
2020,Utah,UT,NGIC,Natural Gas - IC,megawatts,2026-06-21T19:10:01.199571+00:00,161.8
2020,Utah,UT,NGST,Natural Gas - ST,megawatts,2026-06-21T19:10:01.199571+00:00,475.0
2020,Utah,UT,OT,Other,megawatts,2026-06-21T19:10:01.199571+00:00,80.4
2020,Utah,UT,OBM,Other Biomass,megawatts,2026-06-21T19:10:01.199571+00:00,25.6
2020,Utah,UT,PET,Petroleum,megawatts,2026-06-21T19:10:01.199571+00:00,55.6
2020,Utah,UT,PETIC,Petroleum - IC,megawatts,2026-06-21T19:10:01.199571+00:00,55.6
2020,Utah,UT,SOL,Solar,megawatts,2026-06-21T19:10:01.199571+00:00,2391.4
2020,Utah,UT,SOLPV,Solar - PV,megawatts,2026-06-21T19:10:01.199571+00:00,2391.4
2020,Utah,UT,WND,Wind,megawatts,2026-06-21T19:10:01.199571+00:00,779.4
2020,Vermont,VT,BAT,Battery,megawatts,2026-06-21T19:10:01.199571+00:00,21.8
2020,Vermont,VT,HYC,Hydroelectric,megawatts,2026-06-21T19:10:01.199571+00:00,662.6
2020,Vermont,VT,OBM,Other Biomass,megawatts,2026-06-21T19:10:01.199571+00:00,18.2
2020,Vermont,VT,PET,Petroleum,megawatts,2026-06-21T19:10:01.199571+00:00,261.2
2020,Vermont,VT,PETGT,Petroleum - GT,megawatts,2026-06-21T19:10:01.199571+00:00,238.8
2020,Vermont,VT,PETIC,Petroleum - IC,megawatts,2026-06-21T19:10:01.199571+00:00,22.4
2020,Vermont,VT,SOL,Solar,megawatts,2026-06-21T19:10:01.199571+00:00,247.4
2020,Vermont,VT,SOLPV,Solar - PV,megawatts,2026-06-21T19:10:01.199571+00:00,247.4
2020,Vermont,VT,WND,Wind,megawatts,2026-06-21T19:10:01.199571+00:00,300.4
2020,Vermont,VT,WOO,Wood,megawatts,2026-06-21T19:10:01.199571+00:00,145.4
2020,Virginia,VA,COL,Coal,megawatts,2026-06-21T19:10:01.199571+00:00,5757.4
2020,Virginia,VA,HYC,Hydroelectric,megawatts,2026-06-21T19:10:01.199571+00:00,1732.0
2020,Virginia,VA,NG,Natural Gas,megawatts,2026-06-21T19:10:01.199571+00:00,28984.2
2020,Virginia,VA,NGCC,Natural Gas - CC,megawatts,2026-06-21T19:10:01.199571+00:00,17754.2
2020,Virginia,VA,NGGT,Natural Gas - GT,megawatts,2026-06-21T19:10:01.199571+00:00,8490.6
2020,Virginia,VA,NGIC,Natural Gas - IC,megawatts,2026-06-21T19:10:01.199571+00:00,2.6
2020,Virginia,VA,NGST,Natural Gas - ST,megawatts,2026-06-21T19:10:01.199571+00:00,2736.8
2020,Virginia,VA,NUC,Nuclear,megawatts,2026-06-21T19:10:01.199571+00:00,7136.0
2020,Virginia,VA,OT,Other,megawatts,2026-06-21T19:10:01.199571+00:00,192.0
2020,Virginia,VA,OBM,Other Biomass,megawatts,2026-06-21T19:10:01.199571+00:00,618.6
2020,Virginia,VA,PET,Petroleum,megawatts,2026-06-21T19:10:01.199571+00:00,1521.8
2020,Virginia,VA,PETGT,Petroleum - GT,megawatts,2026-06-21T19:10:01.199571+00:00,1242.2
2020,Virginia,VA,PETIC,Petroleum - IC,megawatts,2026-06-21T19:10:01.199571+00:00,279.6
2020,Virginia,VA,HPS,Pumped Storage,megawatts,2026-06-21T19:10:01.199571+00:00,6482.0
2020,Virginia,VA,SOL,Solar,megawatts,2026-06-21T19:10:01.199571+00:00,2470.0
2020,Virginia,VA,SOLPV,Solar - PV,megawatts,2026-06-21T19:10:01.199571+00:00,2470.0
2020,Virginia,VA,WOO,Wood,megawatts,2026-06-21T19:10:01.199571+00:00,991.2
2020,Washington,WA,BAT,Battery,megawatts,2026-06-21T19:10:01.199571+00:00,10.0
2020,Washington,WA,COL,Coal,megawatts,2026-06-21T19:10:01.199571+00:00,1340.0
2020,Washington,WA,HYC,Hydroelectric,megawatts,2026-06-21T19:10:01.199571+00:00,42689.2
2020,Washington,WA,NG,Natural Gas,megawatts,2026-06-21T19:10:01.199571+00:00,6772.8
2020,Washington,WA,NGCC,Natural Gas - CC,megawatts,2026-06-21T19:10:01.199571+00:00,5271.2
2020,Washington,WA,NGGT,Natural Gas - GT,megawatts,2026-06-21T19:10:01.199571+00:00,1438.4
2020,Washington,WA,NGIC,Natural Gas - IC,megawatts,2026-06-21T19:10:01.199571+00:00,53.2
2020,Washington,WA,NGST,Natural Gas - ST,megawatts,2026-06-21T19:10:01.199571+00:00,10.0
2020,Washington,WA,NUC,Nuclear,megawatts,2026-06-21T19:10:01.199571+00:00,2302.0
2020,Washington,WA,OBM,Other Biomass,megawatts,2026-06-21T19:10:01.199571+00:00,147.4
2020,Washington,WA,PET,Petroleum,megawatts,2026-06-21T19:10:01.199571+00:00,30.4
2020,Washington,WA,PETIC,Petroleum - IC,megawatts,2026-06-21T19:10:01.199571+00:00,30.4
2020,Washington,WA,HPS,Pumped Storage,megawatts,2026-06-21T19:10:01.199571+00:00,628.0
2020,Washington,WA,SOL,Solar,megawatts,2026-06-21T19:10:01.199571+00:00,46.8
2020,Washington,WA,SOLPV,Solar - PV,megawatts,2026-06-21T19:10:01.199571+00:00,46.8
2020,Washington,WA,WND,Wind,megawatts,2026-06-21T19:10:01.199571+00:00,6749.8
2020,Washington,WA,WOO,Wood,megawatts,2026-06-21T19:10:01.199571+00:00,621.4
2020,West Virginia,WV,BAT,Battery,megawatts,2026-06-21T19:10:01.199571+00:00,99.0
2020,West Virginia,WV,COL,Coal,megawatts,2026-06-21T19:10:01.199571+00:00,25136.0
2020,West Virginia,WV,HYC,Hydroelectric,megawatts,2026-06-21T19:10:01.199571+00:00,681.6
2020,West Virginia,WV,NG,Natural Gas,megawatts,2026-06-21T19:10:01.199571+00:00,2410.2
2020,West Virginia,WV,NGGT,Natural Gas - GT,megawatts,2026-06-21T19:10:01.199571+00:00,2179.2
2020,West Virginia,WV,NGST,Natural Gas - ST,megawatts,2026-06-21T19:10:01.199571+00:00,231.0
2020,West Virginia,WV,OBM,Other Biomass,megawatts,2026-06-21T19:10:01.199571+00:00,6.4
2020,West Virginia,WV,PET,Petroleum,megawatts,2026-06-21T19:10:01.199571+00:00,22.0
2020,West Virginia,WV,PETGT,Petroleum - GT,megawatts,2026-06-21T19:10:01.199571+00:00,22.0
2020,West Virginia,WV,WND,Wind,megawatts,2026-06-21T19:10:01.199571+00:00,1485.0
2020,Wisconsin,WI,COL,Coal,megawatts,2026-06-21T19:10:01.199571+00:00,11174.400000000001
2020,Wisconsin,WI,HYC,Hydroelectric,megawatts,2026-06-21T19:10:01.199571+00:00,821.2
2020,Wisconsin,WI,NG,Natural Gas,megawatts,2026-06-21T19:10:01.199571+00:00,14836.6
2020,Wisconsin,WI,NGCC,Natural Gas - CC,megawatts,2026-06-21T19:10:01.199571+00:00,7077.8
2020,Wisconsin,WI,NGGT,Natural Gas - GT,megawatts,2026-06-21T19:10:01.199571+00:00,6488.8
2020,Wisconsin,WI,NGIC,Natural Gas - IC,megawatts,2026-06-21T19:10:01.199571+00:00,43.8
2020,Wisconsin,WI,NGST,Natural Gas - ST,megawatts,2026-06-21T19:10:01.199571+00:00,1226.2
2020,Wisconsin,WI,NUC,Nuclear,megawatts,2026-06-21T19:10:01.199571+00:00,2394.2
2020,Wisconsin,WI,OT,Other,megawatts,2026-06-21T19:10:01.199571+00:00,17.2
2020,Wisconsin,WI,OBM,Other Biomass,megawatts,2026-06-21T19:10:01.199571+00:00,186.8
2020,Wisconsin,WI,PET,Petroleum,megawatts,2026-06-21T19:10:01.199571+00:00,1279.6
2020,Wisconsin,WI,PETGT,Petroleum - GT,megawatts,2026-06-21T19:10:01.199571+00:00,752.6
2020,Wisconsin,WI,PETIC,Petroleum - IC,megawatts,2026-06-21T19:10:01.199571+00:00,410.2
2020,Wisconsin,WI,PETST,Petroleum - ST,megawatts,2026-06-21T19:10:01.199571+00:00,116.8
2020,Wisconsin,WI,SOL,Solar,megawatts,2026-06-21T19:10:01.199571+00:00,416.4
2020,Wisconsin,WI,SOLPV,Solar - PV,megawatts,2026-06-21T19:10:01.199571+00:00,416.4
2020,Wisconsin,WI,WND,Wind,megawatts,2026-06-21T19:10:01.199571+00:00,1448.8
2020,Wisconsin,WI,WOO,Wood,megawatts,2026-06-21T19:10:01.199571+00:00,512.4
2020,Wyoming,WY,COL,Coal,megawatts,2026-06-21T19:10:01.199571+00:00,12138.0
2020,Wyoming,WY,HYC,Hydroelectric,megawatts,2026-06-21T19:10:01.199571+00:00,614.2
2020,Wyoming,WY,NG,Natural Gas,megawatts,2026-06-21T19:10:01.199571+00:00,1208.4
2020,Wyoming,WY,NGCC,Natural Gas - CC,megawatts,2026-06-21T19:10:01.199571+00:00,188.0
2020,Wyoming,WY,NGGT,Natural Gas - GT,megawatts,2026-06-21T19:10:01.199571+00:00,504.6
2020,Wyoming,WY,NGIC,Natural Gas - IC,megawatts,2026-06-21T19:10:01.199571+00:00,21.8
2020,Wyoming,WY,NGST,Natural Gas - ST,megawatts,2026-06-21T19:10:01.199571+00:00,494.0
2020,Wyoming,WY,OT,Other,megawatts,2026-06-21T19:10:01.199571+00:00,24.8
2020,Wyoming,WY,OOG,Other Gas,megawatts,2026-06-21T19:10:01.199571+00:00,6.6
2020,Wyoming,WY,PET,Petroleum,megawatts,2026-06-21T19:10:01.199571+00:00,11.6
2020,Wyoming,WY,PETIC,Petroleum - IC,megawatts,2026-06-21T19:10:01.199571+00:00,11.6
2020,Wyoming,WY,SOL,Solar,megawatts,2026-06-21T19:10:01.199571+00:00,184.0
2020,Wyoming,WY,SOLPV,Solar - PV,megawatts,2026-06-21T19:10:01.199571+00:00,184.0
2020,Wyoming,WY,WND,Wind,megawatts,2026-06-21T19:10:01.199571+00:00,5009.8
